,Date,Prob,Label,Symbol
0,2024-05-23,0.48900345,1,KDP
1,2024-04-29,0.46102786,1,CTLT
2,2024-04-09,0.5875426,-1,CFG
3,2024-03-28,0.30288067,-1,OTIS
4,2024-05-13,0.12509027,1,AES
5,2024-04-18,0.39292595,1,CDW
6,2024-04-15,0.49492246,1,VRTX
7,2024-04-23,0.52277946,-1,CBRE
8,2024-04-08,0.44703758,-1,ALB
9,2024-04-19,0.46690592,1,CRWD
10,2024-05-16,0.3918786,1,J
11,2024-04-05,0.3437382,-1,HPQ
12,2024-04-10,0.5664982,1,CB
13,2024-04-25,0.29077628,-1,NEM
14,2024-05-15,0.49653503,-1,CPT
15,2024-04-09,0.54066634,-1,SWKS
16,2024-05-02,0.498925,1,GEHC
17,2024-04-25,0.3561017,-1,IPG
18,2024-04-04,0.23064585,-1,ROP
19,2024-05-08,0.51686525,-1,PH
20,2024-04-25,0.5408462,-1,ACN
21,2024-04-22,0.53392786,-1,ITW
22,2024-04-18,0.41416398,-1,PKG
23,2024-04-02,0.47039077,1,DLR
24,2024-04-05,0.48138788,1,COST
25,2024-05-23,0.13224871,-1,EMR
26,2024-05-14,0.572459,-1,FAST
27,2024-04-05,0.23240703,-1,TMO
28,2024-05-14,0.46488082,1,TRV
29,2024-04-25,0.35291258,1,EIX
30,2024-04-16,0.51620907,1,ITW
31,2024-04-12,0.59224427,-1,APTV
32,2024-05-01,0.4292664,1,AMCR
33,2024-05-21,0.65567887,-1,MGM
34,2024-04-29,0.48958892,1,O
35,2024-05-15,0.6101595,-1,VTRS
36,2024-05-03,0.49311268,1,HSIC
37,2024-05-08,0.5781743,1,MCD
38,2024-05-22,0.48257342,-1,HRL
39,2024-05-20,0.22374974,-1,COF
40,2024-04-04,0.60849696,-1,XEL
41,2024-04-22,0.5076148,-1,CTAS
42,2024-04-29,0.39690897,1,CPRT
43,2024-04-04,0.5158293,-1,ABNB
44,2024-04-24,0.58480597,1,EG
45,2024-05-22,0.35566097,-1,CARR
46,2024-05-06,0.40600386,1,BKNG
47,2024-04-30,0.5092507,-1,EQIX
48,2024-04-30,0.49874315,1,ADM
49,2024-05-22,0.53339124,1,CHTR
50,2024-04-23,0.58289737,-1,PNC
51,2024-04-22,0.39983264,1,CARR
52,2024-05-09,0.4964638,1,TECH
53,2024-05-13,0.5523008,1,CBRE
54,2024-05-06,0.47692302,1,WAT
55,2024-05-13,0.3968078,-1,KVUE
56,2024-04-22,0.28363577,-1,TSN
57,2024-03-28,0.53189033,-1,CVS
58,2024-04-24,0.6395028,-1,WYNN
59,2024-05-01,0.48614287,1,AAL
60,2024-03-28,0.46011534,1,CTRA
61,2024-04-22,0.59388256,-1,STX
62,2024-05-10,0.5775985,1,APH
63,2024-04-15,0.4027755,-1,LRCX
64,2024-04-29,0.2097073,1,ABNB
65,2024-05-13,0.42301562,1,NWSA
66,2024-05-13,0.5179016,-1,KEYS
67,2024-05-21,0.3564875,-1,TDG
68,2024-04-26,0.59628206,-1,CME
69,2024-04-15,0.54812276,1,FMC
70,2024-04-11,0.4770772,1,DFS
71,2024-04-05,0.42619762,-1,CHRW
72,2024-05-07,0.5140952,-1,APTV
73,2024-04-19,0.52701735,-1,EXPD
74,2024-04-29,0.5483382,1,FCX
75,2024-04-22,0.53830034,-1,AOS
76,2024-04-04,0.503418,1,PANW
77,2024-04-15,0.34077933,-1,HPQ
78,2024-05-17,0.55858606,-1,SRE
79,2024-05-08,0.7353756,1,MKTX
80,2024-05-20,0.23846471,-1,PFE
81,2024-04-30,0.49929354,1,MCHP
82,2024-04-26,0.53733724,1,MMM
83,2024-05-16,0.4319279,1,HPQ
84,2024-04-29,0.49145287,-1,CHD
85,2024-05-09,0.49900302,1,GRMN
86,2024-04-17,0.57445943,1,ADI
87,2024-04-19,0.3707261,-1,AJG
88,2024-04-24,0.46118093,1,VST
89,2024-04-03,0.51169264,-1,DVA
90,2024-05-01,0.45882934,1,XYL
91,2024-04-09,0.6992655,-1,ISRG
92,2024-05-10,0.55833113,1,MCO
93,2024-04-10,0.3925779,-1,FIS
94,2024-05-09,0.51660675,-1,TT
95,2024-05-01,0.4676649,1,RL
96,2024-04-22,0.54372865,-1,IBM
97,2024-05-09,0.45848337,1,WELL
98,2024-05-02,0.4026666,1,ARE
99,2024-04-15,0.51171196,-1,EXPD
100,2024-04-09,0.56866163,-1,SRE
101,2024-04-11,0.30759522,-1,INVH
102,2024-04-01,0.65391505,1,ADI
103,2024-05-21,0.6924349,-1,UDR
104,2024-05-01,0.4570034,1,TGT
105,2024-04-15,0.47555545,-1,LVS
106,2024-04-05,0.48787114,-1,RTX
107,2024-05-09,0.2623351,1,YUM
108,2024-04-09,0.6134108,-1,DVA
109,2024-04-22,0.40055406,-1,NWSA
110,2024-04-05,0.58768123,-1,KIM
111,2024-05-20,0.4409233,-1,DLR
112,2024-05-15,0.52628344,1,LIN
113,2024-05-06,0.5076309,1,AMP
114,2024-05-06,0.4571019,1,WFC
115,2024-05-16,0.4656709,-1,MRK
116,2024-05-03,0.6104202,-1,ROK
117,2024-05-01,0.37485045,1,MSFT
118,2024-05-08,0.4799795,-1,DVN
119,2024-05-22,0.5451707,1,CMCSA
120,2024-05-07,0.33433995,-1,AXON
121,2024-04-15,0.45211092,1,O
122,2024-03-28,0.61253697,-1,NI
123,2024-04-09,0.25664282,-1,MTCH
124,2024-04-17,0.47917718,1,MCD
125,2024-04-26,0.6802122,1,FMC
126,2024-05-01,0.4290923,1,RF
127,2024-04-19,0.3721293,1,CTRA
128,2024-05-06,0.34778008,1,BLK
129,2024-05-21,0.5417932,-1,AON
130,2024-04-25,0.44178703,-1,HSIC
131,2024-04-09,0.6215688,1,KDP
132,2024-05-22,0.59132683,1,FAST
133,2024-04-11,0.46858242,-1,APH
134,2024-04-12,0.21177049,-1,ON
135,2024-04-08,0.4444519,-1,HD
136,2024-05-15,0.55922705,1,APD
137,2024-04-24,0.5130784,1,MRNA
138,2024-04-11,0.45675927,-1,PHM
139,2024-05-07,0.49144408,-1,AKAM
140,2024-05-07,0.44456732,1,PG
141,2024-04-08,0.5327045,-1,WTW
142,2024-04-18,0.29139858,1,AVY
143,2024-04-17,0.41154796,1,PEG
144,2024-05-16,0.3844533,-1,BEN
145,2024-05-08,0.5067474,-1,NUE
146,2024-04-30,0.5064581,1,AIG
147,2024-05-06,0.5095981,-1,TGT
148,2024-04-19,0.41035828,1,HSIC
149,2024-04-05,0.3891028,-1,NRG
150,2024-05-01,0.5343381,1,ON
151,2024-04-16,0.66408885,-1,SNPS
152,2024-05-03,0.57092565,1,BDX
153,2024-04-16,0.5070867,1,RCL
154,2024-04-23,0.5250809,-1,WBD
155,2024-04-10,0.51136404,1,COR
156,2024-04-22,0.5078663,1,EQT
157,2024-05-08,0.5324267,1,PEG
158,2024-04-16,0.34522232,1,MKTX
159,2024-04-22,0.56117773,1,AWK
160,2024-05-22,0.21317944,1,AES
161,2024-05-20,0.52705365,-1,NEM
162,2024-04-05,0.43677223,-1,IRM
163,2024-04-02,0.5205912,-1,VZ
164,2024-05-14,0.5186524,-1,AOS
165,2024-04-30,0.2943771,1,UNH
166,2024-05-22,0.60921234,-1,ADBE
167,2024-05-06,0.48843488,1,CTRA
168,2024-05-15,0.44857973,-1,ALL
169,2024-04-05,0.521739,-1,REG
170,2024-04-23,0.4234557,-1,DTE
171,2024-05-15,0.5265708,-1,CBRE
172,2024-04-17,0.4573139,1,FANG
173,2024-05-07,0.5118083,1,ETR
174,2024-05-03,0.5134428,-1,DVA
175,2024-04-01,0.5298549,1,NEE
176,2024-05-14,0.55331373,-1,IDXX
177,2024-05-21,0.48646605,1,GRMN
178,2024-04-08,0.48461992,-1,FMC
179,2024-05-09,0.42747387,1,GDDY
180,2024-03-28,0.4249354,-1,ADBE
181,2024-04-05,0.36640725,-1,RMD
182,2024-05-16,0.46646655,1,VST
183,2024-04-12,0.3546514,1,EQIX
184,2024-04-18,0.33936748,1,TSN
185,2024-05-13,0.45517647,1,CARR
186,2024-05-08,0.48145896,1,BALL
187,2024-05-22,0.66655827,1,BK
188,2024-04-17,0.40838867,-1,RJF
189,2024-04-04,0.46291068,-1,XYL
190,2024-05-17,0.59089345,-1,AXON
191,2024-04-17,0.4155548,1,CBOE
192,2024-04-23,0.6454492,-1,MCD
193,2024-05-10,0.5546085,1,EXPE
194,2024-05-03,0.44711685,1,LIN
195,2024-04-09,0.4890542,-1,ACN
196,2024-05-23,0.41056722,1,PPL
197,2024-04-05,0.522462,-1,COO
198,2024-04-29,0.5801438,-1,MCD
199,2024-04-17,0.2468323,1,CME
200,2024-04-08,0.5102837,-1,SJM
201,2024-04-23,0.51482064,-1,AOS
202,2024-04-24,0.49357572,1,AMAT
203,2024-05-01,0.5508295,1,TTWO
204,2024-04-16,0.63764703,1,BLK
205,2024-05-01,0.48206005,-1,GPC
206,2024-04-09,0.5100666,-1,CBOE
207,2024-05-23,0.4773224,1,DHI
208,2024-05-03,0.47060943,-1,DIS
209,2024-05-06,0.52191114,-1,CRM
210,2024-05-02,0.3478215,1,INTU
211,2024-04-03,0.43925172,1,GRMN
212,2024-05-23,0.49038175,-1,STE
213,2024-05-09,0.426334,-1,META
214,2024-03-28,0.49932393,1,FIS
215,2024-04-29,0.616319,1,AES
216,2024-04-19,0.49509382,1,CEG
217,2024-03-28,0.40424773,-1,JBHT
218,2024-05-17,0.51501596,-1,FDS
219,2024-04-03,0.3594207,-1,ULTA
220,2024-04-11,0.34347257,-1,MAA
221,2024-05-07,0.52118653,-1,K
222,2024-05-03,0.5000787,1,UPS
223,2024-05-06,0.4054991,-1,CE
224,2024-04-30,0.5976164,-1,CSGP
225,2024-04-18,0.4427252,1,CSGP
226,2024-05-08,0.5654402,1,ETSY
227,2024-05-03,0.55975866,1,SHW
228,2024-04-24,0.5463311,1,WST
229,2024-05-09,0.52928895,1,ZBRA
230,2024-04-09,0.59999055,-1,BDX
231,2024-05-09,0.49492693,-1,ES
232,2024-05-09,0.51258343,-1,MLM
233,2024-04-15,0.35349885,-1,TTWO
234,2024-05-09,0.37457737,1,AVGO
235,2024-05-13,0.51543295,-1,BWA
236,2024-04-05,0.50026304,-1,PCAR
237,2024-04-24,0.565443,-1,JNPR
238,2024-05-21,0.42233586,-1,DG
239,2024-05-21,0.33234602,1,LLY
240,2024-04-18,0.48811468,1,DIS
241,2024-05-17,0.53252727,-1,CPB
242,2024-04-24,0.6154001,-1,IDXX
243,2024-04-02,0.5411047,-1,MGM
244,2024-04-19,0.3044171,1,CDW
245,2024-04-12,0.49961117,-1,CSCO
246,2024-05-06,0.5066413,-1,ACGL
247,2024-04-22,0.45004597,-1,HIG
248,2024-04-01,0.46624976,1,MPWR
249,2024-05-14,0.42661825,-1,OMC
250,2024-04-18,0.40491873,-1,AJG
251,2024-04-26,0.4987385,-1,HAS
252,2024-05-15,0.5418623,-1,PSA
253,2024-04-26,0.35045117,-1,CVX
254,2024-04-15,0.42570564,1,CME
255,2024-04-22,0.53492963,1,ECL
256,2024-04-17,0.4551523,1,FICO
257,2024-04-26,0.34945238,1,CB
258,2024-04-05,0.51601636,-1,ADI
259,2024-04-08,0.4521923,-1,MAR
260,2024-04-24,0.57401294,1,META
261,2024-04-23,0.50164527,-1,PFG
262,2024-04-05,0.5267556,-1,CNP
263,2024-04-15,0.56150013,1,AAL
264,2024-05-06,0.5699362,1,IDXX
265,2024-04-05,0.53816617,-1,ZTS
266,2024-04-25,0.3561761,1,CL
267,2024-04-09,0.57057875,1,AOS
268,2024-04-18,0.4215518,1,QRVO
269,2024-05-15,0.4831935,-1,HD
270,2024-04-10,0.55293137,-1,BAX
271,2024-05-02,0.38382763,1,HES
272,2024-04-08,0.5005627,-1,DAY
273,2024-05-23,0.52437747,-1,ADBE
274,2024-03-28,0.53569466,1,EXC
275,2024-04-12,0.3905795,1,V
276,2024-04-03,0.4159254,1,XOM
277,2024-04-22,0.40145034,-1,PM
278,2024-04-22,0.5289823,1,MCK
279,2024-04-04,0.6512184,1,UDR
280,2024-05-09,0.36466452,-1,POOL
281,2024-05-23,0.40484113,-1,ETN
282,2024-04-26,0.5314705,1,UHS
283,2024-04-26,0.46077824,-1,ALGN
284,2024-04-05,0.5024751,-1,AWK
285,2024-04-08,0.45887017,-1,LIN
286,2024-05-15,0.5619298,1,APH
287,2024-04-11,0.41689408,-1,HLT
288,2024-04-02,0.46606386,1,CAG
289,2024-05-23,0.45803288,-1,GEN
290,2024-04-04,0.6126714,-1,NDSN
291,2024-05-14,0.5042969,1,HPQ
292,2024-05-06,0.4750999,-1,VTRS
293,2024-05-10,0.48453778,1,CBRE
294,2024-04-24,0.48310634,-1,ETSY
295,2024-05-07,0.6782185,1,MS
296,2024-04-24,0.3944349,-1,LOW
297,2024-04-23,0.5912311,-1,SBAC
298,2024-04-12,0.4349723,-1,PNR
299,2024-04-08,0.5116119,-1,CINF
300,2024-04-04,0.4088499,-1,HPE
301,2024-04-11,0.3821035,-1,BWA
302,2024-05-13,0.6279289,-1,CMCSA
303,2024-05-23,0.45448127,1,UAL
304,2024-04-03,0.46862835,1,GOOGL
305,2024-04-30,0.58670145,1,BKNG
306,2024-04-24,0.43365338,-1,MAR
307,2024-05-01,0.33212265,1,TSCO
308,2024-05-15,0.6304209,-1,BXP
309,2024-05-02,0.51508814,-1,ALGN
310,2024-04-11,0.39196464,1,TSN
311,2024-05-07,0.68822354,1,SNA
312,2024-05-09,0.5091483,1,KEYS
313,2024-04-18,0.3878667,1,WM
314,2024-05-23,0.4572646,1,IRM
315,2024-05-01,0.39410663,1,FDX
316,2024-05-10,0.22103132,1,GNRC
317,2024-04-05,0.39015767,-1,VMC
318,2024-05-14,0.5459832,1,IT
319,2024-05-13,0.41793552,1,HII
320,2024-03-28,0.5160531,-1,AOS
321,2024-04-18,0.21390882,1,CARR
322,2024-05-07,0.5430979,1,GEN
323,2024-05-22,0.49962506,-1,ACN
324,2024-04-05,0.4666747,-1,NDSN
325,2024-05-07,0.5180274,1,FOX
326,2024-04-26,0.50665265,1,APTV
327,2024-04-30,0.42173353,1,SCHW
328,2024-05-03,0.57341456,-1,J
329,2024-04-30,0.58151954,1,WBD
330,2024-04-17,0.51875,1,DLR
331,2024-05-15,0.24855357,-1,CTVA
332,2024-05-02,0.44216368,1,RVTY
333,2024-05-07,0.3957759,1,BXP
334,2024-05-01,0.4693361,1,GEN
335,2024-05-14,0.4605206,-1,COO
336,2024-05-10,0.48982045,1,ELV
337,2024-04-08,0.35137558,-1,TER
338,2024-04-16,0.63304496,1,DHI
339,2024-05-14,0.55229,1,CSX
340,2024-04-30,0.50807774,1,AMD
341,2024-04-03,0.49705148,-1,LNT
342,2024-05-15,0.5111919,-1,EQR
343,2024-04-19,0.5201166,1,CTVA
344,2024-05-01,0.47751626,1,NEE
345,2024-05-03,0.5506567,1,FTNT
346,2024-05-02,0.46333236,-1,CTRA
347,2024-04-02,0.51521856,1,GDDY
348,2024-04-08,0.6039374,-1,LUV
349,2024-05-17,0.5273065,-1,EOG
350,2024-04-19,0.3653592,1,MAA
351,2024-05-14,0.532435,-1,LVS
352,2024-04-03,0.70147026,-1,OMC
353,2024-04-08,0.49597883,-1,AAL
354,2024-05-15,0.6738281,-1,TFX
355,2024-05-03,0.5650286,1,LW
356,2024-04-25,0.50808954,-1,HPE
357,2024-05-10,0.6674083,-1,GPC
358,2024-04-01,0.52955514,1,REG
359,2024-05-02,0.5323867,1,HD
360,2024-04-18,0.46260822,1,MA
361,2024-04-08,0.43527377,-1,TMO
362,2024-05-06,0.4657246,1,NVDA
363,2024-04-08,0.5189785,-1,BKR
364,2024-05-14,0.6669746,1,JKHY
365,2024-05-09,0.5466785,1,GEN
366,2024-04-26,0.4764761,-1,CMI
367,2024-05-21,0.56260383,-1,PCAR
368,2024-04-25,0.6261307,-1,ITW
369,2024-05-06,0.42968804,-1,ALGN
370,2024-04-02,0.59166735,1,CTLT
371,2024-05-03,0.31918272,-1,DXCM
372,2024-05-13,0.42869467,1,FIS
373,2024-05-23,0.47921026,1,WMB
374,2024-04-11,0.5884191,1,AIG
375,2024-04-29,0.46783245,-1,DRI
376,2024-05-21,0.8069728,-1,AIG
377,2024-04-29,0.6015325,1,CMI
378,2024-03-28,0.434324,1,PAYC
379,2024-05-15,0.63599116,-1,SMCI
380,2024-05-21,0.45464224,-1,HAL
381,2024-04-01,0.47318292,-1,PG
382,2024-05-06,0.5663643,-1,TAP
383,2024-04-15,0.41797122,1,DHI
384,2024-05-23,0.6970363,-1,CE
385,2024-05-22,0.6140744,-1,JNJ
386,2024-03-28,0.37537497,-1,MCHP
387,2024-04-18,0.3971793,1,MDT
388,2024-05-10,0.49482408,1,IQV
389,2024-05-07,0.45872748,1,TSCO
390,2024-05-20,0.5397715,-1,BR
391,2024-04-10,0.46783707,-1,VRSK
392,2024-05-07,0.41302386,1,LRCX
393,2024-04-02,0.48461565,-1,J
394,2024-04-23,0.40423352,-1,FFIV
395,2024-04-05,0.46797293,-1,ANET
396,2024-05-15,0.3949583,-1,DXCM
397,2024-05-06,0.26971817,-1,INVH
398,2024-05-08,0.40460467,-1,CHD
399,2024-04-11,0.53667206,-1,NWSA
400,2024-05-15,0.5367909,-1,AKAM
401,2024-05-10,0.48638177,1,DVN
402,2024-05-17,0.4843718,-1,IR
403,2024-05-20,0.4911405,-1,APH
404,2024-05-01,0.44296232,1,KMB
405,2024-04-09,0.45293647,-1,AME
406,2024-04-30,0.17616831,1,MS
407,2024-05-23,0.5258887,1,PRU
408,2024-05-14,0.5675952,-1,RJF
409,2024-04-16,0.39859638,1,WAT
410,2024-04-25,0.4754791,-1,PWR
411,2024-04-15,0.44124952,1,AVY
412,2024-04-08,0.47249943,-1,AVY
413,2024-05-16,0.5298515,-1,PAYX
414,2024-04-09,0.5661882,-1,PANW
415,2024-05-02,0.4016676,1,STE
416,2024-05-03,0.35671017,1,AMP
417,2024-04-04,0.58697623,-1,SLB
418,2024-05-10,0.40015295,1,TMUS
419,2024-04-16,0.44801325,1,ADI
420,2024-04-25,0.48499063,-1,GOOGL
421,2024-04-25,0.07470198,-1,BAX
422,2024-04-08,0.44608086,-1,RVTY
423,2024-05-01,0.55154353,1,HD
424,2024-03-28,0.42071137,1,HAL
425,2024-04-15,0.5473447,1,COF
426,2024-05-15,0.4646062,-1,JNJ
427,2024-04-11,0.58654445,-1,ISRG
428,2024-05-13,0.45831364,1,AXP
429,2024-03-28,0.4560803,-1,MO
430,2024-04-15,0.42215204,1,CAG
431,2024-05-23,0.454263,1,D
432,2024-05-02,0.533775,1,BLK
433,2024-05-07,0.4374884,1,T
434,2024-04-01,0.8363494,-1,IDXX
435,2024-04-29,0.69413996,-1,HST
436,2024-04-16,0.5928122,1,LHX
437,2024-05-16,0.35875365,-1,CZR
438,2024-04-30,0.45320094,1,BSX
439,2024-04-19,0.36465687,1,CF
440,2024-05-09,0.40585393,-1,FANG
441,2024-04-22,0.08899548,1,GL
442,2024-05-02,0.5790681,1,VRSN
443,2024-04-03,0.7314305,-1,CTSH
444,2024-04-02,0.47659397,1,MAR
445,2024-04-25,0.15161537,-1,ICE
446,2024-05-07,0.60264677,-1,CLX
447,2024-05-06,0.46407783,1,COO
448,2024-05-03,0.5319663,-1,DHI
449,2024-04-16,0.39924654,1,LH
450,2024-05-14,0.72622657,-1,CFG
451,2024-05-07,0.3880904,-1,BAX
452,2024-05-08,0.5010778,1,WM
453,2024-04-09,0.41575906,1,PARA
454,2024-05-09,0.2519971,-1,AWK
455,2024-04-17,0.37393662,1,HRL
456,2024-04-11,0.6381028,1,CF
457,2024-04-29,0.55084187,1,AON
458,2024-04-30,0.48160082,1,CTRA
459,2024-05-09,0.41995713,-1,KHC
460,2024-05-09,0.4054727,1,AMD
461,2024-04-19,0.54547817,1,STX
462,2024-05-09,0.23706593,1,DXCM
463,2024-05-07,0.34002227,1,F
464,2024-04-10,0.39251,-1,AEP
465,2024-05-16,0.48113534,-1,CTRA
466,2024-05-16,0.34495643,1,CCL
467,2024-05-03,0.53158337,1,BEN
468,2024-04-03,0.97093046,-1,FOXA
469,2024-05-21,0.45019877,-1,KMB
470,2024-04-11,0.17824657,-1,HBAN
471,2024-04-02,0.5801242,-1,PRU
472,2024-05-15,0.54213166,1,FOX
473,2024-04-11,0.3413774,-1,UBER
474,2024-04-08,0.4298506,-1,MSFT
475,2024-05-22,0.5816758,1,BIIB
476,2024-04-02,0.45877886,-1,CAT
477,2024-05-23,0.5006965,1,IP
478,2024-04-30,0.59829533,1,NXPI
479,2024-05-06,0.14883192,1,COF
480,2024-05-08,0.5048376,-1,URI
481,2024-05-21,0.49268785,-1,OTIS
482,2024-04-26,0.44489878,-1,FDX
483,2024-04-08,0.5076565,-1,INCY
484,2024-04-01,0.5240789,1,KDP
485,2024-04-08,0.47342178,-1,BX
486,2024-04-17,0.37434608,1,EW
487,2024-04-05,0.5272613,-1,ETN
488,2024-05-10,0.5678531,-1,BMY
489,2024-04-24,0.3346117,-1,CINF
490,2024-05-13,0.16621357,1,GD
491,2024-05-21,0.6034122,-1,ZTS
492,2024-04-23,0.53680885,-1,LUV
493,2024-04-22,0.49897432,1,AMD
494,2024-05-01,0.45108274,1,CCL
495,2024-05-09,0.50519764,1,IR
496,2024-05-10,0.32905182,1,PYPL
497,2024-05-22,0.53602594,-1,LRCX
498,2024-04-03,0.5423803,1,NFLX
499,2024-05-14,0.24660228,-1,DLR
500,2024-05-21,0.47828117,-1,TFC
501,2024-04-17,0.7045656,1,ANSS
502,2024-04-17,0.37867495,1,O
503,2024-05-23,0.34018895,1,WEC
504,2024-04-24,0.17270274,-1,FOX
505,2024-04-10,0.5593369,-1,SWK
506,2024-05-08,0.64704484,1,ABT
507,2024-05-08,0.57839775,1,ROK
508,2024-04-12,0.34745356,1,ICE
509,2024-05-23,0.549559,-1,APH
510,2024-05-02,0.59299713,1,EW
511,2024-04-22,0.4042162,1,KDP
512,2024-04-03,0.5130842,-1,AJG
513,2024-05-14,0.49078068,-1,ED
514,2024-04-10,0.52932864,1,FOXA
515,2024-05-03,0.521741,1,PANW
516,2024-05-13,0.49333978,1,WMB
517,2024-05-07,0.59459627,1,JPM
518,2024-04-25,0.44752768,-1,FDX
519,2024-04-25,0.45307872,1,AMZN
520,2024-05-20,0.47276375,1,BG
521,2024-05-09,0.5911229,1,WBA
522,2024-04-08,0.46280247,-1,TXN
523,2024-05-16,0.12640248,-1,PODD
524,2024-04-23,0.5329915,1,NDSN
525,2024-05-06,0.58974075,1,OTIS
526,2024-04-04,0.41437972,-1,MGM
527,2024-05-10,0.38213384,1,MS
528,2024-04-02,0.49563053,-1,WBA
529,2024-05-22,0.5060696,-1,APH
530,2024-04-02,0.45329094,1,K
531,2024-04-29,0.5827173,1,XEL
532,2024-04-26,0.5478691,1,AAPL
533,2024-04-03,0.55024344,1,BWA
534,2024-05-16,0.5098814,-1,ROK
535,2024-04-15,0.50445193,1,DRI
536,2024-04-29,0.36149332,1,NTRS
537,2024-04-04,0.4803892,-1,KKR
538,2024-04-12,0.42985046,-1,NRG
539,2024-04-29,0.55814105,1,QCOM
540,2024-05-17,0.527031,-1,YUM
541,2024-04-26,0.38750207,-1,EOG
542,2024-05-20,0.76124835,1,DD
543,2024-04-09,0.48314273,-1,NDAQ
544,2024-05-06,0.30105892,1,CPB
545,2024-04-25,0.45282614,-1,RSG
546,2024-04-23,0.33390632,-1,DGX
547,2024-04-25,0.4681668,1,PARA
548,2024-05-23,0.35673922,1,SWK
549,2024-04-02,0.40118957,-1,NFLX
550,2024-04-10,0.5058136,-1,HLT
551,2024-04-12,0.48372102,1,VRSK
552,2024-04-03,0.4794492,-1,FAST
553,2024-05-17,0.46713725,-1,CPRT
554,2024-04-17,0.3927275,1,NSC
555,2024-03-28,0.49698275,1,CMI
556,2024-04-23,0.54454553,-1,WAB
557,2024-05-15,0.5120159,-1,PODD
558,2024-04-11,0.43832332,1,MMM
559,2024-05-07,0.18852356,1,DXCM
560,2024-04-04,0.5476614,-1,HON
561,2024-03-28,0.35750696,-1,EQT
562,2024-05-15,0.45013314,1,CDNS
563,2024-05-13,0.5043021,1,MO
564,2024-04-25,0.5122607,-1,PH
565,2024-04-11,0.38155508,1,OKE
566,2024-04-15,0.4489206,1,BKNG
567,2024-05-21,0.49052727,-1,NUE
568,2024-04-30,0.56926876,1,CSX
569,2024-05-08,0.46241397,1,AJG
570,2024-04-11,0.4284821,-1,EXPE
571,2024-04-17,0.3519096,1,CPB
572,2024-04-04,0.430486,-1,NEE
573,2024-03-28,0.41142213,-1,BAX
574,2024-04-10,0.46836087,-1,AXON
575,2024-05-17,0.48827213,-1,KMB
576,2024-04-15,0.4583216,-1,COR
577,2024-05-07,0.50258803,1,WAB
578,2024-05-06,0.50794,-1,MKC
579,2024-05-07,0.67110485,1,SYK
580,2024-05-07,0.51245177,1,CCL
581,2024-04-16,0.42989638,1,GPN
582,2024-04-08,0.48386174,-1,CNP
583,2024-04-09,0.5034314,-1,AKAM
584,2024-05-14,0.51018643,1,CHRW
585,2024-04-23,0.49390978,-1,ITW
586,2024-05-21,0.6298566,-1,CSCO
587,2024-04-26,0.43972155,1,DXCM
588,2024-05-22,0.4578528,-1,VLTO
589,2024-05-07,0.4788184,1,ALGN
590,2024-04-10,0.44970068,-1,AMGN
591,2024-05-16,0.5484914,1,INCY
592,2024-04-25,0.43718007,1,DAL
593,2024-05-14,0.5692928,-1,COR
594,2024-05-01,0.06895045,-1,VTRS
595,2024-05-01,0.429081,1,SRE
596,2024-05-02,0.49152556,1,BAC
597,2024-05-21,0.3911328,-1,DAL
598,2024-05-22,0.5680173,1,PPG
599,2024-04-24,0.45732176,1,NRG
600,2024-05-22,0.57944286,1,COST
601,2024-04-03,0.67172855,1,EMR
602,2024-04-03,0.29290125,-1,CMS
603,2024-04-01,0.24906315,1,HAS
604,2024-05-14,0.3989379,-1,GE
605,2024-05-15,0.50428706,1,TYL
606,2024-05-10,0.52498865,-1,NRG
607,2024-04-18,0.4533905,1,CMG
608,2024-04-15,0.48990747,-1,AMAT
609,2024-05-08,0.52311504,-1,TGT
610,2024-04-29,0.49546728,-1,J
611,2024-05-20,0.46446288,-1,LHX
612,2024-04-15,0.52968997,1,MET
613,2024-05-09,0.60719776,-1,CEG
614,2024-05-21,0.47988895,-1,IBM
615,2024-05-15,0.5629764,-1,CB
616,2024-05-21,0.8589318,-1,K
617,2024-04-26,0.48568135,1,META
618,2024-04-23,0.6998312,-1,JNPR
619,2024-04-08,0.46538946,-1,CRM
620,2024-05-16,0.54725325,-1,DOC
621,2024-05-15,0.511583,-1,ED
622,2024-05-07,0.28983405,1,UDR
623,2024-04-18,0.37245342,-1,AMP
624,2024-05-10,0.38657734,1,NDAQ
625,2024-04-22,0.45353827,-1,FDX
626,2024-05-20,0.56260526,-1,CB
627,2024-05-02,0.60202676,1,SYK
628,2024-04-24,0.46742564,-1,ALGN
629,2024-05-09,0.43439212,-1,K
630,2024-05-22,0.5061415,1,DUK
631,2024-05-15,0.44502145,-1,EQT
632,2024-04-17,0.4604429,1,VTR
633,2024-04-01,0.45386183,-1,GPN
634,2024-04-24,0.43003458,-1,OXY
635,2024-04-22,0.5335485,-1,STE
636,2024-05-10,0.43845534,-1,COF
637,2024-03-28,0.442587,1,ES
638,2024-04-11,0.22582611,-1,LVS
639,2024-04-29,0.56869006,1,MOH
640,2024-04-01,0.47478625,1,PTC
641,2024-05-08,0.49582493,1,MCHP
642,2024-05-22,0.56093884,1,AAPL
643,2024-04-04,0.4682998,-1,MAR
644,2024-05-21,0.54891753,-1,TEL
645,2024-05-10,0.30095044,1,TSCO
646,2024-04-22,0.5283542,-1,VMC
647,2024-04-10,0.54804164,-1,NDAQ
648,2024-05-23,0.5880747,1,EXPE
649,2024-05-23,0.23659669,1,MCD
650,2024-04-17,0.32944676,1,SBUX
651,2024-04-18,0.2918689,-1,MOS
652,2024-04-30,0.50691986,1,PRU
653,2024-05-16,0.524631,-1,SCHW
654,2024-04-23,0.43259275,-1,BEN
655,2024-04-18,0.4493944,1,CHD
656,2024-05-14,0.33144966,-1,L
657,2024-05-06,0.36823937,1,C
658,2024-05-09,0.5104998,1,GILD
659,2024-05-02,0.567096,1,DG
660,2024-04-17,0.4442047,1,WBA
661,2024-05-14,0.47107482,-1,ANET
662,2024-05-17,0.17473087,-1,BR
663,2024-03-28,0.5312421,-1,SRE
664,2024-04-11,0.480086,-1,FICO
665,2024-04-12,0.3801139,1,JCI
666,2024-04-17,0.4277973,1,VMC
667,2024-04-16,0.55753726,-1,AMAT
668,2024-05-22,0.39204687,-1,NOW
669,2024-05-02,0.44943547,1,SYF
670,2024-05-13,0.4646782,1,HPE
671,2024-04-02,0.4044992,-1,SPG
672,2024-05-02,0.20516792,1,HPQ
673,2024-04-25,0.44743347,1,CRWD
674,2024-04-04,0.4297594,-1,IDXX
675,2024-05-08,0.44064787,-1,MLM
676,2024-05-21,0.46326587,1,QCOM
677,2024-04-03,0.6027983,1,PANW
678,2024-04-19,0.270511,1,CTLT
679,2024-04-02,0.4879357,1,GOOG
680,2024-05-20,0.655952,-1,MRK
681,2024-04-24,0.5005294,1,AEE
682,2024-04-05,0.267335,-1,HON
683,2024-05-06,0.474224,1,MOS
684,2024-05-23,0.4950384,-1,ARE
685,2024-05-15,0.3928738,-1,CCL
686,2024-04-25,0.009898784,1,NDSN
687,2024-05-17,0.44727257,-1,TFX
688,2024-03-28,0.48859635,-1,STT
689,2024-05-02,0.7142594,1,GL
690,2024-04-03,0.36269346,-1,AFL
691,2024-05-10,0.41330245,1,TYL
692,2024-05-13,0.1389796,-1,MET
693,2024-04-25,0.44883695,1,GLW
694,2024-05-09,0.62421083,1,ADP
695,2024-04-04,0.3886099,-1,MSCI
696,2024-05-10,0.54266924,1,DHI
697,2024-05-22,0.48054078,1,EXPD
698,2024-04-30,0.58761555,1,COST
699,2024-05-13,0.6178924,1,DLR
700,2024-04-30,0.69387645,1,PSA
701,2024-05-07,0.39776626,1,MGM
702,2024-05-03,0.37702483,1,DE
703,2024-05-20,0.5478746,-1,FICO
704,2024-05-21,0.5215081,-1,MCD
705,2024-04-02,0.50482404,-1,CHTR
706,2024-05-16,0.090556614,1,DG
707,2024-03-28,0.45221287,-1,SMCI
708,2024-04-01,0.53735685,-1,VST
709,2024-05-15,0.6410127,-1,HIG
710,2024-04-10,0.5743074,-1,ADI
711,2024-03-28,0.48481968,1,HAS
712,2024-04-08,0.51952904,-1,GOOGL
713,2024-05-02,0.2284721,-1,MRNA
714,2024-05-21,0.44559813,-1,NSC
715,2024-05-21,0.39764228,-1,BXP
716,2024-05-09,0.60482323,1,CME
717,2024-04-18,0.5508009,-1,RTX
718,2024-04-08,0.38050485,-1,ANET
719,2024-04-09,0.4780546,-1,VST
720,2024-04-23,0.30437982,-1,BG
721,2024-05-15,0.43803462,-1,BEN
722,2024-04-25,0.3709545,1,AEE
723,2024-05-02,0.41848233,1,ISRG
724,2024-05-08,0.623664,1,CAG
725,2024-04-04,0.49955785,-1,FE
726,2024-04-22,0.5909344,1,EXR
727,2024-05-06,0.50241643,1,CRWD
728,2024-05-14,0.41456652,1,VRSN
729,2024-04-08,0.3196969,-1,DTE
730,2024-04-26,0.4258136,-1,LRCX
731,2024-04-08,0.46261504,-1,PG
732,2024-04-25,0.40085408,-1,CDW
733,2024-04-30,0.29236722,1,CSCO
734,2024-05-03,0.32395145,1,EXC
735,2024-05-14,0.5215173,-1,ARE
736,2024-04-30,0.39275318,-1,IRM
737,2024-04-17,0.45865065,1,BWA
738,2024-05-17,0.6247493,-1,JBHT
739,2024-04-08,0.47947684,-1,ALL
740,2024-05-03,0.4377202,1,LMT
741,2024-05-08,0.6074079,-1,FAST
742,2024-04-05,0.35341802,1,LW
743,2024-03-28,0.44303983,-1,NKE
744,2024-05-15,0.565577,-1,HES
745,2024-05-06,0.39770633,1,EMR
746,2024-04-10,0.7353803,-1,CME
747,2024-05-22,0.48274094,1,BG
748,2024-05-13,0.54164815,1,PG
749,2024-04-09,0.50262624,-1,LYB
750,2024-05-23,0.47392926,1,ON
751,2024-05-16,0.46993917,-1,ANET
752,2024-05-23,0.37993288,-1,FICO
753,2024-04-24,0.41655493,1,D
754,2024-05-08,0.57799834,-1,WST
755,2024-04-11,0.5412192,-1,DOC
756,2024-04-23,0.43524122,-1,JKHY
757,2024-04-12,0.2807233,1,FITB
758,2024-05-16,0.46298933,-1,WBD
759,2024-04-03,0.47081122,1,EMN
760,2024-04-01,0.67362154,1,AXON
761,2024-05-07,0.5262606,-1,FOXA
762,2024-04-12,0.48610952,1,LYB
763,2024-04-26,0.4910163,1,TFC
764,2024-05-03,0.41027707,1,SWK
765,2024-05-06,0.45232692,1,PTC
766,2024-05-17,0.45310524,-1,PKG
767,2024-04-24,0.46365443,-1,CTAS
768,2024-05-15,0.44363353,-1,IVZ
769,2024-04-18,0.4927776,-1,TXT
770,2024-04-19,0.3454409,1,VMC
771,2024-04-15,0.4223357,1,TSN
772,2024-04-19,0.38835633,1,LYV
773,2024-04-12,0.50861573,-1,FANG
774,2024-04-22,0.5074626,-1,MAR
775,2024-03-28,0.5479093,1,INVH
776,2024-04-18,0.4235008,1,GM
777,2024-04-09,0.56802505,-1,IBM
778,2024-04-02,0.5126501,-1,CPRT
779,2024-04-03,0.38178375,-1,BAC
780,2024-04-08,0.4768764,-1,IR
781,2024-04-12,0.4711165,-1,LRCX
782,2024-05-02,0.56531686,1,KMX
783,2024-05-02,0.48039246,1,ANET
784,2024-05-20,0.55891377,-1,TGT
785,2024-04-12,0.48725602,1,LMT
786,2024-05-01,0.051022884,1,AIG
787,2024-05-22,0.6137906,1,MSI
788,2024-04-23,0.40666357,-1,USB
789,2024-05-13,0.43808618,-1,CMI
790,2024-05-22,0.28639543,1,PODD
791,2024-04-15,0.5097044,1,PGR
792,2024-05-23,0.5380904,-1,MNST
793,2024-05-14,0.44958028,-1,V
794,2024-04-22,0.5037071,1,SRE
795,2024-05-09,0.47790134,1,C
796,2024-05-13,0.5004915,1,IR
797,2024-04-12,0.13407916,-1,WY
798,2024-04-29,0.56196195,1,WTW
799,2024-04-04,0.5118403,-1,MET
800,2024-05-22,0.5479336,1,GDDY
801,2024-05-15,0.35327715,1,BKNG
802,2024-05-21,0.14058664,-1,PANW
803,2024-04-04,0.45490995,-1,TYL
804,2024-05-03,0.4743328,1,ROST
805,2024-04-23,0.6701278,1,UNP
806,2024-04-05,0.5121186,-1,NI
807,2024-04-18,0.15508749,-1,CMS
808,2024-04-02,0.49398312,1,CMG
809,2024-04-12,0.4138258,-1,DECK
810,2024-04-01,0.49168164,1,TXT
811,2024-04-10,0.66595876,1,NKE
812,2024-04-24,0.49119073,-1,MRO
813,2024-05-09,0.5721166,1,JPM
814,2024-05-03,0.5483347,1,YUM
815,2024-05-08,0.44765353,-1,ECL
816,2024-04-09,0.4671257,-1,TT
817,2024-04-25,0.5718372,1,HPQ
818,2024-04-30,0.53701574,1,FOX
819,2024-04-19,0.51387817,-1,SLB
820,2024-04-12,0.4150814,1,HRL
821,2024-04-03,0.4457912,1,ABT
822,2024-04-16,0.51739323,1,HPQ
823,2024-05-16,0.21945506,-1,FI
824,2024-04-04,0.7253175,1,MRNA
825,2024-05-02,0.60336953,1,D
826,2024-04-01,0.31451783,1,WYNN
827,2024-04-19,0.27918434,1,PCG
828,2024-04-02,0.21854205,-1,TMUS
829,2024-05-07,0.5373837,1,DRI
830,2024-05-15,0.49407732,-1,JBHT
831,2024-04-16,0.50928533,-1,EXPD
832,2024-04-05,0.5095868,-1,EQIX
833,2024-04-10,0.1933667,-1,RMD
834,2024-05-17,0.54585516,-1,LKQ
835,2024-05-06,0.500994,-1,AME
836,2024-05-08,0.43374795,-1,GEHC
837,2024-04-16,0.5479894,-1,NFLX
838,2024-04-22,0.4037223,1,EQR
839,2024-05-10,0.49685308,-1,DAL
840,2024-04-02,0.47927603,1,ABNB
841,2024-04-25,0.4714268,1,DVA
842,2024-04-01,0.5029834,1,MSCI
843,2024-04-29,0.44240347,1,T
844,2024-04-02,0.42973414,-1,CAH
845,2024-04-17,0.48607153,-1,IBM
846,2024-04-12,0.4716664,-1,RF
847,2024-04-16,0.52834153,1,ARE
848,2024-04-08,0.4544688,-1,DGX
849,2024-04-24,0.3366268,-1,PAYC
850,2024-04-26,0.50036395,1,V
851,2024-03-28,0.2427294,-1,PEP
852,2024-04-30,0.49960032,-1,DD
853,2024-04-03,0.5434456,1,CPT
854,2024-04-16,0.34142828,1,OXY
855,2024-04-25,0.45503718,-1,FI
856,2024-04-15,0.482453,1,CI
857,2024-05-01,0.55719393,1,URI
858,2024-04-26,0.5559194,1,SHW
859,2024-05-23,0.5676623,1,CMCSA
860,2024-05-15,0.5336128,1,OTIS
861,2024-05-10,0.5814347,-1,AAL
862,2024-04-25,0.43666765,1,STX
863,2024-05-22,0.5030417,1,FE
864,2024-04-30,0.44640368,1,PHM
865,2024-05-23,0.44568777,-1,PEP
866,2024-04-15,0.41601855,1,AES
867,2024-04-02,0.4581692,1,A
868,2024-04-09,0.7490037,-1,WMT
869,2024-05-02,0.4851775,1,BG
870,2024-04-04,0.6265667,-1,RF
871,2024-04-01,0.41370997,-1,AMP
872,2024-04-04,0.38008136,-1,VRSN
873,2024-04-24,0.45961186,-1,LMT
874,2024-04-11,0.3961901,1,VLTO
875,2024-04-16,0.48110965,1,VTRS
876,2024-04-18,0.5426206,-1,BG
877,2024-04-17,0.48342282,-1,VZ
878,2024-05-17,0.3522837,-1,MLM
879,2024-04-24,0.4483785,1,MAA
880,2024-05-08,0.42381346,1,AMD
881,2024-04-04,0.55721605,-1,EIX
882,2024-03-28,0.44203845,1,DOW
883,2024-05-03,0.5774426,1,WMB
884,2024-05-07,0.42717275,1,SCHW
885,2024-05-07,0.47520295,1,HWM
886,2024-05-03,0.60893023,-1,SYK
887,2024-04-26,0.49788672,-1,QRVO
888,2024-04-09,0.2578709,-1,FIS
889,2024-04-26,0.5436475,1,DD
890,2024-05-01,0.40851206,1,NOW
891,2024-04-23,0.4503456,-1,OTIS
892,2024-04-24,0.46895653,1,GD
893,2024-04-19,0.4044237,-1,WBD
894,2024-04-23,0.36131346,-1,J
895,2024-05-08,0.47581363,1,WELL
896,2024-05-16,0.40641227,1,ROP
897,2024-04-10,0.53983796,-1,TXT
898,2024-05-06,0.47200456,1,CCL
899,2024-04-09,0.5770392,1,CMS
900,2024-04-26,0.43718666,-1,TMUS
901,2024-04-12,0.46266997,1,SPG
902,2024-04-22,0.4510022,1,ES
903,2024-04-19,0.5519911,-1,MCD
904,2024-05-20,0.519576,-1,ACN
905,2024-04-12,0.43344092,-1,VMC
906,2024-04-09,0.55988723,-1,FITB
907,2024-04-22,0.49407154,-1,EQIX
908,2024-03-28,0.63547087,1,IVZ
909,2024-04-22,0.22511648,-1,MS
910,2024-05-20,0.5989844,-1,BLDR
911,2024-04-08,0.46911353,-1,MDT
912,2024-05-09,0.54289657,-1,CHD
913,2024-05-17,0.49733227,-1,ACN
914,2024-05-06,0.55328876,1,QCOM
915,2024-04-25,0.57338625,-1,ALLE
916,2024-04-26,0.3946265,-1,WAB
917,2024-05-06,0.5157291,-1,SYF
918,2024-05-22,0.48047298,1,DIS
919,2024-05-08,0.6413248,1,QRVO
920,2024-05-09,0.5648639,1,TMO
921,2024-04-17,0.46333534,1,TSCO
922,2024-05-03,0.51659733,1,TDY
923,2024-05-01,0.5372088,1,DAL
924,2024-05-17,0.5079155,-1,CRM
925,2024-05-10,0.47157466,1,EXR
926,2024-05-17,0.240698,-1,AIZ
927,2024-04-16,0.6103066,1,FICO
928,2024-04-25,0.57271063,1,CBOE
929,2024-04-15,0.3528709,-1,ZTS
930,2024-04-18,0.5054796,1,WDC
931,2024-04-17,0.06849693,1,ATO
932,2024-05-13,0.63911074,-1,CSCO
933,2024-04-09,0.58922654,-1,GEN
934,2024-04-18,0.5413604,-1,WY
935,2024-05-23,0.414989,1,PSA
936,2024-04-05,0.73521644,-1,VRSN
937,2024-04-16,0.49294898,-1,META
938,2024-04-26,0.39284137,-1,NCLH
939,2024-04-08,0.52454966,-1,BIIB
940,2024-05-15,0.49591276,1,HPE
941,2024-05-09,0.6780296,-1,SHW
942,2024-05-15,0.45692217,-1,PNW
943,2024-04-15,0.59296864,1,LH
944,2024-04-05,0.5245063,-1,BIO
945,2024-05-17,0.5496262,-1,ANSS
946,2024-04-25,0.2332214,-1,ALL
947,2024-05-02,0.6263536,1,MAA
948,2024-04-15,0.52114224,-1,CMG
949,2024-04-09,0.4430721,-1,DGX
950,2024-05-09,0.41130313,1,WMT
951,2024-04-22,0.5405093,-1,VRSK
952,2024-04-05,0.500658,-1,GE
953,2024-04-17,0.4593728,1,OMC
954,2024-05-23,0.6704269,-1,DGX
955,2024-03-28,0.5048149,-1,AVY
956,2024-04-22,0.55500674,-1,PLD
957,2024-05-14,0.50786394,1,MKTX
958,2024-04-19,0.22359617,-1,GWW
959,2024-04-03,0.43927482,-1,BRO
960,2024-04-17,0.31523487,1,UAL
961,2024-05-03,0.48178336,1,SLB
962,2024-05-02,0.62030274,1,UHS
963,2024-05-01,0.52634233,1,WEC
964,2024-05-06,0.46462163,1,VRSN
965,2024-03-28,0.35170996,-1,ITW
966,2024-05-06,0.35967705,1,DOV
967,2024-04-25,0.4880276,-1,KMI
968,2024-04-17,0.48968565,1,BLDR
969,2024-04-10,0.38752624,-1,DXCM
970,2024-04-10,0.39993638,-1,CPRT
971,2024-05-14,0.46188512,-1,APA
972,2024-04-18,0.22096767,1,TMO
973,2024-04-01,0.6056791,1,ADM
974,2024-04-01,0.50734675,1,MCHP
975,2024-05-06,0.51641786,-1,DPZ
976,2024-04-02,0.6148152,1,CSCO
977,2024-05-17,0.61127925,1,NKE
978,2024-04-04,0.40877306,-1,BXP
979,2024-04-10,0.31538355,-1,STLD
980,2024-05-16,0.5450041,-1,XEL
981,2024-04-16,0.5152521,1,UNH
982,2024-05-08,0.55887365,-1,EMR
983,2024-04-10,0.4610857,-1,META
984,2024-04-29,0.47782722,1,ON
985,2024-05-13,0.4936238,1,OKE
986,2024-05-17,0.51151645,-1,BRO
987,2024-05-01,0.48950106,-1,EXPE
988,2024-05-22,0.55536723,1,AMD
989,2024-05-21,0.65543383,-1,PNR
990,2024-04-08,0.4487255,-1,EPAM
991,2024-05-10,0.60947645,-1,DLTR
992,2024-05-17,0.45249394,1,TER
993,2024-04-18,0.6136442,1,SMCI
994,2024-04-02,0.5511512,-1,NXPI
995,2024-04-26,0.34929743,1,CPRT
996,2024-05-06,0.38389504,1,RTX
997,2024-05-22,0.22461492,1,RF
998,2024-04-16,0.47193003,1,WM
999,2024-05-03,0.41221783,-1,VTRS
1000,2024-05-15,0.56145835,-1,ETR
1001,2024-04-02,0.72112566,-1,AMT
1002,2024-04-08,0.39900926,-1,PODD
1003,2024-04-04,0.50380987,-1,WRB
1004,2024-05-06,0.42267168,1,GEN
1005,2024-05-16,0.4402466,1,CARR
1006,2024-04-02,0.48218098,-1,CI
1007,2024-04-08,0.57320905,-1,BAC
1008,2024-05-23,0.3876861,1,HON
1009,2024-04-24,0.21009937,-1,NOW
1010,2024-04-22,0.3557912,-1,K
1011,2024-05-23,0.4973606,-1,NEM
1012,2024-04-08,0.7507298,-1,IPG
1013,2024-05-13,0.5334559,-1,CPAY
1014,2024-05-16,0.43407938,-1,CTVA
1015,2024-04-22,0.4257186,-1,CTLT
1016,2024-04-24,0.6789625,-1,BLK
1017,2024-04-01,0.8148063,1,AMT
1018,2024-04-08,0.3618687,-1,FTNT
1019,2024-05-03,0.46077082,1,STT
1020,2024-04-23,0.54519916,1,PYPL
1021,2024-05-03,0.49291772,1,TROW
1022,2024-05-21,0.55224216,-1,WFC
1023,2024-05-22,0.7003686,1,HIG
1024,2024-04-02,0.43109813,1,FANG
1025,2024-05-06,0.49786204,1,MSFT
1026,2024-04-12,0.5591607,-1,DOC
1027,2024-03-28,0.48477814,-1,NWS
1028,2024-04-05,0.50035286,-1,JNJ
1029,2024-04-24,0.5131816,1,ON
1030,2024-05-23,0.5207319,-1,CDNS
1031,2024-05-08,0.48101574,1,OKE
1032,2024-05-22,0.5965128,1,PHM
1033,2024-04-01,0.551527,1,EIX
1034,2024-04-12,0.61672276,1,DGX
1035,2024-05-15,0.59854937,-1,PKG
1036,2024-03-28,0.42815575,-1,VRTX
1037,2024-04-12,0.57121843,-1,LYV
1038,2024-04-16,0.55479133,1,ICE
1039,2024-04-25,0.48359594,-1,NOC
1040,2024-05-06,0.4768501,1,KLAC
1041,2024-04-12,0.44168085,-1,DHR
1042,2024-04-23,0.3292211,-1,TAP
1043,2024-05-21,0.51430976,-1,HRL
1044,2024-04-29,0.613846,1,HCA
1045,2024-05-03,0.5550848,-1,ORCL
1046,2024-05-01,0.44230983,-1,MPC
1047,2024-05-03,0.5956484,1,GRMN
1048,2024-04-25,0.36575574,1,AMAT
1049,2024-04-30,0.6748668,1,GPN
1050,2024-04-02,0.49525875,-1,MMM
1051,2024-04-08,0.46863136,1,SCHW
1052,2024-04-18,0.29610804,1,AKAM
1053,2024-05-07,0.55930436,1,DECK
1054,2024-04-17,0.44187587,1,COST
1055,2024-04-01,0.5087997,1,ZBH
1056,2024-04-22,0.510723,-1,MLM
1057,2024-05-01,0.5481979,1,LIN
1058,2024-04-17,0.39513925,1,MGM
1059,2024-05-20,0.54144907,-1,EMR
1060,2024-05-17,0.49236953,1,DD
1061,2024-04-24,0.54336685,1,AEP
1062,2024-05-06,0.49447986,1,EQIX
1063,2024-04-05,0.31335106,-1,MKC
1064,2024-04-09,0.59378433,-1,EBAY
1065,2024-04-22,0.41643846,-1,COP
1066,2024-04-02,0.5489792,-1,WELL
1067,2024-05-21,0.6841936,-1,KEY
1068,2024-05-06,0.5250826,1,NOW
1069,2024-04-19,0.5760378,1,RSG
1070,2024-05-22,0.48579797,-1,FIS
1071,2024-04-30,0.5857846,1,ROL
1072,2024-05-20,0.50966334,1,MRNA
1073,2024-04-05,0.50724685,-1,CMI
1074,2024-05-15,0.42499486,-1,CSX
1075,2024-04-02,0.26910928,-1,DHI
1076,2024-05-03,0.4099452,1,VRTX
1077,2024-04-08,0.4832548,-1,BBY
1078,2024-04-12,0.48598787,-1,WAT
1079,2024-04-18,0.2910034,1,SWK
1080,2024-05-14,0.37875125,-1,FRT
1081,2024-04-16,0.34879014,1,TRMB
1082,2024-04-18,0.3253745,-1,CINF
1083,2024-05-09,0.44730166,-1,ETN
1084,2024-05-08,0.46585077,1,INTU
1085,2024-05-01,0.5533812,1,CTRA
1086,2024-05-10,0.44913995,1,GEHC
1087,2024-05-09,0.50526685,1,CRM
1088,2024-05-08,0.5987661,-1,CMS
1089,2024-04-19,0.45286328,1,PNR
1090,2024-04-18,0.47398338,-1,BIO
1091,2024-04-24,0.6500677,-1,SJM
1092,2024-05-20,0.4585663,-1,MTB
1093,2024-05-02,0.46723318,1,ORLY
1094,2024-05-02,0.48928198,1,PGR
1095,2024-05-17,0.32096475,-1,BDX
1096,2024-04-19,0.4785551,1,WM
1097,2024-04-22,0.48040053,-1,WFC
1098,2024-05-17,0.64066297,-1,EL
1099,2024-04-30,0.52285767,1,LW
1100,2024-03-28,0.5105931,-1,HLT
1101,2024-04-08,0.5294445,-1,CAT
1102,2024-04-11,0.44852546,-1,LDOS
1103,2024-05-21,0.51361614,-1,BWA
1104,2024-05-13,0.4672287,1,MCO
1105,2024-05-16,0.6948189,-1,LULU
1106,2024-05-15,0.16011877,-1,CRM
1107,2024-04-11,0.46973392,-1,TSLA
1108,2024-05-22,0.38165286,1,ALGN
1109,2024-05-23,0.6174602,-1,HLT
1110,2024-05-13,0.5865745,-1,EL
1111,2024-05-21,0.45238802,-1,AMZN
1112,2024-05-14,0.61909133,1,BA
1113,2024-05-06,0.5624243,1,VRTX
1114,2024-05-14,0.48879287,1,IBM
1115,2024-05-21,0.45928016,1,TPR
1116,2024-04-24,0.47600737,1,IP
1117,2024-05-07,0.52671134,1,AMD
1118,2024-04-23,0.4161887,-1,HLT
1119,2024-04-17,0.3842068,-1,ITW
1120,2024-04-11,0.39588746,-1,USB
1121,2024-05-17,0.60420537,1,MPWR
1122,2024-05-02,0.70052385,-1,ABBV
1123,2024-04-18,0.24778621,-1,ORLY
1124,2024-04-04,0.4971664,-1,GNRC
1125,2024-04-15,0.5055605,-1,QRVO
1126,2024-05-06,0.5224919,1,HSIC
1127,2024-05-21,0.56443185,-1,AEP
1128,2024-04-01,0.555508,1,PAYX
1129,2024-04-24,0.5180533,-1,BX
1130,2024-04-04,0.50342876,-1,MPC
1131,2024-05-22,0.48129883,-1,HAS
1132,2024-03-28,0.5239833,1,MCO
1133,2024-05-01,0.3797999,1,MO
1134,2024-05-07,0.4655013,1,EL
1135,2024-05-08,0.55422264,1,RMD
1136,2024-04-30,0.5116971,1,BX
1137,2024-04-03,0.5246855,1,TSLA
1138,2024-04-12,0.4907304,1,SCHW
1139,2024-04-16,0.44893438,1,HSY
1140,2024-05-16,0.4692503,1,EXPD
1141,2024-04-23,0.32832503,1,PFE
1142,2024-05-20,0.54532427,-1,UAL
1143,2024-04-01,0.48685014,1,CVX
1144,2024-04-01,0.4792695,1,GOOG
1145,2024-04-09,0.39333287,-1,BA
1146,2024-04-18,0.50274074,-1,VRSK
1147,2024-04-26,0.55905366,1,CTVA
1148,2024-04-08,0.6725276,-1,LULU
1149,2024-04-05,0.30848557,-1,QCOM
1150,2024-05-16,0.5179153,-1,LH
1151,2024-04-22,0.35655364,1,CPT
1152,2024-04-16,0.61383826,-1,EXR
1153,2024-04-24,0.5132604,-1,TTWO
1154,2024-04-04,0.5207957,-1,NEM
1155,2024-05-13,0.3810751,-1,LOW
1156,2024-04-17,0.4508927,1,ICE
1157,2024-04-24,0.4850558,1,MSCI
1158,2024-04-08,0.2644752,-1,SYK
1159,2024-04-26,0.6149007,1,DECK
1160,2024-04-02,0.5307198,-1,LYB
1161,2024-05-08,0.4767715,1,ROL
1162,2024-05-10,0.4195402,1,RCL
1163,2024-04-23,0.39308277,-1,MCO
1164,2024-04-08,0.26024777,-1,ANSS
1165,2024-05-13,0.4254136,1,HUM
1166,2024-05-21,0.59763634,1,PHM
1167,2024-03-28,0.52479035,1,FFIV
1168,2024-03-28,0.44812748,-1,AVGO
1169,2024-04-01,0.5504919,1,IRM
1170,2024-03-28,0.49794665,-1,LNT
1171,2024-04-10,0.47384575,1,CBOE
1172,2024-04-03,0.39600578,-1,CINF
1173,2024-04-18,0.41309735,1,VTR
1174,2024-05-03,0.70623225,1,FDS
1175,2024-04-18,0.49864385,1,EBAY
1176,2024-05-21,0.59390867,-1,FTV
1177,2024-04-29,0.522193,-1,EBAY
1178,2024-04-17,0.4907249,1,DVN
1179,2024-05-01,0.4997395,1,PG
1180,2024-04-29,0.50661176,1,ATO
1181,2024-04-23,0.3977296,-1,MMC
1182,2024-04-29,0.508779,-1,RSG
1183,2024-05-22,0.38896847,1,HAL
1184,2024-04-23,0.5499202,-1,KMX
1185,2024-04-18,0.3104824,-1,STZ
1186,2024-04-09,0.5846458,-1,AMGN
1187,2024-04-05,0.3187602,-1,BBWI
1188,2024-05-15,0.5596038,-1,AEE
1189,2024-04-01,0.52577114,1,RVTY
1190,2024-04-01,0.36885464,-1,AVGO
1191,2024-04-25,0.3872083,-1,CMG
1192,2024-04-17,0.4388679,1,SRE
1193,2024-05-08,0.5145899,1,MS
1194,2024-04-24,0.61620444,-1,BKNG
1195,2024-05-22,0.41338247,-1,DFS
1196,2024-04-26,0.43870658,1,ZTS
1197,2024-04-03,0.38015044,-1,LKQ
1198,2024-04-02,0.5390516,-1,CB
1199,2024-04-18,0.034507714,1,RF
1200,2024-05-08,0.41958475,1,PNW
1201,2024-04-01,0.22471018,-1,IPG
1202,2024-04-08,0.49224815,-1,CSCO
1203,2024-04-10,0.6714747,-1,GNRC
1204,2024-05-02,0.44611025,1,ICE
1205,2024-04-18,0.52151024,1,NVDA
1206,2024-04-19,0.2786651,-1,EQIX
1207,2024-05-17,0.4811224,-1,MOH
1208,2024-05-22,0.45504403,-1,GEHC
1209,2024-05-06,0.6130251,-1,ACN
1210,2024-05-17,0.40268683,-1,EXC
1211,2024-04-11,0.48432508,-1,CZR
1212,2024-04-15,0.48750255,1,LYB
1213,2024-05-03,0.48457298,1,CPT
1214,2024-05-01,0.56975025,1,BKNG
1215,2024-05-22,0.5609085,1,MHK
1216,2024-04-04,0.52798396,-1,CL
1217,2024-04-01,0.3360153,1,AME
1218,2024-04-23,0.72435546,-1,ABBV
1219,2024-03-28,0.18053705,-1,BX
1220,2024-05-06,0.57039326,-1,VLTO
1221,2024-04-30,0.43516558,1,CPRT
1222,2024-05-10,0.54365015,1,VLTO
1223,2024-04-12,0.5219414,-1,CTSH
1224,2024-05-10,0.47486874,-1,WBD
1225,2024-04-15,0.48497295,-1,VZ
1226,2024-05-14,0.55803627,-1,CTLT
1227,2024-04-11,0.57140654,-1,PEG
1228,2024-05-17,0.4985893,-1,BMY
1229,2024-05-10,0.49768046,1,ARE
1230,2024-04-09,0.4733184,-1,CBRE
1231,2024-05-08,0.431298,1,PFE
1232,2024-03-28,0.5139553,-1,KMI
1233,2024-05-06,0.6792625,1,ENPH
1234,2024-05-13,0.86172557,1,IP
1235,2024-04-01,0.514198,-1,LOW
1236,2024-05-13,0.48609796,1,TSLA
1237,2024-04-05,0.4461769,-1,MLM
1238,2024-05-01,0.49879336,1,ENPH
1239,2024-03-28,0.49951106,-1,ELV
1240,2024-04-19,0.41613486,-1,ACGL
1241,2024-04-03,0.4708719,-1,URI
1242,2024-04-03,0.2604135,1,PG
1243,2024-04-22,0.64731354,-1,BR
1244,2024-04-16,0.47741988,1,TT
1245,2024-05-17,0.3149418,1,HWM
1246,2024-04-16,0.74594605,1,FTNT
1247,2024-04-22,0.48355654,-1,PRU
1248,2024-05-16,0.45778936,-1,NEM
1249,2024-03-28,0.26582453,-1,HD
1250,2024-05-17,0.448681,-1,TRGP
1251,2024-03-28,0.6818819,-1,CPB
1252,2024-05-17,0.44436482,-1,CMG
1253,2024-04-18,0.55172974,1,POOL
1254,2024-05-06,0.52394617,-1,CTLT
1255,2024-04-18,0.45888233,-1,AOS
1256,2024-05-21,0.5719406,-1,CARR
1257,2024-04-23,0.06366804,-1,RVTY
1258,2024-04-24,0.37469408,-1,KMI
1259,2024-05-10,0.4433984,-1,LYB
1260,2024-04-26,0.52764136,1,JBHT
1261,2024-05-23,0.4984096,-1,CLX
1262,2024-04-17,0.5197535,1,K
1263,2024-04-10,0.6499742,-1,CHRW
1264,2024-05-14,0.47748485,-1,DVN
1265,2024-04-29,0.73190445,1,DLTR
1266,2024-05-01,0.64085007,1,NDSN
1267,2024-05-09,0.40801156,-1,NUE
1268,2024-04-17,0.41622314,1,LW
1269,2024-04-19,0.44397768,-1,ODFL
1270,2024-04-18,0.38057125,1,AES
1271,2024-05-23,0.32090628,-1,NUE
1272,2024-04-29,0.51332015,-1,QRVO
1273,2024-05-01,0.5241115,1,FOX
1274,2024-04-16,0.38614076,1,AON
1275,2024-04-29,0.43646896,1,MTCH
1276,2024-05-01,0.48191327,1,PTC
1277,2024-04-15,0.49542817,1,NTRS
1278,2024-04-02,0.26519257,-1,JCI
1279,2024-05-21,0.57770276,-1,AVY
1280,2024-05-20,0.5232686,-1,MAS
1281,2024-05-15,0.6435901,-1,ROK
1282,2024-04-29,0.5300782,-1,MDLZ
1283,2024-05-06,0.52657723,-1,APD
1284,2024-04-03,0.36937505,-1,CF
1285,2024-04-08,0.5206841,-1,MDLZ
1286,2024-04-18,0.46667126,1,MTD
1287,2024-04-16,0.5753321,1,TFX
1288,2024-04-01,0.4017847,1,EPAM
1289,2024-05-09,0.3790965,1,AXP
1290,2024-04-11,0.41946515,-1,VRSK
1291,2024-03-28,0.35872623,-1,CRWD
1292,2024-05-17,0.52705413,-1,SBUX
1293,2024-05-09,0.5048541,-1,USB
1294,2024-05-09,0.46222165,1,FE
1295,2024-04-17,0.3694453,-1,TDY
1296,2024-04-16,0.5263775,1,V
1297,2024-04-22,0.63256586,-1,CE
1298,2024-04-01,0.5010519,1,KLAC
1299,2024-04-29,0.5223702,1,CTRA
1300,2024-05-17,0.37639904,-1,MTB
1301,2024-05-07,0.51947963,1,AXP
1302,2024-05-10,0.43453076,1,MSFT
1303,2024-05-10,0.35706842,1,BKR
1304,2024-04-01,0.32296202,-1,ROST
1305,2024-04-19,0.35730213,-1,KMI
1306,2024-04-15,0.501607,1,TRMB
1307,2024-05-15,0.53125805,-1,MKTX
1308,2024-04-08,0.4602737,-1,TFC
1309,2024-04-24,0.5112247,-1,MCK
1310,2024-05-13,0.5093411,-1,VZ
1311,2024-04-24,0.54304296,1,MO
1312,2024-05-16,0.5071207,-1,RMD
1313,2024-04-25,0.47035053,-1,ALGN
1314,2024-04-09,0.6321667,-1,INCY
1315,2024-04-02,0.30453524,-1,DVA
1316,2024-05-06,0.54580975,-1,GEHC
1317,2024-05-06,0.3975843,1,MA
1318,2024-03-28,0.42523894,-1,CNP
1319,2024-05-23,0.37292525,1,TMUS
1320,2024-04-22,0.4205293,1,MKC
1321,2024-05-09,0.43347153,1,HPE
1322,2024-04-08,0.43098003,-1,AMD
1323,2024-05-08,0.47429585,-1,EVRG
1324,2024-04-04,0.41972774,-1,INTU
1325,2024-04-16,0.8031593,-1,PLD
1326,2024-05-08,0.8983112,1,LEN
1327,2024-05-10,0.650264,-1,UNP
1328,2024-04-30,0.54368454,1,RSG
1329,2024-04-29,0.4267239,1,SYF
1330,2024-04-04,0.51383996,-1,FFIV
1331,2024-04-25,0.6374753,-1,BBY
1332,2024-03-28,0.48899898,-1,ZTS
1333,2024-04-30,0.48963642,-1,FAST
1334,2024-04-04,0.53192014,-1,WTW
1335,2024-04-29,0.5735839,1,JBL
1336,2024-04-03,0.38636062,-1,DHI
1337,2024-04-18,0.56201404,1,ROST
1338,2024-05-08,0.5389579,1,PAYC
1339,2024-04-25,0.30533472,-1,SBUX
1340,2024-04-10,0.53193575,-1,WDC
1341,2024-04-01,0.39038676,1,GLW
1342,2024-04-16,0.5065487,-1,BA
1343,2024-03-28,0.46695706,-1,STZ
1344,2024-04-23,0.43317562,-1,SRE
1345,2024-04-19,0.57191706,-1,L
1346,2024-04-05,0.49006298,-1,NUE
1347,2024-04-15,0.6474028,-1,JBHT
1348,2024-04-18,0.28693426,-1,ALL
1349,2024-04-30,0.34069625,-1,EXC
1350,2024-04-30,0.5719349,1,LVS
1351,2024-05-21,0.5829343,-1,TROW
1352,2024-04-09,0.56282175,-1,PEG
1353,2024-04-05,0.45171955,-1,ABT
1354,2024-05-23,0.37690997,-1,LRCX
1355,2024-04-23,0.5866549,-1,PRU
1356,2024-04-30,0.48126832,1,DAL
1357,2024-05-08,0.43333375,1,IT
1358,2024-05-15,0.4928013,-1,COF
1359,2024-05-16,0.43370056,1,LDOS
1360,2024-05-23,0.39566085,1,CTRA
1361,2024-04-12,0.4695812,-1,TRV
1362,2024-04-08,0.52129376,-1,NDAQ
1363,2024-04-11,0.3224973,1,CMS
1364,2024-04-12,0.48927507,-1,LVS
1365,2024-05-16,0.5012443,-1,KIM
1366,2024-04-02,0.55627483,-1,CME
1367,2024-05-20,0.47219855,-1,WAB
1368,2024-05-13,0.46221927,-1,PYPL
1369,2024-03-28,0.46266094,1,BR
1370,2024-04-11,0.5475945,1,ETR
1371,2024-05-07,0.47594845,1,BKR
1372,2024-05-23,0.412362,-1,UNP
1373,2024-05-22,0.5542045,1,PPL
1374,2024-05-01,0.64989424,1,FITB
1375,2024-05-10,0.538345,1,PM
1376,2024-04-09,0.5356129,-1,KMI
1377,2024-05-13,0.47450128,1,NEM
1378,2024-04-30,0.43622708,1,AMP
1379,2024-05-21,0.64976746,-1,MCHP
1380,2024-05-21,0.39812234,1,DHI
1381,2024-05-22,0.51094145,-1,CAG
1382,2024-04-16,0.5047452,1,ECL
1383,2024-05-15,0.49151435,-1,INTC
1384,2024-05-13,0.373884,1,ETR
1385,2024-04-05,0.47857106,-1,CSGP
1386,2024-04-01,0.43397048,1,EQT
1387,2024-04-18,0.3777714,1,JCI
1388,2024-04-03,0.3426353,-1,HSIC
1389,2024-05-14,0.47538415,1,DUK
1390,2024-05-15,0.5239799,1,SBUX
1391,2024-04-03,0.2628986,-1,BDX
1392,2024-05-15,0.42178217,1,MRNA
1393,2024-04-02,0.48907754,-1,LDOS
1394,2024-05-22,0.5249829,-1,EPAM
1395,2024-04-11,0.5110503,-1,DECK
1396,2024-05-21,0.54483813,-1,PEG
1397,2024-04-22,0.66760725,1,KLAC
1398,2024-04-02,0.45049596,1,HAS
1399,2024-04-24,0.6356682,1,TMUS
1400,2024-05-02,0.4454265,1,BMY
1401,2024-05-21,0.5375605,-1,LDOS
1402,2024-04-30,0.57358205,1,AMAT
1403,2024-04-17,0.41320658,-1,DECK
1404,2024-04-04,0.5564295,-1,RL
1405,2024-04-30,0.6179049,-1,TMO
1406,2024-05-17,0.51307374,1,NTAP
1407,2024-05-03,0.37914208,1,XOM
1408,2024-04-24,0.43700022,1,IR
1409,2024-05-07,0.55204856,-1,AZO
1410,2024-04-19,0.5313785,-1,DD
1411,2024-05-08,0.22488,1,CFG
1412,2024-05-17,0.17099364,-1,EQR
1413,2024-05-22,0.50355655,-1,MTD
1414,2024-04-17,0.42919943,1,FAST
1415,2024-05-15,0.50979567,-1,CPRT
1416,2024-05-01,0.5301445,1,MNST
1417,2024-04-29,0.62194574,1,DHR
1418,2024-05-03,0.5196155,-1,RL
1419,2024-04-25,0.447165,-1,STZ
1420,2024-04-16,0.5014922,1,FI
1421,2024-05-07,0.58526325,1,IEX
1422,2024-04-02,0.5095954,1,CEG
1423,2024-05-23,0.5930587,1,MMM
1424,2024-04-08,0.5180751,-1,LLY
1425,2024-05-17,0.6173016,-1,WTW
1426,2024-05-01,0.5452686,-1,TSLA
1427,2024-04-12,0.47056106,-1,HWM
1428,2024-04-08,0.5049871,-1,BIO
1429,2024-05-10,0.54203933,-1,KO
1430,2024-05-02,0.42210615,-1,VLO
1431,2024-05-09,0.31116438,1,KLAC
1432,2024-05-10,0.47725433,1,BALL
1433,2024-04-25,0.5922868,1,FMC
1434,2024-05-09,0.515619,1,ADBE
1435,2024-05-06,0.5395378,1,REGN
1436,2024-05-15,0.5099814,-1,ESS
1437,2024-04-09,0.56159645,-1,MSCI
1438,2024-05-09,0.41434833,1,BKR
1439,2024-04-25,0.51500505,1,BIIB
1440,2024-04-03,0.45968536,-1,WM
1441,2024-04-11,0.30816308,-1,NTRS
1442,2024-05-09,0.5020831,-1,FDX
1443,2024-05-14,0.29735216,-1,CTVA
1444,2024-05-15,0.45974833,-1,GM
1445,2024-04-23,0.55665326,-1,GPN
1446,2024-04-24,0.49053952,1,ROL
1447,2024-04-09,0.61512405,-1,OTIS
1448,2024-05-15,0.5356751,-1,IT
1449,2024-05-17,0.510892,-1,GWW
1450,2024-05-10,0.5998529,-1,CTVA
1451,2024-04-18,0.72820115,-1,PGR
1452,2024-04-22,0.5423459,1,TT
1453,2024-04-17,0.2570959,1,TYL
1454,2024-05-10,0.35744554,1,EXC
1455,2024-03-28,0.5371055,-1,AMGN
1456,2024-04-01,0.5000957,-1,MDT
1457,2024-04-01,0.40911633,1,MHK
1458,2024-05-15,0.45089978,-1,EW
1459,2024-04-25,0.42872527,1,DIS
1460,2024-05-23,0.47136614,1,NCLH
1461,2024-05-13,0.614912,1,VRSN
1462,2024-05-13,0.2431185,-1,FRT
1463,2024-04-17,0.44428983,-1,TPR
1464,2024-04-18,0.5171343,1,HOLX
1465,2024-04-16,0.5655158,1,CHD
1466,2024-04-26,0.72320145,1,MAA
1467,2024-04-23,0.46549734,1,LLY
1468,2024-04-01,0.35042122,1,SWKS
1469,2024-04-23,0.4567292,-1,MPC
1470,2024-04-12,0.51043564,-1,PLD
1471,2024-04-26,0.50989914,1,TT
1472,2024-04-19,0.57284147,1,BLDR
1473,2024-05-23,0.28315365,1,CCL
1474,2024-04-10,0.506863,-1,JKHY
1475,2024-04-15,0.41834807,-1,ANSS
1476,2024-05-03,0.3064962,1,ADI
1477,2024-05-01,0.43487817,1,BSX
1478,2024-04-10,0.41235837,-1,FSLR
1479,2024-04-11,0.43612817,-1,ROK
1480,2024-04-09,0.48705336,-1,LRCX
1481,2024-04-15,0.5071276,-1,DG
1482,2024-04-26,0.38519672,1,MNST
1483,2024-04-01,0.5022079,1,KMI
1484,2024-05-07,0.56795233,1,MLM
1485,2024-05-21,0.46715745,1,CEG
1486,2024-04-04,0.4525651,-1,IPG
1487,2024-05-16,0.4209648,1,WMT
1488,2024-05-21,0.49311006,-1,ANET
1489,2024-05-09,0.6280236,-1,KO
1490,2024-05-08,0.39895228,1,COST
1491,2024-05-09,0.51794183,1,APH
1492,2024-05-01,0.669482,1,PFG
1493,2024-05-13,0.36210796,1,KEY
1494,2024-04-30,0.46661052,1,TXT
1495,2024-05-23,0.4922433,-1,TT
1496,2024-04-16,0.48362297,1,CMG
1497,2024-05-03,0.46580833,1,WTW
1498,2024-04-15,0.5290375,1,LMT
1499,2024-04-05,0.37914068,-1,TRMB
1500,2024-05-22,0.4452123,1,PRU
1501,2024-05-14,0.28176484,-1,IRM
1502,2024-05-09,0.57012284,1,FDS
1503,2024-05-15,0.48096746,1,MCK
1504,2024-05-06,0.45726284,1,LMT
1505,2024-04-18,0.5247828,1,JPM
1506,2024-05-21,0.48810878,-1,RSG
1507,2024-04-04,0.41220182,-1,AJG
1508,2024-04-23,0.30097803,-1,BK
1509,2024-04-24,0.4699136,1,KO
1510,2024-04-10,0.47043607,-1,VTRS
1511,2024-04-03,0.54978675,1,RSG
1512,2024-04-08,0.5390315,-1,HUBB
1513,2024-04-02,0.62295413,-1,WY
1514,2024-04-02,0.5256871,-1,SPGI
1515,2024-04-25,0.24698871,-1,SMCI
1516,2024-04-11,0.4829073,-1,HOLX
1517,2024-05-17,0.14157434,-1,CSGP
1518,2024-04-29,0.43211648,1,MKC
1519,2024-04-24,0.50431645,-1,CLX
1520,2024-04-23,0.53541565,-1,KVUE
1521,2024-04-02,0.27833986,-1,F
1522,2024-05-03,0.28695577,1,ETR
1523,2024-05-15,0.63600177,-1,NCLH
1524,2024-05-02,0.508308,1,FITB
1525,2024-05-15,0.48514155,-1,DVN
1526,2024-05-06,0.3732575,1,URI
1527,2024-05-03,0.41325733,1,PPL
1528,2024-04-29,0.4898195,1,BIO
1529,2024-04-10,0.5118176,-1,VLO
1530,2024-05-08,0.47169587,1,GOOG
1531,2024-05-07,0.40533367,1,XYL
1532,2024-05-08,0.37646946,1,V
1533,2024-04-11,0.47320145,-1,BBY
1534,2024-05-13,0.476609,1,GS
1535,2024-04-11,0.41174257,1,AWK
1536,2024-04-08,0.5107024,-1,KHC
1537,2024-05-08,0.57017165,-1,CARR
1538,2024-05-06,0.2870327,-1,DLR
1539,2024-05-14,0.36236057,-1,SRE
1540,2024-05-20,0.47601914,-1,ELV
1541,2024-03-28,0.55022657,1,CDW
1542,2024-04-01,0.47613624,1,KEYS
1543,2024-04-24,0.49999604,-1,UAL
1544,2024-04-17,0.51918685,-1,COO
1545,2024-04-11,0.34508348,-1,EXPD
1546,2024-05-02,0.44604054,1,IVZ
1547,2024-04-10,0.38952705,-1,LIN
1548,2024-04-12,0.37759858,1,FE
1549,2024-04-24,0.47354844,1,LDOS
1550,2024-04-29,0.5549208,1,CVX
1551,2024-05-23,0.469083,-1,AES
1552,2024-04-09,0.4947548,-1,AMAT
1553,2024-05-09,0.5111027,1,AEP
1554,2024-04-22,0.44964927,1,DVA
1555,2024-05-03,0.45821977,1,AFL
1556,2024-04-22,0.5304736,-1,AXP
1557,2024-04-12,0.5350652,1,TYL
1558,2024-05-14,0.52468437,1,CVS
1559,2024-05-07,0.55807436,-1,ORLY
1560,2024-04-30,0.7995729,1,LKQ
1561,2024-04-11,0.50564826,1,GIS
1562,2024-04-11,0.44746163,-1,TTWO
1563,2024-05-09,0.39764985,1,DAL
1564,2024-04-29,0.12727775,-1,TRMB
1565,2024-04-01,0.45391917,1,FANG
1566,2024-04-05,0.55030537,-1,VST
1567,2024-04-26,0.68200916,1,IP
1568,2024-05-16,0.49626467,-1,MMM
1569,2024-05-21,0.481799,-1,PFG
1570,2024-04-15,0.58315444,1,CCL
1571,2024-04-08,0.4053429,-1,NSC
1572,2024-04-12,0.5073846,-1,ORCL
1573,2024-05-21,0.53132296,1,BKR
1574,2024-04-19,0.43499961,1,MA
1575,2024-04-22,0.55498064,1,AAPL
1576,2024-03-28,0.4034857,1,AME
1577,2024-04-24,0.53485465,1,AAPL
1578,2024-04-15,0.4858073,-1,CMI
1579,2024-04-22,0.51494634,1,GS
1580,2024-05-02,0.44487318,1,NEM
1581,2024-03-28,0.23517595,-1,COF
1582,2024-04-05,0.43730158,-1,TRV
1583,2024-04-03,0.4832445,-1,ORLY
1584,2024-04-17,0.4733015,-1,MU
1585,2024-05-23,0.5959348,-1,OKE
1586,2024-05-16,0.41037744,-1,BIIB
1587,2024-04-15,0.50969666,-1,CVS
1588,2024-05-06,0.5455164,1,ICE
1589,2024-05-07,0.74513596,1,EW
1590,2024-04-01,0.5253485,-1,HSY
1591,2024-04-10,0.3962798,-1,JCI
1592,2024-04-01,0.43136966,1,TER
1593,2024-04-02,0.42943534,1,BG
1594,2024-04-29,0.44457468,1,XYL
1595,2024-05-07,0.5733977,1,KMI
1596,2024-04-26,0.44244248,-1,CAH
1597,2024-05-01,0.48838136,1,PRU
1598,2024-04-24,0.55249023,1,AJG
1599,2024-05-15,0.42006436,-1,REG
1600,2024-05-20,0.2878244,-1,SPGI
1601,2024-04-15,0.48737445,1,HCA
1602,2024-04-25,0.5288759,1,MSI
1603,2024-04-02,0.19858201,-1,DAL
1604,2024-03-28,0.29811034,1,QRVO
1605,2024-04-29,0.36153919,-1,CVS
1606,2024-05-09,0.5398717,1,ALB
1607,2024-05-08,0.42005813,1,ABNB
1608,2024-05-13,0.4278681,-1,UPS
1609,2024-05-14,0.7932659,-1,DOW
1610,2024-04-02,0.36544704,-1,SLB
1611,2024-04-17,0.558941,-1,MMC
1612,2024-05-13,0.37554845,1,GLW
1613,2024-05-09,0.5574089,1,STT
1614,2024-05-01,0.110836886,1,WELL
1615,2024-04-09,0.4851004,-1,PYPL
1616,2024-05-14,0.5130129,1,PWR
1617,2024-04-25,0.56884724,1,AZO
1618,2024-05-02,0.571562,1,CBOE
1619,2024-04-25,0.6802581,1,PODD
1620,2024-05-23,0.4671389,-1,ODFL
1621,2024-05-09,0.19758093,1,IT
1622,2024-05-10,0.44948024,1,TECH
1623,2024-04-17,0.36308637,-1,PKG
1624,2024-04-04,0.45884734,-1,SCHW
1625,2024-04-25,0.73783886,1,JNJ
1626,2024-04-26,0.5145657,-1,LW
1627,2024-05-20,0.41535792,-1,ORLY
1628,2024-04-08,0.5418976,-1,BR
1629,2024-04-02,0.5543277,-1,CCL
1630,2024-04-26,0.39559966,-1,SMCI
1631,2024-05-14,0.49340132,-1,MET
1632,2024-05-08,0.49254587,-1,EOG
1633,2024-04-11,0.5234898,-1,LYB
1634,2024-05-08,0.5948606,1,IRM
1635,2024-04-04,0.59022593,-1,TDG
1636,2024-03-28,0.31048003,-1,SBUX
1637,2024-05-20,0.59159034,-1,CZR
1638,2024-05-09,0.43870103,1,PYPL
1639,2024-05-13,0.44977254,-1,WM
1640,2024-03-28,0.64874536,-1,BLK
1641,2024-05-08,0.3492417,1,ETR
1642,2024-05-21,0.4659249,-1,RF
1643,2024-04-30,0.5529974,1,RL
1644,2024-04-22,0.42758393,-1,DE
1645,2024-05-03,0.40339974,-1,COR
1646,2024-04-19,0.3775183,-1,BAC
1647,2024-04-03,0.52595145,-1,WBA
1648,2024-05-03,0.53037477,1,OMC
1649,2024-04-22,0.59801066,-1,ALLE
1650,2024-04-12,0.57474357,1,RTX
1651,2024-03-28,0.5264628,-1,SHW
1652,2024-04-30,0.42031437,1,MDT
1653,2024-05-17,0.5254401,1,GEN
1654,2024-05-14,0.40635726,-1,TECH
1655,2024-05-02,0.4668714,1,TT
1656,2024-04-23,0.40967143,-1,COO
1657,2024-04-18,0.41720754,1,UAL
1658,2024-05-23,0.23938279,1,KO
1659,2024-04-23,0.2913147,-1,EXPD
1660,2024-05-09,0.5047773,-1,LULU
1661,2024-05-14,0.38565344,1,DXCM
1662,2024-04-22,0.40031686,1,RTX
1663,2024-05-23,0.7459267,-1,ADP
1664,2024-04-09,0.68931687,-1,DUK
1665,2024-05-01,0.5071606,1,FIS
1666,2024-04-29,0.40942445,1,AKAM
1667,2024-04-04,0.39592922,-1,HWM
1668,2024-05-23,0.4804631,-1,MET
1669,2024-05-03,0.55909586,1,SJM
1670,2024-03-28,0.52229226,-1,NCLH
1671,2024-04-01,0.51756436,1,META
1672,2024-04-19,0.49400356,1,SBUX
1673,2024-05-10,0.4038763,1,EFX
1674,2024-04-18,0.14234221,-1,IEX
1675,2024-05-06,0.67475194,1,BA
1676,2024-05-16,0.46850917,1,OTIS
1677,2024-04-10,0.3801837,-1,CTVA
1678,2024-04-12,0.3591086,1,PCG
1679,2024-04-10,0.50445324,-1,KEY
1680,2024-04-10,0.5141866,-1,ETN
1681,2024-04-16,0.5129968,-1,ACN
1682,2024-05-14,0.36666286,-1,SMCI
1683,2024-04-10,0.60005355,-1,MCHP
1684,2024-04-30,0.50801706,1,PSX
1685,2024-05-20,0.46849445,-1,TPR
1686,2024-04-09,0.5445643,-1,UHS
1687,2024-04-29,0.2646658,1,MTB
1688,2024-04-05,0.48198697,-1,CTRA
1689,2024-05-07,0.27788344,1,CEG
1690,2024-05-10,0.4943113,-1,CMS
1691,2024-04-02,0.5001016,-1,CRWD
1692,2024-05-02,0.69334733,1,AMAT
1693,2024-05-09,0.45649576,1,GIS
1694,2024-05-06,0.50922555,1,LDOS
1695,2024-05-02,0.49290064,1,TER
1696,2024-04-23,0.5671879,1,CARR
1697,2024-04-18,0.6188237,-1,LYV
1698,2024-04-05,0.47747737,-1,TDG
1699,2024-05-07,0.54202205,-1,ABT
1700,2024-04-11,0.08269584,-1,PAYX
1701,2024-05-21,0.5936462,-1,NVR
1702,2024-04-17,0.5397068,1,ABBV
1703,2024-04-22,0.62835187,-1,COO
1704,2024-03-28,0.50136936,1,JBL
1705,2024-04-26,0.451763,-1,PCAR
1706,2024-05-01,0.7852228,1,AAPL
1707,2024-04-15,0.77590007,-1,INCY
1708,2024-04-05,0.4530658,-1,TEL
1709,2024-04-17,0.4335827,1,BSX
1710,2024-05-20,0.84136367,-1,LYV
1711,2024-04-02,0.47472027,-1,AVGO
1712,2024-05-17,0.37766278,-1,HBAN
1713,2024-05-21,0.57185555,-1,CPT
1714,2024-04-01,0.36383185,1,XYL
1715,2024-05-21,0.5164676,-1,CF
1716,2024-04-17,0.45497873,1,EIX
1717,2024-05-08,0.48347914,1,TER
1718,2024-04-01,0.5843088,-1,ECL
1719,2024-04-30,0.35997105,1,EG
1720,2024-03-28,0.48251784,1,GNRC
1721,2024-04-22,0.6477482,1,GLW
1722,2024-04-19,0.4424457,1,TFC
1723,2024-04-08,0.49908617,-1,CE
1724,2024-05-07,0.47763142,1,HII
1725,2024-05-09,0.47489002,-1,NCLH
1726,2024-05-06,0.5693125,1,EG
1727,2024-04-15,0.42010373,1,RVTY
1728,2024-04-11,0.4918672,1,PGR
1729,2024-04-16,0.6707784,1,BR
1730,2024-04-10,0.43692073,-1,LOW
1731,2024-05-03,0.5203081,1,MCK
1732,2024-04-23,0.48155558,-1,LEN
1733,2024-04-09,0.4937064,-1,VRSN
1734,2024-04-03,0.4126591,-1,COO
1735,2024-05-07,0.56426966,1,FTV
1736,2024-05-09,0.5618744,1,AAL
1737,2024-04-03,0.5702426,1,JKHY
1738,2024-04-12,0.5717833,1,KIM
1739,2024-04-23,0.5622091,-1,CDW
1740,2024-05-13,0.7274668,1,TDY
1741,2024-04-05,0.27256164,-1,BDX
1742,2024-05-08,0.63195527,-1,ODFL
1743,2024-04-24,0.27981713,-1,HES
1744,2024-04-18,0.47656164,1,EW
1745,2024-05-08,0.5083729,1,SBAC
1746,2024-05-23,0.4146454,-1,CTLT
1747,2024-04-17,0.4344888,-1,CTLT
1748,2024-04-19,0.4603283,-1,TRV
1749,2024-05-21,0.3922751,1,ROST
1750,2024-04-09,0.5519353,1,PM
1751,2024-05-08,0.52354413,1,KMX
1752,2024-05-07,0.52609426,-1,CBOE
1753,2024-04-02,0.41928336,-1,NDSN
1754,2024-04-29,0.50122637,1,EQR
1755,2024-04-08,0.4790887,-1,INVH
1756,2024-04-10,0.43982676,-1,T
1757,2024-04-24,0.45959303,1,HON
1758,2024-04-19,0.49702173,1,AZO
1759,2024-04-05,0.28049308,-1,AVGO
1760,2024-04-26,0.3691605,-1,APA
1761,2024-04-09,0.6889796,-1,WAT
1762,2024-04-16,0.8172915,-1,NKE
1763,2024-05-21,0.5797737,-1,WRB
1764,2024-04-01,0.43097717,-1,WTW
1765,2024-04-26,0.34268156,1,FSLR
1766,2024-04-04,0.36396548,-1,SO
1767,2024-04-02,0.78385276,-1,IT
1768,2024-05-13,0.57715213,1,CAT
1769,2024-04-11,0.49918896,-1,PNR
1770,2024-05-16,0.59728974,-1,CNC
1771,2024-04-17,0.47840822,1,CPAY
1772,2024-05-22,0.38387525,-1,PANW
1773,2024-05-10,0.5228808,-1,AMZN
1774,2024-04-05,0.33581716,-1,BAX
1775,2024-04-05,0.4723914,-1,J
1776,2024-05-20,0.6379939,-1,ROP
1777,2024-05-20,0.45681834,-1,HAS
1778,2024-05-23,0.61837274,1,TRGP
1779,2024-04-22,0.5953015,1,TSLA
1780,2024-05-13,0.54828113,1,LNT
1781,2024-05-17,0.38397127,-1,MET
1782,2024-04-08,0.499772,-1,DVN
1783,2024-04-15,0.475745,1,TRGP
1784,2024-05-22,0.5344871,-1,ADSK
1785,2024-04-25,0.47554654,1,BIO
1786,2024-05-17,0.3454058,-1,L
1787,2024-05-02,0.37032935,1,ECL
1788,2024-05-14,0.50522655,1,WAB
1789,2024-05-14,0.34565082,1,PNW
1790,2024-05-06,0.45298892,-1,PARA
1791,2024-04-09,0.5286966,-1,GLW
1792,2024-05-06,0.5439792,1,TFX
1793,2024-05-09,0.45271966,1,SBUX
1794,2024-04-22,0.6136579,-1,KIM
1795,2024-05-06,0.40017402,1,PPL
1796,2024-04-12,0.14141348,-1,GEN
1797,2024-05-01,0.41835353,1,DD
1798,2024-05-20,0.59371495,-1,LRCX
1799,2024-04-18,0.4243272,1,LRCX
1800,2024-05-13,0.30854735,1,PPL
1801,2024-05-22,0.4015339,1,GEN
1802,2024-04-19,0.38333797,1,AIZ
1803,2024-04-11,0.38717723,-1,CPT
1804,2024-04-15,0.61458766,1,DVA
1805,2024-04-15,0.6062899,1,POOL
1806,2024-05-14,0.54457605,1,CHD
1807,2024-05-17,0.4385195,-1,HCA
1808,2024-04-24,0.4371784,1,PANW
1809,2024-05-14,0.5040885,1,LIN
1810,2024-04-08,0.5152783,-1,AZO
1811,2024-05-17,0.3917596,-1,STZ
1812,2024-04-22,0.46441287,-1,PAYC
1813,2024-05-22,0.5031294,1,INCY
1814,2024-05-10,0.43289456,-1,FDX
1815,2024-05-08,0.51307946,1,TSLA
1816,2024-04-30,0.44053507,-1,LIN
1817,2024-04-22,0.6195554,-1,GNRC
1818,2024-04-16,0.38552114,1,FOXA
1819,2024-05-21,0.55055565,-1,MDLZ
1820,2024-04-03,0.50708795,-1,IBM
1821,2024-04-24,0.3624034,1,UHS
1822,2024-04-22,0.60007703,-1,NDAQ
1823,2024-05-23,0.4984185,-1,IPG
1824,2024-04-25,0.44510725,1,PKG
1825,2024-04-22,0.39711455,-1,EFX
1826,2024-05-06,0.5234993,-1,ECL
1827,2024-04-19,0.5532575,1,GE
1828,2024-04-11,0.5016215,-1,SYK
1829,2024-04-12,0.43302438,1,PNW
1830,2024-04-23,0.41553292,-1,AMAT
1831,2024-05-03,0.643681,1,HII
1832,2024-04-10,0.4872355,-1,MOH
1833,2024-05-07,0.47480416,-1,STZ
1834,2024-05-21,0.5999188,-1,BX
1835,2024-04-11,0.46236023,1,NCLH
1836,2024-05-17,0.54895395,-1,CAH
1837,2024-04-11,0.41350314,-1,ON
1838,2024-04-10,0.56495744,-1,GDDY
1839,2024-05-20,0.4329209,-1,PEP
1840,2024-04-19,0.40672535,1,PAYC
1841,2024-04-01,0.40030816,1,LUV
1842,2024-04-10,0.38698286,-1,EVRG
1843,2024-04-09,0.2954964,-1,ALB
1844,2024-04-17,0.53724325,1,DGX
1845,2024-05-01,0.4025799,-1,GIS
1846,2024-05-09,0.5747035,1,SNPS
1847,2024-05-03,0.5041588,1,BX
1848,2024-04-11,0.43471777,-1,EQR
1849,2024-04-16,0.49976814,1,PWR
1850,2024-04-29,0.33066535,1,CE
1851,2024-05-23,0.5137228,1,AVY
1852,2024-04-16,0.5977534,-1,BBY
1853,2024-04-08,0.6356098,-1,CPB
1854,2024-03-28,0.26769483,-1,JPM
1855,2024-04-26,0.49829027,-1,JNPR
1856,2024-05-22,0.68023145,-1,BLDR
1857,2024-05-08,0.35636863,1,MSFT
1858,2024-04-23,0.45468226,-1,LKQ
1859,2024-04-12,0.7459851,-1,SMCI
1860,2024-04-22,0.44109285,-1,SLB
1861,2024-04-24,0.45703104,-1,EW
1862,2024-05-08,0.63254243,1,DHI
1863,2024-04-19,0.29672858,-1,NOW
1864,2024-05-20,0.5410269,-1,IPG
1865,2024-04-30,0.33685505,1,NVDA
1866,2024-05-16,0.4570184,1,RTX
1867,2024-03-28,0.56877494,1,AMZN
1868,2024-05-17,0.32561836,-1,PHM
1869,2024-04-11,0.45486474,-1,DRI
1870,2024-04-01,0.37006152,1,AMCR
1871,2024-05-14,0.17545624,-1,WST
1872,2024-04-05,0.5499093,-1,SLB
1873,2024-05-22,0.5427943,-1,MKTX
1874,2024-05-16,0.6481378,1,LLY
1875,2024-05-14,0.46260974,-1,EPAM
1876,2024-04-08,0.52769655,-1,AMGN
1877,2024-05-08,0.47885138,1,UAL
1878,2024-04-11,0.51124865,1,WFC
1879,2024-04-19,0.51702774,1,HPQ
1880,2024-05-21,0.64916044,-1,AME
1881,2024-04-12,0.4784951,-1,NSC
1882,2024-05-17,0.60767657,-1,KMX
1883,2024-05-21,0.3578701,-1,HOLX
1884,2024-04-12,0.4104094,1,GPN
1885,2024-04-29,0.38580075,1,MLM
1886,2024-05-10,0.453215,1,WELL
1887,2024-04-02,0.4859866,-1,WM
1888,2024-05-20,0.54166245,-1,GWW
1889,2024-04-22,0.54094714,1,HPE
1890,2024-05-17,0.41067484,-1,BAX
1891,2024-05-23,0.61688805,1,NKE
1892,2024-05-06,0.4906543,1,PPG
1893,2024-04-01,0.47092223,1,MSFT
1894,2024-05-21,0.47071972,-1,APA
1895,2024-04-09,0.4600323,-1,V
1896,2024-04-26,0.515418,1,VMC
1897,2024-05-01,0.52179724,-1,TRMB
1898,2024-05-10,0.6918158,-1,LVS
1899,2024-04-18,0.19929759,-1,LNT
1900,2024-05-13,0.5608338,1,EPAM
1901,2024-05-21,0.6410967,-1,AMGN
1902,2024-04-22,0.58413357,-1,ELV
1903,2024-04-26,0.72892666,-1,SWK
1904,2024-05-07,0.49682564,-1,NCLH
1905,2024-05-08,0.52111524,-1,CSX
1906,2024-05-20,0.52007455,-1,ZBH
1907,2024-05-21,0.45846948,-1,MKC
1908,2024-03-28,0.71933836,-1,BDX
1909,2024-05-03,0.5425193,1,SPG
1910,2024-04-29,0.46509457,-1,HPE
1911,2024-04-05,0.43337283,-1,PPL
1912,2024-05-23,0.45474187,-1,COF
1913,2024-04-19,0.3112535,1,AMD
1914,2024-05-01,0.5280379,1,PNW
1915,2024-05-15,0.4812574,-1,NEM
1916,2024-05-14,0.5590445,1,DD
1917,2024-04-16,0.5443544,1,BWA
1918,2024-05-02,0.47273,1,WRB
1919,2024-04-12,0.14559415,-1,WYNN
1920,2024-04-10,0.4448067,-1,KKR
1921,2024-05-20,0.722953,-1,DXCM
1922,2024-05-23,0.3715908,1,F
1923,2024-04-16,0.47153988,1,CVX
1924,2024-04-19,0.35550532,-1,F
1925,2024-05-23,0.50156236,-1,KR
1926,2024-05-07,0.50731343,1,CL
1927,2024-05-17,0.4986915,-1,KR
1928,2024-05-03,0.45778778,1,MMM
1929,2024-05-09,0.38912484,1,AMAT
1930,2024-04-18,0.49718058,1,MSFT
1931,2024-05-03,0.5549921,1,EFX
1932,2024-05-21,0.71861583,1,NVDA
1933,2024-05-07,0.4018432,-1,MNST
1934,2024-04-01,0.33218852,1,USB
1935,2024-05-13,0.41235468,-1,HSY
1936,2024-04-09,0.53446925,-1,MSI
1937,2024-05-08,0.48344797,1,FDS
1938,2024-04-17,0.51947343,1,DRI
1939,2024-05-21,0.43666127,-1,KDP
1940,2024-03-28,0.50057983,-1,AWK
1941,2024-05-06,0.55128235,1,BIIB
1942,2024-04-15,0.48283988,-1,ETN
1943,2024-04-30,0.4710246,1,ETN
1944,2024-04-05,0.30067602,-1,NCLH
1945,2024-05-20,0.52759904,-1,FTV
1946,2024-04-26,0.44180384,-1,WM
1947,2024-04-18,0.15678743,-1,BDX
1948,2024-05-03,0.49629462,-1,F
1949,2024-04-25,0.16449547,1,AIG
1950,2024-04-11,0.37983096,-1,DLR
1951,2024-05-13,0.5260261,1,HAL
1952,2024-05-16,0.44568676,-1,CL
1953,2024-05-01,0.5158864,1,LDOS
1954,2024-05-20,0.5817075,-1,IRM
1955,2024-05-14,0.45871362,-1,FE
1956,2024-03-28,0.36079916,-1,ULTA
1957,2024-05-08,0.44754183,1,XYL
1958,2024-05-09,0.645216,-1,IQV
1959,2024-05-21,0.5473934,-1,GOOGL
1960,2024-05-21,0.43170506,-1,FDS
1961,2024-04-03,0.41441277,-1,PM
1962,2024-05-03,0.39109567,-1,RCL
1963,2024-04-25,0.062321976,-1,SNPS
1964,2024-04-05,0.47162023,-1,COF
1965,2024-04-25,0.55561686,1,TRV
1966,2024-05-08,0.53032625,1,STE
1967,2024-05-17,0.6406852,-1,ABT
1968,2024-05-01,0.47506857,-1,HRL
1969,2024-05-06,0.5399692,-1,RSG
1970,2024-05-16,0.46332026,-1,FCX
1971,2024-05-07,0.49151653,1,NWS
1972,2024-05-10,0.6559959,-1,SYY
1973,2024-05-03,0.3488421,-1,USB
1974,2024-05-08,0.42074525,1,ANSS
1975,2024-04-05,0.4963037,-1,BBY
1976,2024-04-29,0.5750958,1,ZBRA
1977,2024-04-05,0.48390612,1,LMT
1978,2024-04-22,0.6166477,-1,ROP
1979,2024-05-16,0.51506066,-1,MDT
1980,2024-04-04,0.30563396,-1,UNP
1981,2024-04-25,0.21857637,-1,PAYC
1982,2024-04-09,0.43880746,-1,JCI
1983,2024-05-06,0.3096806,-1,SPGI
1984,2024-05-09,0.40042716,1,HUM
1985,2024-05-10,0.5358163,1,REGN
1986,2024-04-05,0.5841571,-1,IVZ
1987,2024-04-18,0.25666046,-1,INCY
1988,2024-04-26,0.38255876,1,L
1989,2024-05-10,0.4075015,1,JCI
1990,2024-04-18,0.5009643,-1,XOM
1991,2024-03-28,0.589154,1,MPWR
1992,2024-04-03,0.5083385,-1,GS
1993,2024-04-09,0.4728532,-1,CF
1994,2024-05-20,0.46400654,1,PWR
1995,2024-05-13,0.5036146,1,SMCI
1996,2024-05-21,0.5014431,-1,TECH
1997,2024-04-01,0.54036427,1,POOL
1998,2024-05-17,0.36619428,-1,USB
1999,2024-05-07,0.5464136,1,KDP
2000,2024-05-06,0.43585142,1,FE
2001,2024-04-11,0.56994194,-1,EQIX
2002,2024-04-10,0.369763,-1,CMCSA
2003,2024-04-19,0.32474372,1,ALGN
2004,2024-04-30,0.6512529,1,BRO
2005,2024-04-18,0.55327284,1,PEP
2006,2024-04-24,0.36003724,-1,KEYS
2007,2024-05-15,0.48090628,-1,IDXX
2008,2024-05-10,0.48711452,1,MKTX
2009,2024-04-10,0.4152854,-1,MCK
2010,2024-04-05,0.35111654,-1,NTRS
2011,2024-04-02,0.463376,1,ZTS
2012,2024-03-28,0.50994366,-1,TDY
2013,2024-04-19,0.4854918,-1,MKTX
2014,2024-04-01,0.46986187,1,FOXA
2015,2024-05-07,0.5929708,1,AAPL
2016,2024-05-14,0.48771894,-1,REG
2017,2024-04-18,0.47137526,-1,CBOE
2018,2024-04-12,0.50453115,1,O
2019,2024-04-29,0.63226664,1,BR
2020,2024-04-01,0.46794525,-1,MTCH
2021,2024-04-01,0.28723323,1,MTB
2022,2024-04-30,0.51090974,-1,HII
2023,2024-04-30,0.42499083,1,PEP
2024,2024-05-21,0.69966644,1,TMUS
2025,2024-04-05,0.5119578,1,AAPL
2026,2024-04-15,0.39261872,1,UAL
2027,2024-04-12,0.5030604,1,WMT
2028,2024-04-29,0.46858078,1,AEP
2029,2024-05-23,0.4305732,1,ATO
2030,2024-04-17,0.27496558,1,PRU
2031,2024-05-07,0.5219935,1,NVDA
2032,2024-05-21,0.50040966,-1,TRMB
2033,2024-04-22,0.46692726,-1,EPAM
2034,2024-05-17,0.57066625,1,PEG
2035,2024-05-10,0.36414263,-1,ACN
2036,2024-05-23,0.5349703,-1,ZBH
2037,2024-04-26,0.74651015,-1,CSCO
2038,2024-04-03,0.42736015,-1,COR
2039,2024-04-24,0.44405532,-1,INTC
2040,2024-04-26,0.558226,-1,WMB
2041,2024-05-02,0.52008563,1,GEN
2042,2024-04-18,0.49130908,-1,PSA
2043,2024-04-11,0.4013166,-1,GLW
2044,2024-05-08,0.50114715,-1,GL
2045,2024-05-13,0.45399913,1,CTAS
2046,2024-05-17,0.3207451,-1,DFS
2047,2024-04-12,0.38082135,1,IVZ
2048,2024-05-07,0.4123394,-1,KHC
2049,2024-04-25,0.57353914,1,MKTX
2050,2024-05-16,0.48579118,-1,CINF
2051,2024-04-22,0.5159932,1,FAST
2052,2024-04-02,0.50255907,1,PAYX
2053,2024-04-29,0.49490145,1,ALGN
2054,2024-04-18,0.22701582,1,YUM
2055,2024-05-01,0.49443492,1,NTRS
2056,2024-05-16,0.44581148,-1,JNJ
2057,2024-04-23,0.2961828,-1,LVS
2058,2024-05-09,0.5592203,1,TSCO
2059,2024-05-08,0.40075782,1,EG
2060,2024-04-22,0.5579091,-1,EXPD
2061,2024-05-14,0.56062233,-1,HCA
2062,2024-04-11,0.30401585,1,KEY
2063,2024-05-17,0.6143256,-1,NCLH
2064,2024-05-23,0.6241378,-1,POOL
2065,2024-05-09,0.59633815,1,KMX
2066,2024-05-07,0.4426515,1,MCO
2067,2024-04-10,0.50687516,1,AAL
2068,2024-04-16,0.44206804,-1,ODFL
2069,2024-04-12,0.5045331,-1,CEG
2070,2024-04-30,0.62196696,-1,JNJ
2071,2024-04-01,0.33077663,-1,CRL
2072,2024-05-10,0.46450964,1,IDXX
2073,2024-05-13,0.5287405,1,BBWI
2074,2024-04-01,0.5396653,1,NOW
2075,2024-05-02,0.49687624,-1,MTCH
2076,2024-03-28,0.5527269,1,BKR
2077,2024-04-11,0.4817456,1,COF
2078,2024-04-23,0.38862818,-1,MDLZ
2079,2024-05-20,0.49859518,-1,MPWR
2080,2024-05-02,0.52956486,1,AVGO
2081,2024-05-09,0.27661958,-1,NTRS
2082,2024-04-23,0.52679193,-1,KEYS
2083,2024-04-03,0.5998745,1,NRG
2084,2024-04-04,0.37610427,-1,TER
2085,2024-04-22,0.2727356,1,SO
2086,2024-05-08,0.5876373,1,AVGO
2087,2024-04-16,0.5432231,1,TXT
2088,2024-04-25,0.25121123,-1,HST
2089,2024-04-01,0.16421469,-1,COF
2090,2024-04-05,0.5418053,-1,LNT
2091,2024-04-26,0.5767033,-1,GPN
2092,2024-04-11,0.48319793,-1,HAL
2093,2024-04-10,0.56348264,-1,GE
2094,2024-03-28,0.49007258,1,DOV
2095,2024-05-13,0.45741498,-1,ESS
2096,2024-05-06,0.4375348,1,HON
2097,2024-04-18,0.20488685,1,AVB
2098,2024-05-03,0.48411396,1,RJF
2099,2024-05-13,0.53666836,-1,PCAR
2100,2024-05-08,0.20685302,1,HPE
2101,2024-04-26,0.46543214,-1,IR
2102,2024-05-23,0.5039779,-1,ACGL
2103,2024-04-11,0.3834996,1,WEC
2104,2024-04-04,0.4363507,-1,OXY
2105,2024-04-03,0.47802523,1,META
2106,2024-04-25,0.4862954,1,XYL
2107,2024-04-23,0.29368955,1,WDC
2108,2024-05-16,0.4482182,-1,CAG
2109,2024-04-23,0.4469856,-1,ICE
2110,2024-05-10,0.46935183,1,IFF
2111,2024-04-15,0.44113192,1,STE
2112,2024-03-28,0.49227476,-1,DGX
2113,2024-05-20,0.58198667,-1,KMX
2114,2024-05-13,0.47519222,1,VLTO
2115,2024-04-08,0.48672283,-1,AXON
2116,2024-04-08,0.4908053,-1,EG
2117,2024-04-25,0.42176223,1,TT
2118,2024-04-26,0.5254401,1,DAL
2119,2024-04-03,0.524424,-1,L
2120,2024-04-25,0.41496214,1,KEY
2121,2024-05-07,0.31566185,-1,EOG
2122,2024-04-23,0.3864706,-1,BBWI
2123,2024-05-14,0.5086479,-1,AKAM
2124,2024-04-01,0.62234783,1,MTD
2125,2024-04-23,0.5360981,-1,RJF
2126,2024-04-02,0.5707465,-1,ITW
2127,2024-05-21,0.4561348,-1,CRL
2128,2024-04-08,0.308602,-1,CL
2129,2024-04-09,0.40649253,-1,BG
2130,2024-04-29,0.5089637,1,LUV
2131,2024-05-07,0.5647297,1,TFX
2132,2024-05-02,0.47582534,1,EVRG
2133,2024-04-29,0.74222755,1,SRE
2134,2024-05-08,0.53183365,-1,ATO
2135,2024-04-16,0.47123936,1,NEM
2136,2024-04-03,0.55422544,-1,BIIB
2137,2024-04-23,0.4942752,1,EA
2138,2024-04-12,0.4031459,-1,FAST
2139,2024-04-02,0.45395535,-1,FOX
2140,2024-04-01,0.50150263,-1,SLB
2141,2024-05-09,0.4540341,1,PCG
2142,2024-04-05,0.46849766,-1,COP
2143,2024-04-04,0.48343125,-1,AMT
2144,2024-04-03,0.5649991,1,UBER
2145,2024-05-08,0.43090436,1,PG
2146,2024-05-21,0.47385895,-1,XOM
2147,2024-04-08,0.50849366,-1,NEM
2148,2024-05-14,0.7286725,1,WTW
2149,2024-04-18,0.43659425,1,AXON
2150,2024-04-30,0.5348231,1,GEHC
2151,2024-05-08,0.51843625,1,CAH
2152,2024-05-13,0.1821238,1,BIIB
2153,2024-04-18,0.09031498,1,MTB
2154,2024-04-29,0.6950147,1,PSA
2155,2024-05-01,0.3736385,1,PWR
2156,2024-04-10,0.46818078,-1,BSX
2157,2024-05-08,0.38102633,-1,HAL
2158,2024-05-13,0.47817206,-1,TJX
2159,2024-04-26,0.6143659,1,NVDA
2160,2024-04-15,0.50888973,1,KR
2161,2024-04-22,0.44134477,1,DAY
2162,2024-05-03,0.41115385,1,LNT
2163,2024-04-01,0.3945967,1,NTRS
2164,2024-04-11,0.4105138,-1,CDNS
2165,2024-05-01,0.46974647,1,D
2166,2024-04-17,0.5716752,1,HPQ
2167,2024-04-25,0.5141531,1,USB
2168,2024-04-17,0.22958386,-1,CSCO
2169,2024-04-18,0.07707286,1,DGX
2170,2024-04-03,0.5174502,1,BR
2171,2024-05-17,0.49257788,1,EXPD
2172,2024-05-22,0.34474948,1,SPG
2173,2024-05-14,0.48640865,1,CL
2174,2024-05-23,0.546227,-1,RMD
2175,2024-05-09,0.62603015,-1,ANSS
2176,2024-04-17,0.5219856,1,DXCM
2177,2024-05-07,0.4566711,1,EIX
2178,2024-04-01,0.58131576,-1,CAH
2179,2024-04-02,0.47770557,-1,MKC
2180,2024-03-28,0.5323837,-1,KHC
2181,2024-04-02,0.5392364,-1,ADSK
2182,2024-04-16,0.38791093,1,PM
2183,2024-04-10,0.5878307,-1,NXPI
2184,2024-05-07,0.5167922,-1,CRL
2185,2024-04-05,0.5274949,-1,PSX
2186,2024-04-16,0.5684086,1,ROP
2187,2024-05-10,0.5955415,1,ISRG
2188,2024-03-28,0.45585877,1,KKR
2189,2024-04-22,0.53256834,-1,TJX
2190,2024-05-14,0.5349682,-1,MKC
2191,2024-05-23,0.4946299,1,VICI
2192,2024-04-02,0.53292805,-1,TDG
2193,2024-04-08,0.14662768,-1,FSLR
2194,2024-05-09,0.5823622,1,FFIV
2195,2024-05-13,0.52677715,1,JNPR
2196,2024-04-16,0.63084877,1,OMC
2197,2024-05-06,0.4818607,1,WY
2198,2024-05-01,0.6197511,1,ADBE
2199,2024-05-22,0.43212095,1,EQT
2200,2024-05-16,0.4699346,-1,CHTR
2201,2024-04-08,0.4467928,-1,DOW
2202,2024-04-03,0.56069064,-1,TT
2203,2024-04-03,0.4813392,-1,PSA
2204,2024-05-14,0.60670906,1,BRO
2205,2024-05-15,0.5968361,-1,SCHW
2206,2024-05-23,0.46488845,1,KMI
2207,2024-05-22,0.47624967,-1,TEL
2208,2024-04-08,0.54520607,-1,WST
2209,2024-04-16,0.5150075,-1,TTWO
2210,2024-04-16,0.49422413,1,AXON
2211,2024-04-09,0.5143779,-1,NEE
2212,2024-05-22,0.42912692,1,HPQ
2213,2024-05-20,0.5832078,-1,DHI
2214,2024-05-06,0.62085265,1,PLD
2215,2024-05-06,0.16924226,1,GLW
2216,2024-05-17,0.7679519,-1,MTCH
2217,2024-05-06,0.43381423,1,NWSA
2218,2024-04-30,0.2977884,-1,BDX
2219,2024-04-23,0.59040517,-1,ENPH
2220,2024-05-08,0.45062107,1,MDLZ
2221,2024-04-08,0.393672,-1,PEG
2222,2024-05-02,0.4523995,1,MHK
2223,2024-04-26,0.39525077,-1,MCK
2224,2024-05-02,0.4806909,-1,FSLR
2225,2024-04-19,0.5205401,1,KIM
2226,2024-05-03,0.5182502,1,WM
2227,2024-04-09,0.52658725,-1,AIG
2228,2024-05-23,0.43024597,-1,BRO
2229,2024-05-23,0.6808157,-1,WST
2230,2024-05-17,0.47627562,-1,AME
2231,2024-04-23,0.37643346,1,TFX
2232,2024-05-17,0.55313224,-1,ZBH
2233,2024-04-24,0.4682622,-1,NWS
2234,2024-05-14,0.6200112,-1,QRVO
2235,2024-04-05,0.5090337,-1,WBA
2236,2024-04-16,0.44218323,1,AOS
2237,2024-05-23,0.5192239,-1,KEYS
2238,2024-04-08,0.55672336,-1,ZBRA
2239,2024-05-14,0.42248836,-1,EQR
2240,2024-05-14,0.54086345,1,NDAQ
2241,2024-05-20,0.37970176,-1,FIS
2242,2024-04-12,0.6029202,-1,ARE
2243,2024-04-04,0.49804404,-1,CHTR
2244,2024-04-15,0.382225,1,SWKS
2245,2024-04-23,0.4851664,-1,JCI
2246,2024-04-23,0.4214484,1,GD
2247,2024-05-20,0.50408053,-1,L
2248,2024-04-08,0.49938327,-1,PSX
2249,2024-04-11,0.48710105,-1,PWR
2250,2024-04-23,0.49302498,-1,MGM
2251,2024-05-14,0.51847136,1,VRSK
2252,2024-04-10,0.39056772,-1,CCI
2253,2024-04-19,0.4709564,-1,CPB
2254,2024-04-16,0.58739614,-1,HUM
2255,2024-04-24,0.51073545,-1,ANET
2256,2024-04-10,0.5049797,-1,FANG
2257,2024-05-21,0.4962062,1,FANG
2258,2024-04-16,0.55280524,1,EA
2259,2024-05-13,0.6688959,1,NCLH
2260,2024-05-22,0.48684958,1,TRV
2261,2024-04-10,0.5911249,-1,DE
2262,2024-04-03,0.51060146,-1,SPGI
2263,2024-04-24,0.60679626,-1,RVTY
2264,2024-04-16,0.46192065,1,WMT
2265,2024-05-09,0.40097436,-1,CPAY
2266,2024-05-14,0.5465025,-1,HON
2267,2024-04-03,0.37245977,1,PAYX
2268,2024-05-14,0.38390994,1,MDT
2269,2024-05-17,0.62633485,1,WDC
2270,2024-04-26,0.39780483,-1,MO
2271,2024-05-09,0.51320666,1,PANW
2272,2024-05-09,0.50766706,1,WMB
2273,2024-04-12,0.463023,-1,CMI
2274,2024-05-13,0.14995016,1,NWS
2275,2024-04-30,0.3121729,1,V
2276,2024-04-19,0.52084655,1,LRCX
2277,2024-05-16,0.41320303,1,TTWO
2278,2024-04-25,0.68954045,1,TSLA
2279,2024-05-13,0.54392916,1,ADBE
2280,2024-04-26,0.49874812,-1,ON
2281,2024-05-21,0.46866736,1,COR
2282,2024-05-07,0.48135805,1,TROW
2283,2024-04-25,0.41447175,-1,RTX
2284,2024-04-03,0.51501155,1,OXY
2285,2024-05-20,0.38662687,-1,RJF
2286,2024-05-21,0.47099933,-1,FTNT
2287,2024-04-02,0.57117444,-1,KIM
2288,2024-04-11,0.38802528,-1,WAT
2289,2024-05-16,0.46383575,-1,PNW
2290,2024-04-02,0.5119468,-1,UPS
2291,2024-04-12,0.21808034,1,K
2292,2024-04-10,0.4989003,-1,RJF
2293,2024-05-23,0.5030563,-1,FAST
2294,2024-05-08,0.5063751,-1,CPT
2295,2024-04-29,0.43254542,1,PH
2296,2024-05-09,0.49207613,1,FICO
2297,2024-04-12,0.24903186,-1,BDX
2298,2024-05-15,0.715881,-1,BLK
2299,2024-04-24,0.51263225,1,BA
2300,2024-04-29,0.4834896,-1,SBUX
2301,2024-04-09,0.49947762,-1,CZR
2302,2024-05-03,0.5032645,1,CHD
2303,2024-05-13,0.5278444,-1,FMC
2304,2024-05-16,0.50887233,-1,GS
2305,2024-04-02,0.37999728,1,DPZ
2306,2024-05-20,0.1872382,-1,NOW
2307,2024-05-23,0.45225477,1,ABBV
2308,2024-05-20,0.5181963,-1,ESS
2309,2024-05-01,0.58445674,-1,O
2310,2024-04-26,0.56972563,-1,WY
2311,2024-04-03,0.56020385,-1,PNC
2312,2024-04-05,0.2492731,-1,NSC
2313,2024-04-26,0.45824227,1,STT
2314,2024-05-06,0.5764037,1,HWM
2315,2024-04-30,0.37584668,1,MTD
2316,2024-04-10,0.5152345,-1,DECK
2317,2024-05-08,0.49683166,1,USB
2318,2024-03-28,0.48168227,1,CVX
2319,2024-05-23,0.2924499,1,CNP
2320,2024-04-12,0.5620919,1,HON
2321,2024-04-01,0.21305136,1,KEY
2322,2024-04-26,0.620822,-1,SWKS
2323,2024-04-16,0.48174056,-1,MLM
2324,2024-04-19,0.5666757,1,AVY
2325,2024-04-30,0.37452775,1,PFE
2326,2024-04-29,0.6867099,-1,WBA
2327,2024-05-13,0.63984156,1,NFLX
2328,2024-05-09,0.6496641,-1,MNST
2329,2024-05-08,0.72652787,1,PAYX
2330,2024-04-12,0.3851164,1,FOXA
2331,2024-04-16,0.40325874,1,ABNB
2332,2024-04-18,0.28904283,1,TSCO
2333,2024-04-05,0.50830513,-1,ARE
2334,2024-05-16,0.64150107,-1,AJG
2335,2024-04-02,0.45956346,-1,SHW
2336,2024-04-12,0.67389596,1,NKE
2337,2024-04-19,0.42789382,1,MSFT
2338,2024-04-15,0.3622992,1,MMC
2339,2024-05-17,0.56445134,-1,WST
2340,2024-05-03,0.18174526,1,AVGO
2341,2024-04-26,0.48476467,-1,HCA
2342,2024-05-16,0.47769973,-1,ESS
2343,2024-04-09,0.6222389,-1,EPAM
2344,2024-04-11,0.4166278,-1,CEG
2345,2024-04-17,0.5131252,1,RL
2346,2024-04-08,0.47982758,-1,C
2347,2024-03-28,0.3884882,-1,DG
2348,2024-04-16,0.51763016,1,STZ
2349,2024-05-03,0.5503002,-1,ZBH
2350,2024-04-10,0.53572744,1,CAG
2351,2024-05-02,0.4571325,-1,INTC
2352,2024-05-10,0.49478585,1,EQIX
2353,2024-04-24,0.41381094,1,AES
2354,2024-04-10,0.32526004,-1,FMC
2355,2024-04-22,0.37475544,-1,APA
2356,2024-05-21,0.5357866,-1,TSLA
2357,2024-04-18,0.54892737,-1,HUM
2358,2024-04-15,0.4498555,1,CTVA
2359,2024-04-05,0.5796173,-1,CAG
2360,2024-05-09,0.55153,1,TJX
2361,2024-04-25,0.36852998,1,AOS
2362,2024-04-22,0.4919098,-1,DIS
2363,2024-05-20,0.42275825,-1,VRTX
2364,2024-05-21,0.56920356,-1,GEHC
2365,2024-04-30,0.52074856,1,JCI
2366,2024-03-28,0.48481616,1,EMN
2367,2024-05-14,0.25483033,-1,HSIC
2368,2024-05-07,0.55734295,1,DAL
2369,2024-04-30,0.5864292,-1,TPR
2370,2024-05-10,0.61349684,1,HPQ
2371,2024-04-23,0.55245537,-1,V
2372,2024-05-08,0.4482564,1,A
2373,2024-04-12,0.5798897,-1,MHK
2374,2024-04-15,0.2747638,1,MTD
2375,2024-04-03,0.4680113,1,DVN
2376,2024-04-16,0.579472,1,NVR
2377,2024-04-01,0.542803,1,SYK
2378,2024-04-03,0.47466415,-1,TYL
2379,2024-04-02,0.5401235,-1,AWK
2380,2024-04-26,0.65474015,-1,FFIV
2381,2024-04-05,0.5022938,-1,SCHW
2382,2024-04-01,0.5286001,1,MCO
2383,2024-05-21,0.6153696,-1,DFS
2384,2024-05-06,0.5088365,-1,KR
2385,2024-05-22,0.501751,-1,TSN
2386,2024-05-06,0.44376877,1,PKG
2387,2024-05-20,0.58267283,-1,BKNG
2388,2024-04-19,0.72917545,-1,CINF
2389,2024-04-09,0.51217437,1,NRG
2390,2024-04-01,0.42389992,1,NDAQ
2391,2024-04-03,0.49096757,1,XYL
2392,2024-05-02,0.36284766,1,PARA
2393,2024-04-23,0.47051355,1,MTD
2394,2024-05-02,0.44298422,1,LH
2395,2024-04-04,0.41008112,1,WMT
2396,2024-05-13,0.54119664,1,MDT
2397,2024-04-23,0.53058994,-1,ROK
2398,2024-05-06,0.5289997,-1,CBOE
2399,2024-04-18,0.38048705,-1,CMCSA
2400,2024-05-02,0.52414054,-1,EPAM
2401,2024-05-20,0.1449436,-1,MLM
2402,2024-05-21,0.4007582,1,TJX
2403,2024-04-12,0.4318871,1,GOOG
2404,2024-05-20,0.59565,-1,KKR
2405,2024-05-07,0.47625718,1,ORCL
2406,2024-04-30,0.30829665,1,MSI
2407,2024-05-23,0.4158823,1,DTE
2408,2024-04-15,0.51567554,-1,STLD
2409,2024-04-26,0.5063913,-1,MA
2410,2024-04-09,0.49131924,-1,TYL
2411,2024-05-10,0.40001225,1,MDT
2412,2024-04-12,0.41466472,1,AES
2413,2024-04-22,0.51758635,1,MCHP
2414,2024-04-12,0.43998984,1,FSLR
2415,2024-04-22,0.46757293,1,ESS
2416,2024-04-18,0.38079405,1,DAY
2417,2024-05-10,0.20733158,1,AMAT
2418,2024-05-23,0.6466247,1,CHTR
2419,2024-04-12,0.47077143,1,CBOE
2420,2024-04-09,0.5248117,-1,ALL
2421,2024-04-18,0.26498732,-1,REGN
2422,2024-05-16,0.552414,-1,NKE
2423,2024-05-01,0.23325302,1,UHS
2424,2024-05-07,0.5132701,1,PCAR
2425,2024-04-25,0.64014417,1,PANW
2426,2024-05-08,0.4969523,-1,REGN
2427,2024-05-02,0.49461222,-1,EXPE
2428,2024-04-26,0.42140475,1,DOC
2429,2024-04-26,0.43776613,1,BRO
2430,2024-05-23,0.43235564,1,CZR
2431,2024-05-17,0.3222313,-1,ALB
2432,2024-04-04,0.51520836,1,AMZN
2433,2024-04-01,0.5064747,-1,NOC
2434,2024-04-29,0.5549464,1,IVZ
2435,2024-04-18,0.3495777,1,MRK
2436,2024-04-30,0.54617655,1,PAYX
2437,2024-04-05,0.46559927,-1,FAST
2438,2024-04-30,0.7687182,1,BLK
2439,2024-04-24,0.5587632,1,AMT
2440,2024-05-14,0.49465263,-1,FMC
2441,2024-05-21,0.50202405,-1,BK
2442,2024-04-16,0.5697683,1,HON
2443,2024-04-26,0.5519737,1,GOOGL
2444,2024-04-19,0.62901616,-1,ADP
2445,2024-04-17,0.5007067,1,GL
2446,2024-05-09,0.4833975,1,JCI
2447,2024-04-03,0.026411282,1,FFIV
2448,2024-05-03,0.6135764,1,VMC
2449,2024-05-10,0.5252697,1,VST
2450,2024-04-16,0.6145496,1,AMCR
2451,2024-04-29,0.64321846,1,CMS
2452,2024-04-22,0.523522,1,FRT
2453,2024-04-29,0.5560347,1,HUM
2454,2024-05-20,0.49821642,-1,WELL
2455,2024-05-07,0.3555667,1,DD
2456,2024-05-03,0.44830674,1,ELV
2457,2024-05-02,0.47244832,1,XOM
2458,2024-04-08,0.46962214,-1,ECL
2459,2024-05-14,0.44029737,-1,HBAN
2460,2024-04-04,0.54850763,-1,BBWI
2461,2024-04-19,0.505883,1,SMCI
2462,2024-05-01,0.5272558,1,YUM
2463,2024-05-07,0.39695567,1,EMN
2464,2024-03-28,0.38759768,1,AEE
2465,2024-05-10,0.5023503,1,REG
2466,2024-04-08,0.523324,-1,CSX
2467,2024-05-03,0.569125,1,CEG
2468,2024-04-10,0.6190291,-1,CBRE
2469,2024-04-30,0.5160297,1,APD
2470,2024-04-22,0.55000925,-1,UPS
2471,2024-04-03,0.2955502,1,ARE
2472,2024-04-22,0.37610394,-1,CMI
2473,2024-04-03,0.6860339,-1,LW
2474,2024-05-01,0.2615705,1,POOL
2475,2024-04-08,0.46405318,-1,DLR
2476,2024-05-08,0.4979708,-1,CMG
2477,2024-04-04,0.3096019,-1,TMO
2478,2024-05-14,0.3360208,1,TEL
2479,2024-04-10,0.39221683,-1,STE
2480,2024-05-14,0.68594366,-1,GEN
2481,2024-04-05,0.4813117,-1,INTC
2482,2024-04-08,0.34740257,-1,MOH
2483,2024-04-02,0.41647962,-1,KR
2484,2024-04-30,0.31409317,1,ANSS
2485,2024-05-01,0.5475342,1,DAY
2486,2024-04-12,0.38255903,1,NCLH
2487,2024-05-01,0.67583245,1,FI
2488,2024-05-07,0.5277817,1,AVY
2489,2024-05-15,0.57262164,-1,NKE
2490,2024-04-30,0.50969845,1,WAB
2491,2024-05-16,0.315868,-1,HSY
2492,2024-04-05,0.44599676,1,VLTO
2493,2024-04-22,0.45460984,1,MU
2494,2024-03-28,0.5428409,-1,BIO
2495,2024-04-30,0.45189595,1,CMI
2496,2024-05-22,0.36881,-1,NSC
2497,2024-03-28,0.45638114,-1,KO
2498,2024-05-20,0.39814934,1,ROST
2499,2024-04-16,0.46291903,1,NEE
2500,2024-04-26,0.49327406,1,TXT
2501,2024-04-19,0.48030344,1,DPZ
2502,2024-05-17,0.4945689,-1,CTAS
2503,2024-05-17,0.09393872,1,FSLR
2504,2024-05-08,0.6892017,-1,LIN
2505,2024-05-14,0.55385715,-1,ALLE
2506,2024-04-09,0.47321492,-1,MRK
2507,2024-05-09,0.5450372,-1,CLX
2508,2024-03-28,0.3820171,-1,PPL
2509,2024-04-02,0.52584404,1,TSCO
2510,2024-04-17,0.47493815,1,ESS
2511,2024-04-19,0.511673,1,CCL
2512,2024-04-23,0.47147864,1,VRSK
2513,2024-05-21,0.5404766,1,MTCH
2514,2024-04-08,0.42869803,-1,WRB
2515,2024-05-16,0.53305376,-1,ULTA
2516,2024-05-20,0.5293342,-1,BBWI
2517,2024-04-10,0.5745143,-1,ENPH
2518,2024-04-23,0.45762476,-1,MTB
2519,2024-04-01,0.4536525,-1,STE
2520,2024-05-21,0.47497207,1,DLTR
2521,2024-04-17,0.43799353,1,INTU
2522,2024-04-25,0.18343735,1,HOLX
2523,2024-05-13,0.5122742,1,PEG
2524,2024-03-28,0.57848763,1,LYB
2525,2024-04-10,0.58519995,-1,VRSN
2526,2024-05-21,0.5009636,-1,INCY
2527,2024-05-10,0.24564402,-1,ES
2528,2024-04-05,0.48505393,-1,NXPI
2529,2024-04-09,0.50341463,-1,MAS
2530,2024-04-17,0.4883285,1,NVR
2531,2024-04-09,0.3981991,1,MCD
2532,2024-05-21,0.5927799,-1,WBA
2533,2024-04-16,0.5407512,1,GOOGL
2534,2024-05-09,0.62728447,-1,ODFL
2535,2024-05-08,0.5120044,-1,DUK
2536,2024-04-17,0.3761195,1,CARR
2537,2024-05-09,0.49550107,1,HWM
2538,2024-04-05,0.47488317,-1,CDNS
2539,2024-04-01,0.4333745,1,HRL
2540,2024-05-10,0.5007055,-1,FRT
2541,2024-04-17,0.40641707,1,ZBRA
2542,2024-04-15,0.47319752,-1,ZBRA
2543,2024-05-02,0.41030312,1,REGN
2544,2024-04-04,0.47269455,-1,MOH
2545,2024-05-02,0.50368077,1,WEC
2546,2024-04-17,0.55242056,1,UNH
2547,2024-04-17,0.53759307,-1,CSX
2548,2024-03-28,0.4066807,1,ALLE
2549,2024-04-11,0.49245653,-1,V
2550,2024-04-09,0.42556712,-1,HAL
2551,2024-05-09,0.6206185,1,KIM
2552,2024-05-23,0.50577694,-1,ALLE
2553,2024-04-12,0.41405436,1,CMCSA
2554,2024-04-19,0.45273367,1,OXY
2555,2024-04-25,0.57727957,1,BDX
2556,2024-05-16,0.5553406,-1,MCO
2557,2024-04-12,0.53165966,-1,KKR
2558,2024-05-16,0.47602254,-1,EFX
2559,2024-04-05,0.42567924,-1,UBER
2560,2024-04-17,0.38341904,1,PPL
2561,2024-04-11,0.5088254,1,HUM
2562,2024-05-21,0.59684885,-1,ABT
2563,2024-05-15,0.45056117,-1,PEG
2564,2024-05-03,0.5845364,1,COST
2565,2024-04-30,0.7373384,1,ZBH
2566,2024-05-01,0.48668396,1,PNC
2567,2024-05-10,0.49439326,-1,UBER
2568,2024-04-19,0.39425752,1,CMS
2569,2024-05-10,0.3608135,1,LNT
2570,2024-03-28,0.30335408,-1,IFF
2571,2024-04-16,0.71606463,1,STE
2572,2024-04-12,0.55858344,-1,FTNT
2573,2024-05-20,0.49063578,-1,CMCSA
2574,2024-05-17,0.43602398,-1,BSX
2575,2024-04-29,0.5458936,1,AAL
2576,2024-04-19,0.28933212,-1,CZR
2577,2024-05-03,0.5590188,1,BBWI
2578,2024-05-20,0.51882666,1,HPQ
2579,2024-04-22,0.51357394,-1,HCA
2580,2024-04-24,0.5416222,1,HOLX
2581,2024-04-11,0.6077551,-1,ADI
2582,2024-04-23,0.44196063,-1,AXP
2583,2024-05-03,0.4068377,-1,PGR
2584,2024-05-17,0.3972365,-1,CB
2585,2024-05-09,0.53708,1,TER
2586,2024-05-08,0.44838375,-1,BKNG
2587,2024-04-01,0.5154985,-1,VRSK
2588,2024-04-10,0.35272777,-1,CSGP
2589,2024-04-03,0.38746825,-1,KMB
2590,2024-04-11,0.4323803,-1,APTV
2591,2024-05-10,0.4325381,1,PPL
2592,2024-03-28,0.4385871,-1,CF
2593,2024-04-22,0.41880426,-1,EXPE
2594,2024-04-29,0.7019108,1,HSIC
2595,2024-04-15,0.52188516,-1,CAH
2596,2024-04-01,0.49967176,1,AES
2597,2024-04-05,0.23152857,-1,KKR
2598,2024-04-02,0.44087902,-1,MCD
2599,2024-04-08,0.31307074,-1,AES
2600,2024-04-09,0.49582207,-1,HLT
2601,2024-05-21,0.55783147,-1,KO
2602,2024-05-16,0.5039567,-1,EXPE
2603,2024-05-13,0.5776321,1,MOS
2604,2024-04-12,0.525402,1,MAA
2605,2024-04-23,0.5470313,-1,MLM
2606,2024-04-17,0.37820885,1,ELV
2607,2024-05-17,0.5346251,-1,MNST
2608,2024-05-01,0.4746868,1,DE
2609,2024-05-02,0.44068626,-1,CF
2610,2024-04-03,0.52133286,-1,AAL
2611,2024-04-22,0.52722687,-1,WTW
2612,2024-04-19,0.52068406,-1,PKG
2613,2024-05-16,0.40882644,-1,ADSK
2614,2024-04-05,0.4145487,-1,SNPS
2615,2024-04-12,0.5522943,1,HUM
2616,2024-04-19,0.42260712,-1,ADSK
2617,2024-05-10,0.46001083,1,PAYC
2618,2024-04-02,0.48196542,-1,ICE
2619,2024-05-17,0.47061378,-1,UPS
2620,2024-04-11,0.24886453,-1,JKHY
2621,2024-05-06,0.40718573,-1,AZO
2622,2024-04-25,0.4505805,-1,ORCL
2623,2024-05-10,0.6230247,-1,NTRS
2624,2024-04-25,0.21193898,1,NWS
2625,2024-05-20,0.4214846,-1,XEL
2626,2024-04-09,0.5480561,-1,WMB
2627,2024-05-14,0.51134604,-1,GL
2628,2024-05-16,0.4200656,1,DD
2629,2024-04-30,0.43605813,1,CPAY
2630,2024-05-23,0.3974885,1,EXC
2631,2024-05-10,0.4146277,1,UDR
2632,2024-05-21,0.48338714,-1,SWKS
2633,2024-04-08,0.7351203,-1,PARA
2634,2024-05-02,0.49202216,-1,O
2635,2024-05-01,0.47946668,1,AZO
2636,2024-04-22,0.44940403,-1,LYB
2637,2024-04-25,0.5124359,-1,IT
2638,2024-04-12,0.45376974,1,AIG
2639,2024-04-29,0.42743564,1,KO
2640,2024-04-03,0.49830484,1,COP
2641,2024-04-01,0.37397325,1,HES
2642,2024-05-23,0.54784095,-1,CNC
2643,2024-05-09,0.7101669,1,EG
2644,2024-04-26,0.6597275,-1,ORLY
2645,2024-04-23,0.46296105,1,PODD
2646,2024-04-15,0.33757913,1,ALLE
2647,2024-05-03,0.50794315,-1,COP
2648,2024-04-25,0.22235382,1,WEC
2649,2024-05-22,0.22599642,-1,CMG
2650,2024-05-17,0.44364297,1,DVA
2651,2024-04-23,0.38081375,-1,ATO
2652,2024-05-14,0.33472347,1,GD
2653,2024-05-03,0.43824065,1,NTRS
2654,2024-04-11,0.5183188,-1,BIIB
2655,2024-04-09,0.57920015,1,DAL
2656,2024-04-23,0.5482037,-1,HAL
2657,2024-04-15,0.51720035,1,CTLT
2658,2024-04-03,0.6107521,-1,HPQ
2659,2024-04-02,0.41316783,-1,RCL
2660,2024-04-03,0.4409171,1,CARR
2661,2024-04-12,0.45351264,1,SRE
2662,2024-05-02,0.5578867,1,VRSK
2663,2024-04-26,0.41059753,1,PNR
2664,2024-05-09,0.47584784,-1,CAG
2665,2024-04-25,0.46061966,1,VRSK
2666,2024-04-25,0.36884335,1,GE
2667,2024-05-01,0.41605854,1,KKR
2668,2024-04-05,0.43723807,-1,JBHT
2669,2024-05-06,0.4030388,1,NEE
2670,2024-05-15,0.6626853,-1,L
2671,2024-04-23,0.70035094,1,RMD
2672,2024-04-30,0.47975475,1,CFG
2673,2024-05-07,0.47925237,1,COST
2674,2024-04-01,0.4697316,-1,ROP
2675,2024-04-17,0.55431914,1,ADBE
2676,2024-04-30,0.3129767,1,CEG
2677,2024-04-04,0.43240276,-1,LW
2678,2024-04-16,0.37224713,1,CPT
2679,2024-04-09,0.56149805,-1,SHW
2680,2024-05-22,0.5599575,-1,GPN
2681,2024-05-06,0.4739916,1,UPS
2682,2024-04-10,0.5547713,-1,TSLA
2683,2024-04-29,0.5882365,-1,FRT
2684,2024-05-10,0.47664312,1,BAC
2685,2024-04-30,0.21276823,1,NI
2686,2024-04-23,0.4187532,1,XYL
2687,2024-05-14,0.52370197,-1,ORLY
2688,2024-04-18,0.5347536,1,AEP
2689,2024-05-03,0.46794173,1,VICI
2690,2024-05-01,0.49847886,1,JKHY
2691,2024-03-28,0.15824808,-1,IQV
2692,2024-04-23,0.37272933,-1,BKR
2693,2024-04-17,0.600451,-1,DD
2694,2024-05-23,0.43390018,1,CHD
2695,2024-04-15,0.35318896,1,NI
2696,2024-03-28,0.59092396,1,PCG
2697,2024-05-23,0.28188527,1,BEN
2698,2024-04-11,0.3134446,1,CFG
2699,2024-04-29,0.42680174,1,KLAC
2700,2024-05-21,0.57406604,-1,PM
2701,2024-04-05,0.52773654,-1,EVRG
2702,2024-04-03,0.4923546,-1,KMX
2703,2024-05-20,0.49549484,-1,URI
2704,2024-05-03,0.5190285,1,TYL
2705,2024-05-03,0.5855768,1,SPGI
2706,2024-05-06,0.2640856,1,HAL
2707,2024-04-19,0.53138506,-1,LVS
2708,2024-04-25,0.54265416,1,WAT
2709,2024-05-23,0.46642748,1,KIM
2710,2024-04-19,0.45534602,-1,MCO
2711,2024-05-14,0.46374476,1,PODD
2712,2024-04-02,0.36613816,1,MRNA
2713,2024-05-23,0.30591944,-1,FMC
2714,2024-05-20,0.5320778,-1,PPG
2715,2024-04-23,0.58853555,-1,CTSH
2716,2024-05-23,0.4355171,-1,EA
2717,2024-04-16,0.5622869,1,CME
2718,2024-04-23,0.6829054,-1,GEN
2719,2024-04-30,0.7160139,1,ROST
2720,2024-04-04,0.613695,-1,AES
2721,2024-05-21,0.50817275,1,WELL
2722,2024-04-11,0.10393911,1,CMCSA
2723,2024-05-01,0.50927806,1,FANG
2724,2024-04-12,0.68109447,-1,ADBE
2725,2024-04-16,0.31091088,1,FMC
2726,2024-05-14,0.5165035,-1,WFC
2727,2024-05-10,0.5460077,1,CTSH
2728,2024-04-08,0.5322127,-1,DXCM
2729,2024-05-14,0.55212533,-1,SNPS
2730,2024-05-08,0.5498077,1,MTB
2731,2024-04-04,0.4327283,-1,FIS
2732,2024-04-10,0.5011201,-1,MET
2733,2024-05-23,0.5368059,-1,HAS
2734,2024-04-22,0.45721143,1,BSX
2735,2024-04-30,0.3963296,1,INCY
2736,2024-05-22,0.529976,-1,RVTY
2737,2024-05-21,0.597604,-1,BEN
2738,2024-04-04,0.5031258,-1,KLAC
2739,2024-04-19,0.35135183,-1,PGR
2740,2024-04-30,0.46102607,1,NTAP
2741,2024-05-09,0.46724808,-1,JNPR
2742,2024-04-30,0.5729078,1,MGM
2743,2024-05-14,0.21352863,-1,DVA
2744,2024-04-16,0.49847847,1,ED
2745,2024-05-16,0.47729865,-1,ETR
2746,2024-04-17,0.23185104,-1,HD
2747,2024-05-01,0.5236449,1,NKE
2748,2024-04-29,0.6326758,1,REG
2749,2024-05-14,0.52063406,-1,BALL
2750,2024-04-16,0.5473437,1,T
2751,2024-05-02,0.42919406,-1,J
2752,2024-05-03,0.527943,1,ON
2753,2024-04-30,0.46020147,1,EMR
2754,2024-05-02,0.45873386,1,EOG
2755,2024-05-09,0.39569956,1,CPB
2756,2024-04-22,0.4755474,1,ROL
2757,2024-04-29,0.6410217,-1,HAL
2758,2024-03-28,0.44042927,1,FRT
2759,2024-04-11,0.45186767,-1,ROST
2760,2024-04-18,0.51877564,1,AMT
2761,2024-04-02,0.69325256,-1,CARR
2762,2024-05-16,0.7502766,1,TJX
2763,2024-05-20,0.6225422,-1,LYB
2764,2024-05-17,0.39928332,-1,PH
2765,2024-05-02,0.277676,1,CFG
2766,2024-04-17,0.4123303,1,PANW
2767,2024-04-18,0.7870433,-1,PODD
2768,2024-04-17,0.3998508,-1,PPG
2769,2024-05-22,0.9085821,1,CTRA
2770,2024-04-19,0.5030137,1,VLO
2771,2024-05-06,0.57012093,-1,HST
2772,2024-04-24,0.4906641,-1,VLO
2773,2024-05-02,0.5939509,1,TAP
2774,2024-05-02,0.53209865,1,HON
2775,2024-04-10,0.3652274,-1,UPS
2776,2024-04-22,0.4750008,1,LDOS
2777,2024-04-26,0.22229907,-1,DG
2778,2024-04-29,0.3832255,-1,VZ
2779,2024-05-02,0.4415599,1,PKG
2780,2024-05-10,0.62039673,-1,BXP
2781,2024-05-03,0.51708,1,PPG
2782,2024-04-24,0.50138336,1,NTAP
2783,2024-04-30,0.50965005,1,NRG
2784,2024-04-08,0.57936025,-1,CVX
2785,2024-04-26,0.31994808,1,ALL
2786,2024-04-09,0.51482415,-1,OXY
2787,2024-04-15,0.5464346,1,TFX
2788,2024-05-16,0.49971944,-1,GM
2789,2024-04-17,0.46832928,1,RCL
2790,2024-04-12,0.42607027,1,GLW
2791,2024-04-03,0.49328533,1,HST
2792,2024-05-02,0.60469,1,DLTR
2793,2024-05-17,0.5402119,1,KKR
2794,2024-05-22,0.35191867,1,TSCO
2795,2024-04-19,0.36506048,1,LH
2796,2024-04-23,0.44643196,1,AIG
2797,2024-05-20,0.5332617,-1,CCI
2798,2024-05-03,0.54509,1,ACGL
2799,2024-04-01,0.39149484,1,CPB
2800,2024-04-23,0.5328042,1,MKTX
2801,2024-04-22,0.55021864,-1,GD
2802,2024-04-09,0.4971424,-1,IP
2803,2024-05-06,0.3424467,1,PRU
2804,2024-04-22,0.516338,-1,CME
2805,2024-05-14,0.54182285,-1,EXC
2806,2024-05-13,0.67419165,-1,GPN
2807,2024-05-23,0.5080859,1,ETR
2808,2024-03-28,0.4335501,1,CAT
2809,2024-05-17,0.44517252,-1,IFF
2810,2024-04-08,0.5041221,-1,RJF
2811,2024-05-17,0.6076391,-1,VTRS
2812,2024-05-07,0.5620589,1,INCY
2813,2024-05-14,0.51968926,1,ADM
2814,2024-04-17,0.5045594,1,URI
2815,2024-04-15,0.44096354,1,EG
2816,2024-03-28,0.39850593,-1,DTE
2817,2024-05-23,0.50610024,1,SYY
2818,2024-05-15,0.5172729,-1,URI
2819,2024-05-15,0.3710841,-1,VMC
2820,2024-04-16,0.41823924,-1,MSCI
2821,2024-04-05,0.5482218,-1,AIZ
2822,2024-04-17,0.42191187,1,BAX
2823,2024-04-03,0.42982787,-1,USB
2824,2024-04-16,0.4223277,1,POOL
2825,2024-04-15,0.29190505,1,GEN
2826,2024-04-12,0.47653645,-1,HLT
2827,2024-04-04,0.52243936,-1,CAT
2828,2024-04-15,0.41297737,-1,DIS
2829,2024-04-29,0.52402174,1,ADM
2830,2024-05-02,0.45472637,1,DUK
2831,2024-05-15,0.43355587,-1,PPG
2832,2024-04-02,0.40812093,-1,ODFL
2833,2024-04-09,0.77737147,-1,JBHT
2834,2024-04-03,0.7601493,1,ADI
2835,2024-04-11,0.40817896,1,L
2836,2024-05-22,0.4815475,1,STT
2837,2024-05-13,0.38171053,1,EBAY
2838,2024-05-15,0.5999345,1,NVDA
2839,2024-05-20,0.49199453,-1,CAT
2840,2024-04-17,0.31943667,1,ES
2841,2024-04-29,0.6822345,-1,GPN
2842,2024-04-17,0.532432,1,PNC
2843,2024-04-16,0.6354757,1,CINF
2844,2024-04-29,0.6308894,-1,AMD
2845,2024-04-10,0.42071918,-1,BAC
2846,2024-04-26,0.4694652,1,SCHW
2847,2024-04-09,0.7204697,-1,PNC
2848,2024-04-04,0.3903273,-1,FITB
2849,2024-04-19,0.24950519,-1,GPC
2850,2024-04-11,0.52165663,-1,GE
2851,2024-05-07,0.38669837,1,SRE
2852,2024-04-16,0.5987714,1,CRL
2853,2024-04-17,0.367757,1,WELL
2854,2024-04-30,0.51275307,-1,MET
2855,2024-05-22,0.4276813,1,AJG
2856,2024-05-02,0.512022,-1,FAST
2857,2024-04-08,0.2383458,-1,BKNG
2858,2024-04-18,0.4611152,-1,EVRG
2859,2024-04-24,0.39220026,-1,STZ
2860,2024-04-15,0.47101337,1,HII
2861,2024-05-13,0.42568386,-1,WBD
2862,2024-04-02,0.439981,-1,IEX
2863,2024-04-12,0.46979767,1,TJX
2864,2024-04-04,0.5108076,-1,ETN
2865,2024-05-17,0.4952559,-1,DOV
2866,2024-05-07,0.5421092,-1,TJX
2867,2024-04-15,0.6952796,-1,LLY
2868,2024-05-16,0.23638955,1,ZBRA
2869,2024-04-25,0.6814669,-1,ULTA
2870,2024-04-12,0.41687387,1,UNP
2871,2024-04-24,0.391107,-1,INTU
2872,2024-05-15,0.52990127,-1,CMI
2873,2024-04-24,0.45851094,1,KMB
2874,2024-04-09,0.47072425,-1,LOW
2875,2024-04-01,0.70168257,1,PPL
2876,2024-04-23,0.28397572,-1,AVGO
2877,2024-05-13,0.5715415,1,URI
2878,2024-05-01,0.53836626,1,KO
2879,2024-04-02,0.22266915,1,WST
2880,2024-05-01,0.1696223,1,CRL
2881,2024-05-03,0.5746211,1,AWK
2882,2024-05-15,0.44179916,-1,HSY
2883,2024-05-01,0.43976435,1,PHM
2884,2024-04-09,0.41902316,-1,IVZ
2885,2024-04-09,0.49587953,-1,ABNB
2886,2024-05-15,0.5837571,-1,KMI
2887,2024-04-15,0.49954396,-1,IBM
2888,2024-05-10,0.49435502,1,SWKS
2889,2024-04-09,0.4855643,-1,CDW
2890,2024-05-17,0.49384105,1,INCY
2891,2024-05-07,0.48980448,-1,TAP
2892,2024-04-19,0.48796335,1,MCK
2893,2024-04-30,0.3509244,1,PNC
2894,2024-05-03,0.49973807,1,CI
2895,2024-04-01,0.3417553,-1,TPR
2896,2024-05-09,0.5290211,1,BA
2897,2024-05-01,0.46549535,1,DGX
2898,2024-05-22,0.412796,-1,AOS
2899,2024-04-24,0.45220783,-1,HPE
2900,2024-04-23,0.31602156,-1,HRL
2901,2024-05-20,0.5434242,-1,CAG
2902,2024-05-06,0.48265088,1,MGM
2903,2024-04-09,0.48951483,-1,GEHC
2904,2024-05-08,0.8971404,1,IPG
2905,2024-04-01,0.48450738,-1,AOS
2906,2024-04-08,0.4884915,-1,SPG
2907,2024-05-07,0.45553795,1,ROL
2908,2024-05-08,0.7439936,1,PNC
2909,2024-05-16,0.23265165,-1,CMS
2910,2024-04-24,0.34654427,-1,CFG
2911,2024-04-23,0.577104,-1,WY
2912,2024-05-07,0.37737617,-1,BWA
2913,2024-04-16,0.5232567,1,HAS
2914,2024-05-20,0.49910703,-1,AMGN
2915,2024-04-12,0.167872,1,MDT
2916,2024-04-09,0.62213254,-1,DE
2917,2024-05-10,0.5560566,1,MSI
2918,2024-04-05,0.61259896,-1,EG
2919,2024-05-20,0.53336686,-1,NEE
2920,2024-03-28,0.4359567,-1,ROL
2921,2024-04-05,0.4437791,-1,WYNN
2922,2024-05-01,0.4671109,1,INCY
2923,2024-05-03,0.3752256,-1,INVH
2924,2024-05-06,0.43293422,-1,ABNB
2925,2024-05-22,0.5191163,1,UNP
2926,2024-05-03,0.7549569,1,TPR
2927,2024-05-09,0.45121807,1,DD
2928,2024-04-04,0.49802828,-1,MO
2929,2024-05-22,0.5359658,-1,KLAC
2930,2024-05-23,0.5679819,1,DLTR
2931,2024-05-17,0.685635,-1,MDLZ
2932,2024-05-15,0.26189885,-1,PARA
2933,2024-04-26,0.5621842,-1,YUM
2934,2024-04-19,0.5490918,-1,WY
2935,2024-04-16,0.46385413,1,HII
2936,2024-04-18,0.25313637,1,COR
2937,2024-04-23,0.38355118,1,MMM
2938,2024-05-20,0.41432497,-1,AXP
2939,2024-04-16,0.5291294,1,ALLE
2940,2024-04-02,0.58383596,-1,SMCI
2941,2024-05-20,0.42925978,1,TER
2942,2024-04-23,0.5140154,-1,PEP
2943,2024-04-01,0.52461874,-1,GEHC
2944,2024-04-26,0.46231163,1,UNH
2945,2024-04-22,0.5234334,1,NEM
2946,2024-05-09,0.5221324,1,NTAP
2947,2024-04-09,0.5004349,1,AXP
2948,2024-04-18,0.42974806,-1,LOW
2949,2024-04-08,0.3113105,-1,POOL
2950,2024-04-12,0.47256815,-1,TSLA
2951,2024-03-28,0.4235999,-1,STX
2952,2024-04-19,0.59521747,1,WEC
2953,2024-04-25,0.51804614,-1,BMY
2954,2024-04-23,0.5403072,1,SPGI
2955,2024-05-07,0.7515677,-1,CHTR
2956,2024-05-17,0.574252,-1,ZTS
2957,2024-04-03,0.5373996,1,ROST
2958,2024-04-03,0.6588637,-1,CMCSA
2959,2024-04-23,0.48275647,-1,LYV
2960,2024-05-01,0.47799483,1,SO
2961,2024-04-22,0.50701034,1,AMP
2962,2024-05-21,0.45863762,1,HCA
2963,2024-05-22,0.50234157,-1,HSY
2964,2024-05-17,0.5410984,-1,CDW
2965,2024-04-05,0.4694676,-1,PEG
2966,2024-04-09,0.5926599,-1,AWK
2967,2024-04-04,0.38297066,-1,BKNG
2968,2024-04-24,0.27669132,-1,FFIV
2969,2024-04-17,0.5733909,-1,KVUE
2970,2024-05-16,0.5617697,1,LIN
2971,2024-05-23,0.51141745,1,AWK
2972,2024-04-29,0.2990038,1,DUK
2973,2024-04-18,0.5960548,-1,PARA
2974,2024-05-13,0.46158084,1,VICI
2975,2024-04-23,0.2976696,-1,HAS
2976,2024-05-22,0.49991488,1,FDX
2977,2024-04-18,0.4168177,1,ENPH
2978,2024-05-17,0.24287985,1,FOX
2979,2024-04-25,0.37247398,1,ENPH
2980,2024-05-02,0.5113144,-1,AKAM
2981,2024-04-12,0.42622697,-1,CBRE
2982,2024-05-17,0.5491718,-1,EQIX
2983,2024-04-02,0.50698644,-1,VRTX
2984,2024-04-23,0.5117821,1,ECL
2985,2024-05-14,0.27446303,1,DGX
2986,2024-04-29,0.5780998,-1,TRGP
2987,2024-04-12,0.5348902,1,DRI
2988,2024-04-17,0.84600043,1,SNPS
2989,2024-04-04,0.4498387,-1,NCLH
2990,2024-04-05,0.2680273,-1,NDAQ
2991,2024-04-09,0.55742437,-1,BIIB
2992,2024-04-02,0.54791397,-1,KMI
2993,2024-04-09,0.44087544,-1,DLR
2994,2024-04-19,0.41976005,1,SWKS
2995,2024-04-02,0.5306264,-1,CTAS
2996,2024-04-16,0.50162715,-1,SMCI
2997,2024-04-26,0.566564,1,AJG
2998,2024-05-16,0.4660745,1,GLW
2999,2024-05-08,0.44914535,1,IFF
3000,2024-05-03,0.6055584,-1,PSX
3001,2024-05-16,0.47254276,-1,CPRT
3002,2024-05-17,0.33828595,-1,WEC
3003,2024-03-28,0.36553884,-1,TPR
3004,2024-04-15,0.5430786,1,WST
3005,2024-04-03,0.48466602,-1,TGT
3006,2024-04-11,0.39550748,1,RCL
3007,2024-04-26,0.333261,1,KVUE
3008,2024-04-29,0.47501433,-1,APA
3009,2024-05-14,0.32721376,-1,PRU
3010,2024-04-12,0.47537518,-1,APA
3011,2024-04-05,0.47937727,-1,JBL
3012,2024-05-22,0.4876662,-1,VLO
3013,2024-05-08,0.79677814,1,PODD
3014,2024-04-10,0.4923953,-1,ICE
3015,2024-04-30,0.600791,1,ANET
3016,2024-05-08,0.36627886,1,CBRE
3017,2024-03-28,0.46977034,1,OXY
3018,2024-04-10,0.5675564,-1,AVGO
3019,2024-04-03,0.4430143,-1,HSY
3020,2024-05-17,0.6148106,-1,HAS
3021,2024-05-06,0.44583783,1,KMX
3022,2024-04-03,0.52036023,-1,IQV
3023,2024-04-09,0.5261374,-1,CHTR
3024,2024-05-07,0.52270275,1,TDY
3025,2024-05-07,0.38587958,1,ESS
3026,2024-05-08,0.47992697,-1,HUBB
3027,2024-04-05,0.55815995,-1,APD
3028,2024-05-17,0.5194338,1,ACGL
3029,2024-05-02,0.59900904,1,UNH
3030,2024-05-16,0.4850616,1,AMAT
3031,2024-04-02,0.44439244,-1,MSCI
3032,2024-05-01,0.49758312,-1,COR
3033,2024-04-02,0.4855371,-1,L
3034,2024-05-16,0.42138687,1,VRTX
3035,2024-05-21,0.5281378,-1,IVZ
3036,2024-05-21,0.595142,-1,LYB
3037,2024-04-29,0.40941054,1,NEM
3038,2024-04-18,0.66315204,-1,AON
3039,2024-05-17,0.6272303,-1,IVZ
3040,2024-05-03,0.38841742,1,UAL
3041,2024-04-12,0.5742963,1,WBA
3042,2024-05-10,0.4653885,1,CHTR
3043,2024-04-23,0.5128058,-1,CRM
3044,2024-05-14,0.62859106,-1,DHI
3045,2024-04-15,0.5009361,1,PH
3046,2024-04-11,0.5135201,-1,LLY
3047,2024-04-04,0.656963,-1,LIN
3048,2024-05-01,0.3122874,1,ATO
3049,2024-04-29,0.49929246,1,BSX
3050,2024-05-01,0.56133366,1,TFX
3051,2024-04-01,0.46159765,-1,GPC
3052,2024-04-05,0.33192685,-1,TDY
3053,2024-05-07,0.48754725,1,MDT
3054,2024-05-02,0.3137703,1,ALL
3055,2024-04-29,0.48613223,1,CAT
3056,2024-04-15,0.5402307,1,VTR
3057,2024-04-01,0.551106,-1,PSX
3058,2024-05-10,0.54548836,1,NXPI
3059,2024-04-16,0.5545592,-1,LRCX
3060,2024-03-28,0.47589737,1,TDG
3061,2024-04-04,0.49926314,-1,BKR
3062,2024-05-02,0.2969764,1,L
3063,2024-05-09,0.6580827,-1,ULTA
3064,2024-05-20,0.51103973,-1,BSX
3065,2024-04-23,0.6320559,1,AMT
3066,2024-05-20,0.6048863,-1,FRT
3067,2024-05-10,0.52109534,-1,CLX
3068,2024-04-04,0.45341626,-1,TRGP
3069,2024-04-24,0.5662681,-1,SYY
3070,2024-04-16,0.4763685,1,WST
3071,2024-04-17,0.62777066,1,ISRG
3072,2024-04-22,0.5069055,-1,SBAC
3073,2024-04-12,0.52348256,-1,BBY
3074,2024-04-17,0.22566317,-1,TAP
3075,2024-04-02,0.4595382,-1,WRB
3076,2024-04-25,0.61655736,-1,MCD
3077,2024-05-16,0.6182898,-1,CPB
3078,2024-04-26,0.410316,1,WELL
3079,2024-04-24,0.4132175,-1,GWW
3080,2024-05-01,0.5608371,1,COST
3081,2024-05-02,0.46521467,1,ACN
3082,2024-05-13,0.60527354,1,RMD
3083,2024-05-03,0.28476185,1,VTR
3084,2024-04-24,0.48243096,-1,PWR
3085,2024-05-16,0.18565486,-1,O
3086,2024-05-07,0.4108001,1,BIIB
3087,2024-05-14,0.53008103,-1,MTB
3088,2024-04-12,0.3109362,1,LNT
3089,2024-04-02,0.4638314,1,ETR
3090,2024-05-16,0.52445084,1,IBM
3091,2024-05-06,0.59955066,1,FTNT
3092,2024-05-17,0.39525616,-1,NTRS
3093,2024-05-03,0.6339732,-1,WRB
3094,2024-05-22,0.6697438,-1,SYY
3095,2024-03-28,0.5039187,1,VMC
3096,2024-05-21,0.50919276,-1,RVTY
3097,2024-05-22,0.52431417,1,NEE
3098,2024-05-16,0.7295587,-1,JKHY
3099,2024-04-23,0.48410285,-1,CINF
3100,2024-04-03,0.46280724,1,BBWI
3101,2024-04-03,0.6751108,1,MOH
3102,2024-04-24,0.5192062,-1,TRGP
3103,2024-04-15,0.42445362,1,NDAQ
3104,2024-04-11,0.19360763,-1,PPG
3105,2024-05-16,0.55901766,-1,HST
3106,2024-04-12,0.19070543,1,CL
3107,2024-05-07,0.33123112,-1,ES
3108,2024-04-15,0.48070025,1,HUBB
3109,2024-05-21,0.5165972,1,ODFL
3110,2024-04-08,0.48444033,-1,GPC
3111,2024-04-02,0.40466538,-1,TFC
3112,2024-04-30,0.44110957,1,GNRC
3113,2024-04-03,0.52716035,1,APTV
3114,2024-04-09,0.5201012,-1,CTRA
3115,2024-05-10,0.38686684,-1,EVRG
3116,2024-05-03,0.5713908,1,VRSK
3117,2024-05-20,0.39178512,1,TTWO
3118,2024-04-18,0.45608595,1,AMAT
3119,2024-03-28,0.47054127,1,VLO
3120,2024-04-15,0.4673104,1,GLW
3121,2024-04-25,0.4729776,1,TECH
3122,2024-05-22,0.4701332,-1,CPB
3123,2024-04-10,0.4437023,-1,LYB
3124,2024-05-16,0.7272547,-1,WBA
3125,2024-04-24,0.5315221,-1,ABT
3126,2024-05-08,0.5978906,1,MTCH
3127,2024-04-11,0.5073034,-1,CTAS
3128,2024-04-25,0.3184479,-1,KLAC
3129,2024-05-16,0.5144822,1,VLTO
3130,2024-04-19,0.67036957,1,CE
3131,2024-04-29,0.51152116,1,ISRG
3132,2024-04-04,0.6193033,-1,CHRW
3133,2024-05-22,0.55567783,1,TFX
3134,2024-05-20,0.81611735,-1,ROK
3135,2024-05-07,0.45379356,-1,CAG
3136,2024-04-08,0.40467522,-1,BWA
3137,2024-04-30,0.45872784,1,PKG
3138,2024-04-03,0.5252545,1,FANG
3139,2024-05-16,0.47601634,1,TYL
3140,2024-05-22,0.29596272,-1,PAYX
3141,2024-05-02,0.5896798,-1,SWKS
3142,2024-05-08,0.51824844,-1,FOX
3143,2024-05-01,0.477158,1,TROW
3144,2024-05-17,0.15189524,-1,EMR
3145,2024-05-13,0.30376628,-1,ALB
3146,2024-04-29,0.33816126,1,EXPD
3147,2024-05-16,0.46737763,-1,CNP
3148,2024-05-10,0.38771942,1,CTRA
3149,2024-04-04,0.49718198,-1,AOS
3150,2024-04-08,0.47715813,-1,TXT
3151,2024-04-15,0.42612988,-1,IP
3152,2024-04-05,0.19539359,-1,KLAC
3153,2024-04-19,0.5882823,-1,DLTR
3154,2024-05-13,0.6115774,-1,MAS
3155,2024-05-01,0.57576525,1,LKQ
3156,2024-04-25,0.4457165,1,KMB
3157,2024-05-17,0.5118723,-1,MAR
3158,2024-05-01,0.59393114,1,TPR
3159,2024-04-24,0.54917634,1,HUM
3160,2024-04-09,0.57669884,-1,MKC
3161,2024-05-20,0.50707006,-1,K
3162,2024-05-16,0.41437152,1,BSX
3163,2024-05-23,0.37786904,1,FRT
3164,2024-04-29,0.57102334,-1,AXON
3165,2024-04-11,0.4638399,-1,AME
3166,2024-04-18,0.40189233,1,XYL
3167,2024-04-17,0.49546507,-1,APA
3168,2024-04-30,0.22143148,-1,BLDR
3169,2024-04-05,0.5728495,-1,AMD
3170,2024-05-03,0.44286308,-1,HOLX
3171,2024-04-09,0.46642274,-1,KR
3172,2024-05-13,0.11698059,-1,NOC
3173,2024-04-18,0.07107238,1,ALGN
3174,2024-05-20,0.48851305,-1,AXON
3175,2024-05-08,0.61734515,1,MCO
3176,2024-04-10,0.5997727,-1,PAYC
3177,2024-04-03,0.42682204,1,EQT
3178,2024-05-08,0.38978666,-1,STZ
3179,2024-04-25,0.6571871,1,MDT
3180,2024-05-13,0.5309405,1,PLD
3181,2024-04-24,0.47543252,-1,COR
3182,2024-04-05,0.45173156,-1,PNC
3183,2024-04-29,0.45651442,-1,EXPE
3184,2024-04-26,0.4489965,1,GE
3185,2024-04-29,0.55234504,1,SPG
3186,2024-04-26,0.45063624,1,CE
3187,2024-05-20,0.33218578,-1,PCG
3188,2024-04-01,0.43455708,1,DLR
3189,2024-04-22,0.49308643,-1,ADSK
3190,2024-04-04,0.45382005,-1,NTAP
3191,2024-04-15,0.35939282,1,AWK
3192,2024-04-25,0.5129604,1,EA
3193,2024-04-09,0.40640473,-1,LH
3194,2024-05-13,0.62356484,1,GWW
3195,2024-04-25,0.51773053,-1,HUBB
3196,2024-04-22,0.49929476,1,ETSY
3197,2024-05-06,0.26582605,-1,CPAY
3198,2024-04-25,0.4020696,1,MSFT
3199,2024-04-03,0.5683349,1,GNRC
3200,2024-04-18,0.5436103,-1,META
3201,2024-05-21,0.46805495,-1,SMCI
3202,2024-04-01,0.5180996,1,VTR
3203,2024-05-06,0.57352763,1,DECK
3204,2024-05-23,0.47320926,-1,OMC
3205,2024-05-09,0.49785945,-1,FMC
3206,2024-04-18,0.30269822,-1,JBL
3207,2024-05-17,0.59857935,-1,DVN
3208,2024-05-21,0.48059583,-1,BIIB
3209,2024-05-01,0.5589422,1,APD
3210,2024-05-21,0.5534093,-1,INTU
3211,2024-04-10,0.58820003,-1,HBAN
3212,2024-04-18,0.46808228,-1,EXPD
3213,2024-05-13,0.5761072,1,SYK
3214,2024-04-02,0.47658145,-1,BK
3215,2024-05-22,0.48256716,1,SO
3216,2024-05-14,0.58404696,-1,NVR
3217,2024-04-12,0.67482656,-1,DG
3218,2024-05-14,0.43178988,-1,OXY
3219,2024-05-08,0.49447572,-1,OXY
3220,2024-05-15,0.39208513,-1,ADM
3221,2024-05-16,0.39948392,-1,F
3222,2024-04-16,0.4300286,1,DUK
3223,2024-04-05,0.4788751,-1,HAL
3224,2024-04-09,0.4960501,-1,XYL
3225,2024-04-01,0.50783914,-1,DECK
3226,2024-04-29,0.42457715,1,TTWO
3227,2024-05-14,0.4263932,-1,BEN
3228,2024-05-16,0.52093786,-1,KEYS
3229,2024-04-01,0.5367577,1,FDX
3230,2024-05-16,0.5384666,-1,ODFL
3231,2024-05-15,0.49651897,-1,TMO
3232,2024-04-30,0.68806976,1,ADI
3233,2024-04-08,0.48068538,-1,KR
3234,2024-04-17,0.46728468,-1,LUV
3235,2024-05-21,0.5043966,1,MHK
3236,2024-04-23,0.46148348,-1,FANG
3237,2024-05-02,0.38306317,1,KMB
3238,2024-05-09,0.558026,1,WEC
3239,2024-04-08,0.524528,-1,QRVO
3240,2024-04-24,0.5859448,1,PM
3241,2024-04-22,0.42957377,-1,KVUE
3242,2024-05-02,0.53710747,1,PM
3243,2024-04-08,0.5047908,-1,UDR
3244,2024-04-29,0.55888134,1,LYV
3245,2024-05-09,0.6445932,1,CBOE
3246,2024-05-16,0.20017762,-1,BBWI
3247,2024-05-08,0.50752246,1,FICO
3248,2024-05-08,0.6270672,1,BRO
3249,2024-05-14,0.78268117,-1,HAL
3250,2024-04-26,0.5122516,-1,FAST
3251,2024-05-09,0.8032167,-1,IEX
3252,2024-05-06,0.44251993,-1,HES
3253,2024-04-01,0.7493378,1,TSN
3254,2024-04-05,0.44659075,-1,IQV
3255,2024-05-02,0.5141435,1,ADM
3256,2024-04-09,0.42211524,-1,LYV
3257,2024-04-16,0.5169239,-1,GD
3258,2024-05-17,0.5677198,-1,ETSY
3259,2024-04-10,0.49053106,-1,CINF
3260,2024-05-14,0.582269,-1,SWK
3261,2024-04-08,0.49999973,-1,DOC
3262,2024-04-19,0.42558956,1,LMT
3263,2024-04-30,0.5929852,1,NKE
3264,2024-04-04,0.46666542,-1,BIIB
3265,2024-04-23,0.4952183,-1,TROW
3266,2024-05-02,0.5966944,1,TDY
3267,2024-05-06,0.42377153,1,IQV
3268,2024-04-24,0.45684686,-1,SWK
3269,2024-05-07,0.51903814,1,SWK
3270,2024-04-23,0.45517388,-1,STLD
3271,2024-05-09,0.5040351,-1,GEHC
3272,2024-05-23,0.40625426,-1,MDLZ
3273,2024-04-29,0.47772735,1,AOS
3274,2024-04-29,0.52647734,1,WBD
3275,2024-05-13,0.5422907,1,GEN
3276,2024-05-23,0.4252814,-1,CTSH
3277,2024-04-19,0.42184642,-1,MGM
3278,2024-04-05,0.5188045,1,FCX
3279,2024-05-06,0.54634887,1,PSA
3280,2024-04-02,0.48734486,1,MPWR
3281,2024-05-20,0.4859381,-1,ODFL
3282,2024-05-16,0.5330135,-1,NDSN
3283,2024-05-23,0.5379312,-1,VST
3284,2024-04-30,0.21171944,1,MAR
3285,2024-05-08,0.4975895,1,AEP
3286,2024-05-14,0.6701564,-1,SLB
3287,2024-04-22,0.48949897,-1,BXP
3288,2024-03-28,0.4217021,1,EVRG
3289,2024-04-29,0.4168047,1,PPL
3290,2024-04-01,0.47455558,-1,BLDR
3291,2024-04-12,0.4880298,-1,GRMN
3292,2024-04-22,0.46232912,-1,CDNS
3293,2024-04-29,0.55095786,1,SBAC
3294,2024-04-23,0.6176381,-1,CAH
3295,2024-04-25,0.52121544,-1,NSC
3296,2024-04-26,0.48910794,1,IFF
3297,2024-05-02,0.49639055,1,PWR
3298,2024-05-09,0.50307757,1,CNC
3299,2024-04-29,0.5228937,1,PPG
3300,2024-05-16,0.48787034,-1,MGM
3301,2024-04-26,0.393425,-1,RCL
3302,2024-04-30,0.47384316,1,ACGL
3303,2024-04-19,0.49057883,-1,FICO
3304,2024-04-09,0.54492426,-1,AVY
3305,2024-04-03,0.45681527,-1,JPM
3306,2024-05-08,0.44918108,1,HRL
3307,2024-04-11,0.5457736,-1,COO
3308,2024-04-04,0.07946231,-1,TFC
3309,2024-05-08,0.46027488,-1,WRB
3310,2024-05-20,0.48784792,-1,MCD
3311,2024-05-16,0.59666187,-1,ORCL
3312,2024-04-29,0.4457248,1,DECK
3313,2024-05-07,0.521193,1,FITB
3314,2024-04-23,0.5093618,1,FAST
3315,2024-04-24,0.07587102,-1,GNRC
3316,2024-05-06,0.46303222,1,HRL
3317,2024-04-24,0.38461706,1,ES
3318,2024-05-21,0.3467936,-1,MTD
3319,2024-05-08,0.5349169,-1,ORLY
3320,2024-05-21,0.6008906,-1,REG
3321,2024-04-26,0.5070367,1,REGN
3322,2024-05-20,0.56902605,-1,MA
3323,2024-04-15,0.5506056,1,ENPH
3324,2024-04-19,0.436625,1,APH
3325,2024-05-01,0.47846082,1,TXN
3326,2024-04-16,0.5525197,1,GWW
3327,2024-04-15,0.43496612,1,TGT
3328,2024-04-11,0.5027289,1,LMT
3329,2024-04-05,0.50602186,-1,BA
3330,2024-04-08,0.3143672,-1,MAS
3331,2024-05-02,0.49881384,1,AJG
3332,2024-05-09,0.33470744,1,BK
3333,2024-05-02,0.51224995,1,AVY
3334,2024-04-04,0.6601476,-1,AKAM
3335,2024-05-02,0.5875346,1,ADP
3336,2024-04-23,0.50315976,1,MHK
3337,2024-05-07,0.49097532,1,GDDY
3338,2024-04-03,0.41081908,-1,VTRS
3339,2024-04-12,0.42634517,-1,PPG
3340,2024-04-08,0.38696745,-1,AAPL
3341,2024-04-18,0.69353825,1,HWM
3342,2024-04-12,0.46306306,-1,COST
3343,2024-05-06,0.4397306,1,SJM
3344,2024-05-17,0.38570428,-1,CPT
3345,2024-05-20,0.46637222,-1,LKQ
3346,2024-05-08,0.6380377,1,PPG
3347,2024-04-22,0.54412127,1,AMGN
3348,2024-04-08,0.52170867,-1,ELV
3349,2024-04-19,0.44169798,1,TROW
3350,2024-05-16,0.5721103,-1,HOLX
3351,2024-05-14,0.6249411,-1,HD
3352,2024-04-19,0.4134679,-1,CAT
3353,2024-04-09,0.6606572,1,CHD
3354,2024-05-01,0.6095685,1,C
3355,2024-05-15,0.27627838,-1,ABNB
3356,2024-04-22,0.50421005,1,NTAP
3357,2024-04-17,0.54826003,1,AMT
3358,2024-05-22,0.32231578,-1,MDLZ
3359,2024-05-02,0.40896368,1,RTX
3360,2024-04-29,0.47703838,1,INVH
3361,2024-05-01,0.44432947,-1,TSN
3362,2024-04-23,0.4985682,-1,UPS
3363,2024-05-23,0.55444115,-1,WFC
3364,2024-04-11,0.51538366,-1,GPN
3365,2024-05-07,0.5023013,1,ROK
3366,2024-05-21,0.589566,-1,BRO
3367,2024-04-19,0.36275986,-1,AME
3368,2024-05-13,0.44699132,1,DPZ
3369,2024-05-07,0.5992925,1,GLW
3370,2024-04-22,0.44173592,1,TDG
3371,2024-05-13,0.5283349,-1,BIO
3372,2024-04-02,0.59941053,-1,IPG
3373,2024-04-03,0.48620015,1,AAPL
3374,2024-04-22,0.5192006,1,DOC
3375,2024-05-16,0.599305,-1,FDS
3376,2024-04-09,0.4557648,-1,AJG
3377,2024-04-09,0.58959866,-1,KEY
3378,2024-05-09,0.5538124,1,NI
3379,2024-04-05,0.618442,-1,MOS
3380,2024-04-02,0.49313763,-1,FDX
3381,2024-04-19,0.5740438,1,TFX
3382,2024-04-30,0.43931422,1,FIS
3383,2024-05-20,0.42511153,-1,AMZN
3384,2024-05-08,0.37415293,1,K
3385,2024-05-10,0.8446268,1,SMCI
3386,2024-04-25,0.5164013,-1,DFS
3387,2024-05-01,0.5154223,1,FOXA
3388,2024-04-09,0.5204843,-1,ZBRA
3389,2024-04-08,0.5700337,-1,STX
3390,2024-05-15,0.5713407,-1,PAYC
3391,2024-05-02,0.45229417,1,HSY
3392,2024-05-20,0.20736882,-1,WM
3393,2024-04-12,0.22937006,-1,EFX
3394,2024-04-29,0.5765227,1,RCL
3395,2024-05-14,0.5046506,1,WM
3396,2024-05-09,0.36273834,1,IPG
3397,2024-04-01,0.3033297,1,DAL
3398,2024-04-05,0.4786151,-1,LIN
3399,2024-05-01,0.58842194,1,KEYS
3400,2024-04-02,0.3657405,-1,TMO
3401,2024-05-16,0.52230006,1,SBUX
3402,2024-05-08,0.7422317,1,BEN
3403,2024-04-26,0.49414226,-1,DOW
3404,2024-04-24,0.4655122,1,DD
3405,2024-04-24,0.47129694,1,LVS
3406,2024-04-22,0.33662713,1,RMD
3407,2024-04-23,0.5936374,-1,NWSA
3408,2024-04-04,0.4424414,-1,FOX
3409,2024-05-10,0.6236356,-1,IEX
3410,2024-04-02,0.5159343,1,DXCM
3411,2024-04-01,0.5012042,-1,CEG
3412,2024-04-18,0.2882298,1,CNP
3413,2024-04-05,0.444241,-1,AEE
3414,2024-04-26,0.4975154,-1,ADP
3415,2024-04-29,0.6134021,1,VRTX
3416,2024-04-09,0.47389698,-1,FFIV
3417,2024-04-09,0.5412005,-1,DAY
3418,2024-04-12,0.2943302,1,RCL
3419,2024-05-03,0.484077,1,CZR
3420,2024-04-12,0.50344586,1,GL
3421,2024-04-30,0.38361672,1,TYL
3422,2024-04-11,0.49329153,-1,INTU
3423,2024-04-04,0.51040626,-1,ALB
3424,2024-04-29,0.56384254,-1,IDXX
3425,2024-04-12,0.593541,-1,TER
3426,2024-04-30,0.5928762,1,AVB
3427,2024-05-07,0.5670322,1,PANW
3428,2024-05-16,0.41667223,-1,AMGN
3429,2024-04-24,0.70439386,1,MCO
3430,2024-04-30,0.502744,1,KR
3431,2024-05-14,0.49808046,1,ETR
3432,2024-04-25,0.34356156,1,ED
3433,2024-04-29,0.589549,1,LW
3434,2024-04-17,0.39662358,1,F
3435,2024-04-26,0.46746534,-1,TSCO
3436,2024-05-17,0.45483598,-1,GS
3437,2024-05-02,0.54850763,1,FDS
3438,2024-04-26,0.73060983,1,RJF
3439,2024-05-20,0.5884354,-1,SO
3440,2024-04-05,0.49675015,-1,GDDY
3441,2024-05-23,0.48281786,1,BG
3442,2024-04-26,0.5887564,-1,SYY
3443,2024-05-22,0.47663087,-1,ADI
3444,2024-04-23,0.5077248,-1,CMCSA
3445,2024-05-09,0.4788875,1,WTW
3446,2024-04-23,0.4318054,-1,K
3447,2024-04-26,0.6800601,1,MDT
3448,2024-04-03,0.5689029,-1,ZTS
3449,2024-04-11,0.50109947,-1,GILD
3450,2024-04-15,0.5863715,1,IPG
3451,2024-04-29,0.47398278,1,GD
3452,2024-05-10,0.5743027,1,OTIS
3453,2024-04-08,0.78688586,-1,BEN
3454,2024-04-05,0.58490026,-1,OXY
3455,2024-04-01,0.47780925,-1,DFS
3456,2024-05-17,0.62045294,1,NRG
3457,2024-04-09,0.5393937,-1,TFX
3458,2024-04-26,0.0813958,-1,HSIC
3459,2024-05-21,0.5527894,1,JPM
3460,2024-04-02,0.4998998,-1,T
3461,2024-04-16,0.50616103,1,RF
3462,2024-03-28,0.7006006,1,CTLT
3463,2024-04-23,0.4036694,1,SO
3464,2024-05-10,0.5409684,1,HIG
3465,2024-05-08,0.5001779,1,CCL
3466,2024-04-23,0.5952072,-1,AIZ
3467,2024-04-19,0.5414091,-1,JNJ
3468,2024-05-21,0.45478952,-1,GEN
3469,2024-04-11,0.31932256,-1,HST
3470,2024-04-16,0.5316121,1,UAL
3471,2024-04-02,0.49440524,-1,KHC
3472,2024-05-02,0.38480502,-1,TSN
3473,2024-04-30,0.26980007,1,TEL
3474,2024-04-12,0.56207395,1,WAB
3475,2024-04-05,0.42252392,-1,CTAS
3476,2024-04-24,0.6284472,-1,MDLZ
3477,2024-05-07,0.44403398,1,RTX
3478,2024-04-26,0.4244941,1,CNC
3479,2024-04-18,0.34926406,1,BX
3480,2024-04-11,0.4814736,-1,STE
3481,2024-05-17,0.4398475,-1,JBL
3482,2024-05-07,0.5067926,1,LNT
3483,2024-04-22,0.631507,-1,EMN
3484,2024-05-08,0.5497695,-1,LULU
3485,2024-04-23,0.48523286,-1,DECK
3486,2024-05-07,0.6605298,-1,WRB
3487,2024-05-23,0.45404428,-1,DFS
3488,2024-05-23,0.49707952,-1,LDOS
3489,2024-04-18,0.46814546,-1,ACN
3490,2024-04-04,0.6540723,-1,NFLX
3491,2024-04-19,0.18579711,1,LEN
3492,2024-04-30,0.5929543,1,AMT
3493,2024-04-19,0.30099183,1,KEYS
3494,2024-04-09,0.6522011,1,LUV
3495,2024-04-12,0.3532719,1,MTB
3496,2024-04-15,0.40103436,1,FIS
3497,2024-03-28,0.42439604,1,WMB
3498,2024-04-26,0.50222003,1,TER
3499,2024-05-09,0.5042182,1,DFS
3500,2024-04-29,0.4729354,1,PNW
3501,2024-04-03,0.83012164,1,AMGN
3502,2024-05-02,0.520969,1,IFF
3503,2024-05-10,0.52007383,1,HWM
3504,2024-04-30,0.43827224,-1,GIS
3505,2024-04-09,0.7007079,-1,CRM
3506,2024-05-20,0.6580318,1,ABNB
3507,2024-04-05,0.27399343,-1,ITW
3508,2024-05-10,0.45437148,1,DD
3509,2024-05-22,0.47011933,1,AVY
3510,2024-04-17,0.5264624,1,AJG
3511,2024-04-23,0.3282557,-1,SLB
3512,2024-05-22,0.46845645,-1,ANET
3513,2024-04-24,0.50078315,1,ECL
3514,2024-05-01,0.19694166,1,BBY
3515,2024-04-01,0.6605397,-1,JBHT
3516,2024-04-18,0.4974337,1,CLX
3517,2024-03-28,0.47629577,-1,NXPI
3518,2024-04-17,0.43049884,1,PYPL
3519,2024-04-23,0.5082694,-1,MCHP
3520,2024-05-09,0.599533,1,ROP
3521,2024-05-15,0.21538596,-1,FMC
3522,2024-04-10,0.47315326,-1,BALL
3523,2024-04-19,0.5721461,1,ON
3524,2024-04-24,0.37978163,-1,WAB
3525,2024-04-23,0.6232461,-1,SWKS
3526,2024-04-05,0.45140606,-1,IEX
3527,2024-04-22,0.49547237,-1,LYV
3528,2024-04-03,0.78161806,-1,TFC
3529,2024-04-23,0.49308285,1,ES
3530,2024-04-04,0.48780736,-1,GS
3531,2024-04-29,0.57980657,1,VTRS
3532,2024-05-13,0.45307443,1,ANET
3533,2024-05-17,0.4960197,-1,DGX
3534,2024-04-02,0.59320617,-1,NWS
3535,2024-04-19,0.4135096,1,DVN
3536,2024-05-23,0.48393005,-1,IR
3537,2024-05-08,0.46354973,1,GOOGL
3538,2024-04-05,0.5332291,-1,ADBE
3539,2024-05-22,0.50783014,1,MO
3540,2024-04-10,0.6323448,-1,LRCX
3541,2024-05-02,0.5555794,-1,LVS
3542,2024-04-29,0.49692726,-1,CF
3543,2024-04-02,0.50040835,-1,JNPR
3544,2024-04-04,0.55099505,-1,TEL
3545,2024-04-17,0.43209407,1,QRVO
3546,2024-04-12,0.5688654,1,ADP
3547,2024-04-19,0.35795745,1,CAH
3548,2024-05-17,0.48902732,-1,CTVA
3549,2024-05-21,0.50795764,-1,PSX
3550,2024-04-08,0.5516481,-1,BMY
3551,2024-04-11,0.22453381,-1,UDR
3552,2024-05-06,0.5080214,-1,MRO
3553,2024-04-16,0.46209142,1,DECK
3554,2024-05-13,0.5680284,1,AMAT
3555,2024-05-21,0.30219457,-1,TT
3556,2024-04-10,0.74392164,-1,AKAM
3557,2024-04-23,0.5711914,1,ROL
3558,2024-04-30,0.39928317,-1,NOC
3559,2024-05-15,0.5430491,-1,ATO
3560,2024-04-16,0.4312001,1,RJF
3561,2024-04-25,0.42577964,-1,URI
3562,2024-04-29,0.5913975,-1,YUM
3563,2024-05-10,0.52891463,1,SNPS
3564,2024-05-17,0.55417514,-1,IT
3565,2024-04-16,0.46183643,-1,CVS
3566,2024-04-04,0.4525591,-1,ORCL
3567,2024-05-03,0.48745382,1,KMB
3568,2024-05-08,0.4818984,-1,FANG
3569,2024-05-01,0.43848616,1,QCOM
3570,2024-04-04,0.38422087,1,ETSY
3571,2024-05-02,0.5791245,1,BBWI
3572,2024-04-09,0.4714999,-1,AEP
3573,2024-04-19,0.5563598,-1,EW
3574,2024-05-06,0.43377012,1,WEC
3575,2024-04-15,0.34596795,1,NCLH
3576,2024-05-10,0.5294147,1,DPZ
3577,2024-05-06,0.4989206,1,STX
3578,2024-05-21,0.4277178,-1,IR
3579,2024-04-24,0.54162616,-1,PTC
3580,2024-04-15,0.44569778,1,HST
3581,2024-05-06,0.38665444,1,TRMB
3582,2024-05-10,0.5061322,1,WDC
3583,2024-04-29,0.4097853,1,APH
3584,2024-04-05,0.30559883,-1,RVTY
3585,2024-04-18,0.38775364,1,CAG
3586,2024-05-03,0.4614066,1,KDP
3587,2024-05-15,0.54707694,-1,AWK
3588,2024-05-15,0.46119836,1,ORCL
3589,2024-04-29,0.40996134,1,TROW
3590,2024-05-13,0.4441112,1,ETSY
3591,2024-04-22,0.5617837,-1,MCO
3592,2024-04-17,0.32881832,1,T
3593,2024-05-01,0.3198566,-1,BAX
3594,2024-05-08,0.48603377,1,TMO
3595,2024-05-02,0.47209752,1,EMN
3596,2024-04-15,0.44151366,1,UPS
3597,2024-04-23,0.4078727,1,NEE
3598,2024-05-06,0.5255377,-1,FANG
3599,2024-05-14,0.38748533,-1,KMI
3600,2024-04-25,0.41468084,-1,RVTY
3601,2024-05-21,0.48822236,-1,RJF
3602,2024-05-15,0.5641815,-1,BAC
3603,2024-04-16,0.41369438,1,DIS
3604,2024-05-01,0.3583927,1,CEG
3605,2024-04-12,0.4293502,-1,TROW
3606,2024-05-03,0.4821451,1,BMY
3607,2024-05-10,0.55296403,1,IBM
3608,2024-04-19,0.580833,1,DHI
3609,2024-05-20,0.47023186,-1,NSC
3610,2024-05-06,0.37072206,1,IVZ
3611,2024-05-17,0.5737693,-1,HRL
3612,2024-04-26,0.53278047,-1,LMT
3613,2024-04-16,0.47536147,1,SBUX
3614,2024-05-15,0.51187176,-1,NRG
3615,2024-04-10,0.5031291,1,DFS
3616,2024-05-08,0.43576583,1,QCOM
3617,2024-05-08,0.16233449,-1,ROST
3618,2024-04-15,0.5369589,1,CRWD
3619,2024-05-14,0.5635573,-1,PSX
3620,2024-04-29,0.5003983,1,JBHT
3621,2024-05-21,0.47096848,-1,CME
3622,2024-04-18,0.43537372,1,FAST
3623,2024-04-18,0.31462318,1,K
3624,2024-04-05,0.48719314,1,WMT
3625,2024-04-03,0.43559358,-1,CTRA
3626,2024-04-02,0.43993038,1,ZBRA
3627,2024-04-15,0.59432894,1,CINF
3628,2024-04-16,0.60559267,-1,BIO
3629,2024-04-18,0.58943343,1,ADBE
3630,2024-04-23,0.5411968,-1,GILD
3631,2024-04-24,0.45407817,-1,FCX
3632,2024-04-15,0.4516997,1,MCO
3633,2024-05-10,0.38646123,1,ATO
3634,2024-05-16,0.6475522,-1,CTSH
3635,2024-05-08,0.53405756,1,CVS
3636,2024-04-10,0.4271796,-1,MA
3637,2024-04-25,0.33576512,-1,EOG
3638,2024-05-02,0.5251958,1,UNP
3639,2024-03-28,0.32137048,-1,EBAY
3640,2024-05-02,0.52516747,-1,UBER
3641,2024-05-15,0.49544245,-1,KVUE
3642,2024-04-16,0.43826932,1,KO
3643,2024-04-04,0.4970082,-1,GIS
3644,2024-04-29,0.49264413,1,ADBE
3645,2024-05-10,0.314671,-1,CPT
3646,2024-04-16,0.5661402,1,STX
3647,2024-05-17,0.51563907,-1,CRWD
3648,2024-04-24,0.6983291,1,KLAC
3649,2024-05-09,0.48454595,-1,OTIS
3650,2024-05-16,0.057869796,1,MKTX
3651,2024-05-15,0.6256224,1,VRTX
3652,2024-05-21,0.6356507,-1,AXP
3653,2024-04-16,0.5520827,1,MNST
3654,2024-05-23,0.44331515,1,WELL
3655,2024-04-23,0.42388335,-1,SHW
3656,2024-05-20,0.54340076,-1,APTV
3657,2024-05-10,0.41427287,-1,CSCO
3658,2024-05-15,0.58321315,-1,AIZ
3659,2024-05-02,0.5120067,1,ON
3660,2024-04-17,0.67714846,-1,ETSY
3661,2024-05-21,0.45560038,-1,BA
3662,2024-05-17,0.553756,-1,CVS
3663,2024-05-09,0.50151765,1,UDR
3664,2024-05-07,0.5273942,1,ADSK
3665,2024-04-19,0.5100348,1,FFIV
3666,2024-04-17,0.39211872,1,MKC
3667,2024-04-10,0.43407053,-1,BKNG
3668,2024-04-03,0.574272,-1,SWK
3669,2024-04-18,0.45367226,-1,PPL
3670,2024-04-19,0.3587627,-1,ITW
3671,2024-04-25,0.47512072,1,MET
3672,2024-04-19,0.6935447,1,WMT
3673,2024-05-20,0.55006385,-1,VTR
3674,2024-04-23,0.49765062,-1,CVS
3675,2024-05-09,0.52620673,1,TXT
3676,2024-04-24,0.43439502,1,VLTO
3677,2024-04-30,0.5141649,-1,BMY
3678,2024-04-10,0.52073425,-1,WAB
3679,2024-05-14,0.47519377,-1,PANW
3680,2024-05-21,0.4964804,-1,BAC
3681,2024-04-11,0.035256755,1,KO
3682,2024-04-08,0.5851334,-1,DUK
3683,2024-04-03,0.4180254,1,RTX
3684,2024-04-08,0.5386883,-1,EOG
3685,2024-04-30,0.44684547,1,PLD
3686,2024-05-22,0.47647762,1,EXPE
3687,2024-04-25,0.46666658,-1,EBAY
3688,2024-04-16,0.46932966,1,ZBRA
3689,2024-04-09,0.52997845,1,ELV
3690,2024-04-26,0.46443087,-1,IDXX
3691,2024-04-08,0.5218599,-1,PLD
3692,2024-05-06,0.4173243,1,IP
3693,2024-05-02,0.5013989,-1,CPAY
3694,2024-05-13,0.4447988,-1,CPT
3695,2024-04-22,0.49718508,1,DOV
3696,2024-05-01,0.521174,1,ROK
3697,2024-05-13,0.6801685,-1,MNST
3698,2024-04-22,0.66363823,1,SWK
3699,2024-05-13,0.56117606,-1,WBA
3700,2024-04-10,0.53730196,1,PCG
3701,2024-04-08,0.68679845,-1,HPQ
3702,2024-05-15,0.58263016,-1,COO
3703,2024-05-13,0.3982347,1,UNH
3704,2024-04-03,0.5114049,-1,TXT
3705,2024-04-15,0.5010351,1,OTIS
3706,2024-05-02,0.48755488,-1,LULU
3707,2024-04-23,0.5030822,-1,ALL
3708,2024-04-18,0.39192155,1,ETN
3709,2024-05-15,0.539445,-1,BIIB
3710,2024-04-15,0.42553762,1,VRSN
3711,2024-05-01,0.5530234,1,HBAN
3712,2024-05-09,0.54635656,-1,RTX
3713,2024-04-03,0.54404396,-1,SNA
3714,2024-05-08,0.37694228,1,BSX
3715,2024-05-01,0.6059548,1,CMS
3716,2024-05-13,0.47045657,1,TRMB
3717,2024-05-01,0.58025503,1,DG
3718,2024-04-05,0.70581484,-1,TYL
3719,2024-05-15,0.407184,1,GNRC
3720,2024-04-24,0.46811363,-1,SPG
3721,2024-04-26,0.49893433,-1,VLO
3722,2024-05-22,0.4671688,1,VTRS
3723,2024-05-22,0.493456,-1,TYL
3724,2024-04-19,0.35789114,-1,NI
3725,2024-04-19,0.3456499,-1,CVS
3726,2024-04-01,0.54941744,1,WEC
3727,2024-04-08,0.4932605,-1,REGN
3728,2024-04-10,0.5023121,-1,HES
3729,2024-05-15,0.41500497,1,WMT
3730,2024-04-12,0.42936286,-1,CARR
3731,2024-05-16,0.32349128,1,GWW
3732,2024-04-09,0.49632004,-1,ROL
3733,2024-04-23,0.58405495,-1,ROST
3734,2024-05-21,0.5732958,-1,ACGL
3735,2024-05-06,0.50558174,1,CFG
3736,2024-05-13,0.49442744,1,TER
3737,2024-05-03,0.4947303,1,CVX
3738,2024-04-05,0.37677774,-1,HST
3739,2024-03-28,0.5081243,1,CBOE
3740,2024-05-08,0.5746165,1,FTNT
3741,2024-04-18,0.5050674,-1,TEL
3742,2024-05-22,0.47033677,1,SHW
3743,2024-04-23,0.44715542,1,RCL
3744,2024-05-23,0.5401746,-1,HPE
3745,2024-04-26,0.37645116,1,ARE
3746,2024-05-10,0.52663255,1,MSCI
3747,2024-04-16,0.465336,1,FDX
3748,2024-05-07,0.4599511,1,CNC
3749,2024-04-03,0.33013296,-1,GIS
3750,2024-04-03,0.55342466,-1,HRL
3751,2024-04-29,0.40956378,1,CRL
3752,2024-04-17,0.42043027,1,NRG
3753,2024-04-17,0.2996518,1,MTB
3754,2024-05-21,0.44907853,-1,GDDY
3755,2024-05-08,0.47698915,1,SWK
3756,2024-04-04,0.56124765,-1,KIM
3757,2024-04-09,0.6649573,-1,SPG
3758,2024-04-12,0.53415036,1,F
3759,2024-05-02,0.287665,1,IPG
3760,2024-05-16,0.54137707,1,GDDY
3761,2024-04-02,0.5011514,-1,AEE
3762,2024-04-30,0.097260825,1,FITB
3763,2024-05-09,0.5332611,1,VICI
3764,2024-04-08,0.3404704,-1,LOW
3765,2024-04-11,0.5187413,-1,FI
3766,2024-05-02,0.5134175,-1,ADBE
3767,2024-04-18,0.35157067,1,MDLZ
3768,2024-05-07,0.5316707,1,BIO
3769,2024-05-21,0.40171078,-1,MRNA
3770,2024-05-01,0.494391,1,CZR
3771,2024-04-26,0.4943932,-1,PKG
3772,2024-04-16,0.49722555,-1,VMC
3773,2024-05-15,0.6861571,1,HUBB
3774,2024-04-22,0.43958002,-1,JKHY
3775,2024-05-08,0.7130647,1,EXR
3776,2024-05-08,0.45793417,-1,AIG
3777,2024-04-19,0.5054366,-1,WRB
3778,2024-05-09,0.6099837,1,EBAY
3779,2024-05-20,0.49766836,-1,HST
3780,2024-04-05,0.38071123,-1,CNC
3781,2024-05-14,0.13431317,-1,FI
3782,2024-05-21,0.59407353,-1,CCI
3783,2024-04-09,0.5534437,1,SMCI
3784,2024-04-29,0.6166376,1,FDS
3785,2024-04-18,0.4560039,1,KMX
3786,2024-04-30,0.44314894,1,DLTR
3787,2024-04-30,0.34428075,1,LYB
3788,2024-05-21,0.6695054,1,ULTA
3789,2024-03-28,0.35525528,1,PGR
3790,2024-05-01,0.4138889,1,TAP
3791,2024-05-16,0.42361516,-1,FTV
3792,2024-03-28,0.4961112,-1,DHI
3793,2024-05-09,0.5830051,1,WY
3794,2024-05-21,0.5465082,-1,POOL
3795,2024-05-07,0.5414073,1,FFIV
3796,2024-04-15,0.55408365,-1,J
3797,2024-04-29,0.45043766,1,ADP
3798,2024-04-05,0.49733946,-1,BWA
3799,2024-05-20,0.49460864,-1,VLO
3800,2024-05-06,0.4595924,1,MMM
3801,2024-04-09,0.558984,-1,RJF
3802,2024-04-29,0.40290204,1,MU
3803,2024-04-04,0.48246676,-1,CTLT
3804,2024-05-09,0.36190638,-1,CVX
3805,2024-04-08,0.5368114,-1,VRTX
3806,2024-05-07,0.51428336,1,IRM
3807,2024-04-16,0.45413846,1,WBA
3808,2024-04-22,0.7488152,-1,FTV
3809,2024-05-15,0.5564827,-1,SRE
3810,2024-05-06,0.60644567,1,XYL
3811,2024-05-13,0.6462898,-1,FTV
3812,2024-05-02,0.360913,1,MSI
3813,2024-04-29,0.64624405,1,FFIV
3814,2024-04-02,0.7169211,-1,PPL
3815,2024-05-16,0.40699625,1,LMT
3816,2024-05-13,0.6944053,1,TROW
3817,2024-05-02,0.5082527,1,GILD
3818,2024-04-24,0.5268375,-1,NKE
3819,2024-05-02,0.5708317,1,CMCSA
3820,2024-04-09,0.46664038,-1,ETN
3821,2024-05-22,0.47955745,-1,BX
3822,2024-04-18,0.4417103,1,CE
3823,2024-05-07,0.5277773,1,WMB
3824,2024-04-03,0.31010404,1,AVB
3825,2024-04-23,0.6297453,-1,RSG
3826,2024-05-23,0.5254889,1,PODD
3827,2024-04-23,0.44789046,-1,KKR
3828,2024-05-17,0.4985693,-1,CL
3829,2024-05-14,0.73329496,-1,ABBV
3830,2024-04-08,0.51260185,-1,CTSH
3831,2024-04-22,0.48143914,-1,RF
3832,2024-05-23,0.52217555,1,JBHT
3833,2024-04-18,0.54888946,1,DOC
3834,2024-05-01,0.51664585,1,BLK
3835,2024-05-20,0.68877614,-1,PHM
3836,2024-05-10,0.58230674,1,AXP
3837,2024-05-02,0.5479135,1,FE
3838,2024-04-25,0.21480425,1,BKNG
3839,2024-04-08,0.45250168,-1,MCD
3840,2024-04-01,0.33602008,1,NCLH
3841,2024-04-03,0.28026178,1,JCI
3842,2024-05-21,0.50239664,-1,CDNS
3843,2024-04-02,0.5856882,-1,KEY
3844,2024-04-09,0.51748544,-1,INTC
3845,2024-03-28,0.36933395,-1,KMX
3846,2024-04-09,0.51371056,-1,CVS
3847,2024-05-09,0.45356697,-1,BBY
3848,2024-04-12,0.59371597,-1,CZR
3849,2024-04-05,0.523951,-1,BG
3850,2024-05-03,0.41017485,-1,CPAY
3851,2024-03-28,0.3445269,-1,PG
3852,2024-04-24,0.3116364,1,TT
3853,2024-05-03,0.46282908,-1,ABNB
3854,2024-04-24,0.41295066,-1,ADI
3855,2024-04-11,0.53725004,-1,GEN
3856,2024-04-04,0.5351677,-1,MRO
3857,2024-05-08,0.42510265,1,MMM
3858,2024-04-22,0.5046517,-1,PFG
3859,2024-04-03,0.3760398,-1,ALL
3860,2024-05-08,0.49448574,1,SJM
3861,2024-04-11,0.24020244,-1,PSA
3862,2024-04-19,0.45602772,1,DHR
3863,2024-05-10,0.45665655,-1,EMN
3864,2024-05-20,0.46529108,-1,KMB
3865,2024-05-08,0.45018917,1,MRNA
3866,2024-05-07,0.4664128,1,WELL
3867,2024-04-08,0.4606338,-1,TRGP
3868,2024-04-22,0.10894998,-1,L
3869,2024-04-30,0.14562249,1,LNT
3870,2024-05-06,0.41026026,1,D
3871,2024-03-28,0.48963553,-1,GILD
3872,2024-04-10,0.4841918,-1,APH
3873,2024-04-25,0.4459762,-1,JPM
3874,2024-05-21,0.61431015,1,ABNB
3875,2024-05-08,0.5746056,-1,IEX
3876,2024-05-10,0.4531697,-1,PNC
3877,2024-04-16,0.4722422,1,DAL
3878,2024-04-04,0.4538599,-1,EXPE
3879,2024-05-20,0.52047503,-1,ABBV
3880,2024-05-07,0.43583837,1,XOM
3881,2024-04-09,0.50571287,-1,RVTY
3882,2024-04-03,0.5079156,-1,AWK
3883,2024-04-18,0.37060818,1,J
3884,2024-05-20,0.49481592,1,DECK
3885,2024-04-01,0.44913298,-1,CPAY
3886,2024-05-20,0.2964741,-1,NOC
3887,2024-05-14,0.4754985,-1,CMI
3888,2024-04-25,0.4964286,-1,AKAM
3889,2024-04-29,0.4528682,1,KEYS
3890,2024-05-10,0.39478815,-1,STLD
3891,2024-04-05,0.5727563,-1,UNP
3892,2024-04-24,0.68832713,1,CMCSA
3893,2024-04-17,0.43338645,1,ABNB
3894,2024-04-15,0.5281942,1,ALL
3895,2024-05-08,0.42051527,-1,ADM
3896,2024-04-03,0.636594,-1,MCK
3897,2024-05-16,0.4993269,1,SNPS
3898,2024-04-15,0.43509093,1,ORLY
3899,2024-05-23,0.39753366,1,NI
3900,2024-04-29,0.27312452,1,FIS
3901,2024-05-03,0.49491805,-1,GPN
3902,2024-04-11,0.38736635,-1,FSLR
3903,2024-05-15,0.6047357,-1,DUK
3904,2024-04-03,0.3646299,1,EQR
3905,2024-04-24,0.68485445,-1,ROST
3906,2024-04-29,0.46335483,1,STZ
3907,2024-05-08,0.53584605,1,ACN
3908,2024-04-19,0.45283604,-1,DG
3909,2024-04-01,0.7928788,-1,JNJ
3910,2024-04-29,0.5168245,1,UNP
3911,2024-05-01,0.65955704,-1,WST
3912,2024-04-24,0.4561513,-1,NVR
3913,2024-04-12,0.48683342,-1,DOW
3914,2024-04-15,0.45091397,1,HIG
3915,2024-05-08,0.47922507,-1,AIZ
3916,2024-04-23,0.32701197,1,MRNA
3917,2024-04-12,0.51126176,1,PRU
3918,2024-04-08,0.5389428,-1,BK
3919,2024-05-01,0.6893748,1,AES
3920,2024-05-03,0.60970086,1,UHS
3921,2024-05-20,0.4699083,-1,MNST
3922,2024-04-16,0.7783443,1,AMP
3923,2024-04-01,0.46543744,-1,PGR
3924,2024-04-05,0.46273267,-1,LH
3925,2024-05-02,0.5076789,-1,ZBH
3926,2024-05-06,0.66108125,-1,ADBE
3927,2024-04-09,0.50532657,-1,PTC
3928,2024-05-20,0.4956613,-1,SWKS
3929,2024-05-13,0.49179056,1,DECK
3930,2024-05-16,0.48842764,-1,GIS
3931,2024-05-15,0.6614157,1,KLAC
3932,2024-04-18,0.43351814,1,DVN
3933,2024-05-14,0.33142066,-1,CE
3934,2024-04-11,0.47929192,-1,SNA
3935,2024-05-20,0.26940653,-1,CE
3936,2024-04-03,0.422121,-1,AEP
3937,2024-05-20,0.37070116,-1,PNC
3938,2024-04-29,0.42471212,1,NOW
3939,2024-04-04,0.54663354,-1,EQIX
3940,2024-05-03,0.5196898,1,MCD
3941,2024-04-30,0.40935475,1,KKR
3942,2024-04-11,0.045344923,1,FOX
3943,2024-04-22,0.6990054,-1,ABBV
3944,2024-03-28,0.3402517,-1,HCA
3945,2024-05-15,0.547442,1,QCOM
3946,2024-04-19,0.45369488,1,LW
3947,2024-05-22,0.61914915,1,NTRS
3948,2024-05-10,0.22552721,1,URI
3949,2024-04-12,0.50599337,1,PNC
3950,2024-05-17,0.7114586,-1,FAST
3951,2024-05-22,0.4824133,1,FSLR
3952,2024-05-21,0.45302066,-1,RTX
3953,2024-05-20,0.58272463,-1,SNA
3954,2024-04-23,0.5500745,-1,L
3955,2024-04-05,0.6154217,-1,AMT
3956,2024-04-05,0.4083557,-1,EIX
3957,2024-05-20,0.48198608,-1,SJM
3958,2024-04-11,0.42550847,1,RSG
3959,2024-05-10,0.46709183,-1,STZ
3960,2024-03-28,0.5428511,-1,CCL
3961,2024-04-29,0.7126632,-1,SWK
3962,2024-05-06,0.3986437,-1,BAX
3963,2024-04-02,0.38319877,-1,BXP
3964,2024-04-26,0.5014922,1,KLAC
3965,2024-04-24,0.36111003,1,PCG
3966,2024-04-22,0.60825324,-1,PSA
3967,2024-04-30,0.54554945,-1,CI
3968,2024-05-17,0.4751352,-1,RF
3969,2024-05-03,0.44700694,-1,PARA
3970,2024-04-01,0.48500672,-1,TSCO
3971,2024-04-10,0.49574217,-1,GLW
3972,2024-04-08,0.5903323,-1,UPS
3973,2024-05-01,0.50731725,1,HPE
3974,2024-05-22,0.36679527,-1,CTAS
3975,2024-05-10,0.5829836,1,JKHY
3976,2024-05-01,0.3718572,1,WAB
3977,2024-04-25,0.50889015,1,LNT
3978,2024-05-17,0.47237936,-1,NDSN
3979,2024-04-09,0.78695136,-1,TMUS
3980,2024-05-10,0.45130298,1,GDDY
3981,2024-05-07,0.5838898,-1,AMZN
3982,2024-04-30,0.64814526,1,SPGI
3983,2024-04-01,0.49185568,1,IT
3984,2024-04-25,0.16111235,1,EG
3985,2024-04-02,0.6265991,-1,USB
3986,2024-04-03,0.4552965,-1,EXR
3987,2024-03-28,0.42997807,-1,CRL
3988,2024-04-05,0.34033346,1,ETSY
3989,2024-04-08,0.09417731,-1,GEN
3990,2024-04-05,0.45416024,-1,MMC
3991,2024-05-13,0.49736065,1,INTU
3992,2024-04-08,0.44388288,-1,LDOS
3993,2024-04-09,0.4708831,-1,TRMB
3994,2024-04-30,0.56965655,1,HD
3995,2024-05-14,0.52709115,1,MSCI
3996,2024-05-13,0.5281741,-1,ON
3997,2024-04-12,0.39727855,1,MDLZ
3998,2024-04-30,0.5656027,1,AXON
3999,2024-05-17,0.5973294,-1,ROK
4000,2024-04-10,0.46127164,-1,MAR
4001,2024-05-10,0.80921924,-1,COR
4002,2024-05-16,0.5212327,-1,EIX
4003,2024-05-15,0.52028596,-1,EL
4004,2024-04-25,0.4649108,1,HIG
4005,2024-04-05,0.49876976,-1,ICE
4006,2024-04-24,0.45479178,-1,EQIX
4007,2024-04-17,0.54483014,-1,REGN
4008,2024-05-03,0.48419422,-1,ENPH
4009,2024-04-25,0.53020597,1,AMT
4010,2024-05-16,0.50716007,-1,PARA
4011,2024-04-23,0.43657416,-1,MOH
4012,2024-04-30,0.7382599,-1,CPB
4013,2024-04-29,0.4909964,1,KVUE
4014,2024-04-16,0.542123,1,ON
4015,2024-04-09,0.67283565,-1,IEX
4016,2024-04-02,0.43920213,-1,NWSA
4017,2024-05-14,0.5403182,-1,UBER
4018,2024-05-20,0.5728454,-1,JBHT
4019,2024-03-28,0.43775332,-1,WAT
4020,2024-05-06,0.61497355,-1,APA
4021,2024-04-08,0.4473821,-1,RL
4022,2024-04-12,0.41863516,1,DUK
4023,2024-03-28,0.38962278,-1,TER
4024,2024-04-26,0.46151617,-1,VICI
4025,2024-05-07,0.44365424,1,QCOM
4026,2024-04-29,0.7217507,1,JKHY
4027,2024-05-06,0.54942536,-1,CSX
4028,2024-04-26,0.20656863,-1,MHK
4029,2024-05-20,0.501951,-1,SBUX
4030,2024-04-10,0.5074888,-1,TRMB
4031,2024-04-25,0.3672786,1,NI
4032,2024-04-11,0.42857334,-1,CPRT
4033,2024-05-02,0.6247775,1,VTR
4034,2024-05-08,0.38528907,1,AMCR
4035,2024-04-08,0.32416707,-1,WDC
4036,2024-04-19,0.6385622,-1,AMP
4037,2024-05-20,0.60505927,-1,YUM
4038,2024-05-06,0.32248172,-1,RCL
4039,2024-04-12,0.13892646,-1,ZBH
4040,2024-04-15,0.27557933,1,AME
4041,2024-05-20,0.4112351,1,MRO
4042,2024-04-30,0.63606775,-1,DRI
4043,2024-04-01,0.45877495,1,PH
4044,2024-04-25,0.17354292,-1,HES
4045,2024-04-17,0.3533524,-1,IEX
4046,2024-04-11,0.50460464,-1,PSX
4047,2024-04-11,0.51399124,-1,SBAC
4048,2024-05-23,0.6026817,1,DIS
4049,2024-04-22,0.32185557,-1,BIO
4050,2024-04-25,0.4654377,-1,SLB
4051,2024-04-12,0.46962267,1,EOG
4052,2024-04-03,0.7621947,-1,LH
4053,2024-05-13,0.3835085,1,SO
4054,2024-04-16,0.46520817,-1,APA
4055,2024-05-23,0.50631076,-1,SWKS
4056,2024-04-17,0.44140822,-1,MSCI
4057,2024-05-10,0.47582176,1,HAS
4058,2024-04-10,0.6685647,1,CPB
4059,2024-04-25,0.5177861,1,GD
4060,2024-05-08,0.37559932,-1,DOV
4061,2024-05-08,0.4612413,-1,ES
4062,2024-04-23,0.51692665,1,AMCR
4063,2024-04-23,0.25008205,-1,HES
4064,2024-05-22,0.50792485,1,QRVO
4065,2024-04-12,0.4377116,-1,BLK
4066,2024-04-02,0.63297856,-1,CZR
4067,2024-05-21,0.63557476,-1,ETR
4068,2024-05-10,0.23410468,-1,DE
4069,2024-04-16,0.48724127,1,CTRA
4070,2024-04-04,0.3156605,-1,RMD
4071,2024-04-26,0.46705338,-1,CBRE
4072,2024-04-30,0.46534833,1,META
4073,2024-04-03,0.3700598,-1,BMY
4074,2024-04-11,0.26903796,-1,CRWD
4075,2024-04-26,0.4646607,1,APH
4076,2024-05-22,0.30832136,-1,MRK
4077,2024-04-08,0.6926984,-1,REG
4078,2024-04-25,0.4974534,1,EXC
4079,2024-05-06,0.58387786,1,KVUE
4080,2024-05-06,0.4075965,-1,L
4081,2024-05-10,0.51315403,-1,MNST
4082,2024-04-23,0.48565903,-1,EMR
4083,2024-04-01,0.321585,1,AAPL
4084,2024-05-20,0.46080026,-1,DGX
4085,2024-04-10,0.47984606,-1,TT
4086,2024-05-09,0.40042472,-1,HOLX
4087,2024-04-16,0.7495447,1,EQT
4088,2024-04-30,0.6058675,-1,GILD
4089,2024-04-05,0.4954793,-1,VLO
4090,2024-04-19,0.6173036,1,BXP
4091,2024-04-23,0.34837657,-1,MKC
4092,2024-04-01,0.47455528,-1,ORCL
4093,2024-04-03,0.42855322,1,MAA
4094,2024-05-14,0.41034874,-1,HST
4095,2024-05-10,0.5055357,1,EG
4096,2024-05-10,0.44791692,1,GLW
4097,2024-05-14,0.5208624,1,OTIS
4098,2024-05-10,0.6028467,1,MA
4099,2024-04-08,0.49681216,-1,SYF
4100,2024-04-25,0.34753412,-1,RMD
4101,2024-05-15,0.5467107,1,TXT
4102,2024-04-12,0.5287909,1,HIG
4103,2024-05-01,0.3689119,1,RCL
4104,2024-05-22,0.47482273,-1,AMZN
4105,2024-05-09,0.3801131,-1,LYV
4106,2024-04-01,0.64244103,1,BEN
4107,2024-05-10,0.30802947,1,VLO
4108,2024-04-08,0.560526,-1,DVA
4109,2024-04-15,0.49688494,1,CTRA
4110,2024-05-20,0.5954429,-1,EL
4111,2024-04-02,0.5145259,1,AMAT
4112,2024-04-09,0.5305956,-1,CTSH
4113,2024-04-09,0.49956864,-1,EXC
4114,2024-05-15,0.46780097,-1,HSIC
4115,2024-05-14,0.56978124,-1,PNC
4116,2024-04-30,0.45083156,1,APA
4117,2024-05-15,0.52401537,-1,UBER
4118,2024-04-26,0.5824778,-1,TEL
4119,2024-05-03,0.43089023,1,KHC
4120,2024-04-19,0.42071986,1,PH
4121,2024-04-23,0.32454336,1,DUK
4122,2024-04-02,0.5127601,-1,HIG
4123,2024-03-28,0.3858572,-1,AFL
4124,2024-04-10,0.315454,1,AEE
4125,2024-04-18,0.40607452,1,TDG
4126,2024-03-28,0.41060865,-1,SLB
4127,2024-04-25,0.41611016,-1,CBRE
4128,2024-05-17,0.52321434,-1,MKTX
4129,2024-05-15,0.53012073,1,ACGL
4130,2024-05-07,0.4730996,1,JKHY
4131,2024-05-15,0.49517107,1,JBL
4132,2024-05-02,0.49563614,1,GRMN
4133,2024-04-02,0.46814182,-1,DG
4134,2024-05-21,0.39886183,-1,CLX
4135,2024-04-10,0.46935266,-1,IDXX
4136,2024-05-16,0.45748255,-1,HSIC
4137,2024-04-23,0.46980643,-1,EOG
4138,2024-05-03,0.5332432,1,HES
4139,2024-05-14,0.4683673,-1,ESS
4140,2024-04-12,0.5690445,1,MCO
4141,2024-05-16,0.7436552,1,JNPR
4142,2024-05-08,0.46269032,1,LDOS
4143,2024-04-03,0.2508115,-1,MNST
4144,2024-04-03,0.5495362,1,TFX
4145,2024-05-08,0.47007206,1,MET
4146,2024-04-24,0.5336444,-1,CBRE
4147,2024-04-22,0.40681037,1,HRL
4148,2024-05-03,0.5459813,1,WBD
4149,2024-04-29,0.46429187,1,NKE
4150,2024-05-15,0.55558866,-1,AIG
4151,2024-05-06,0.4936084,1,CDW
4152,2024-05-09,0.38447732,1,MSI
4153,2024-05-14,0.39506096,-1,RMD
4154,2024-05-06,0.49913236,1,LEN
4155,2024-05-21,0.50989646,-1,TSCO
4156,2024-05-08,0.4686422,1,BKR
4157,2024-04-05,0.44761357,-1,BMY
4158,2024-04-26,0.4921855,-1,EQT
4159,2024-05-23,0.20568153,-1,IT
4160,2024-04-24,0.40870038,1,J
4161,2024-04-29,0.4422276,-1,HRL
4162,2024-04-24,0.39073336,1,TYL
4163,2024-05-02,0.37263772,1,WDC
4164,2024-04-18,0.55397964,-1,VRSN
4165,2024-04-29,0.47407436,1,NWS
4166,2024-04-15,0.52976686,1,GOOG
4167,2024-05-16,0.50388235,-1,BA
4168,2024-04-19,0.5061178,1,TSN
4169,2024-04-23,0.479938,-1,CTRA
4170,2024-05-13,0.42045963,1,CNP
4171,2024-05-02,0.4350202,1,STX
4172,2024-05-09,0.44785148,-1,PH
4173,2024-04-15,0.4854846,-1,TXN
4174,2024-04-30,0.41938263,1,RF
4175,2024-04-23,0.49004197,-1,TTWO
4176,2024-04-02,0.38947183,1,FIS
4177,2024-05-21,0.46597493,-1,FDX
4178,2024-05-07,0.21971998,-1,HES
4179,2024-04-17,0.38304985,1,ADP
4180,2024-04-03,0.49206737,-1,VICI
4181,2024-05-14,0.33768162,-1,NDSN
4182,2024-05-15,0.5204224,-1,MAR
4183,2024-04-02,0.5052712,-1,EIX
4184,2024-05-07,0.4842442,1,IR
4185,2024-05-03,0.44969264,1,MET
4186,2024-05-17,0.5221296,-1,JNPR
4187,2024-04-19,0.25149947,-1,BDX
4188,2024-05-16,0.4459629,1,NXPI
4189,2024-04-08,0.7019473,-1,USB
4190,2024-04-15,0.44389555,1,CMS
4191,2024-05-07,0.54434794,1,MAS
4192,2024-05-08,0.49005115,1,NSC
4193,2024-04-02,0.54939204,-1,TAP
4194,2024-04-18,0.6552261,1,NOC
4195,2024-04-16,0.522775,1,ISRG
4196,2024-04-16,0.46647644,-1,FCX
4197,2024-05-09,0.4751663,1,TXN
4198,2024-05-20,0.522165,-1,TFC
4199,2024-05-13,0.5889918,1,CNC
4200,2024-03-28,0.42646164,-1,HPQ
4201,2024-04-30,0.13360226,1,KO
4202,2024-05-07,0.14856695,-1,ALB
4203,2024-04-25,0.57769215,-1,EL
4204,2024-05-09,0.5190758,-1,AXON
4205,2024-04-29,0.4826251,1,CTAS
4206,2024-05-14,0.2531493,-1,EXR
4207,2024-05-07,0.70135885,1,TRMB
4208,2024-05-14,0.5026374,-1,EL
4209,2024-05-14,0.4235299,-1,HAS
4210,2024-04-24,0.5382772,-1,AAL
4211,2024-04-18,0.5102617,1,VMC
4212,2024-04-08,0.4472587,-1,NWS
4213,2024-04-30,0.5013157,1,WFC
4214,2024-04-23,0.4975317,-1,TRGP
4215,2024-03-28,0.48447454,-1,TFX
4216,2024-05-08,0.4914468,-1,DD
4217,2024-04-12,0.54030335,-1,STT
4218,2024-04-18,0.4510499,1,VST
4219,2024-05-02,0.43111494,1,GS
4220,2024-04-19,0.36524644,1,GPN
4221,2024-04-11,0.4641767,-1,LYV
4222,2024-04-03,0.7368331,-1,IPG
4223,2024-04-10,0.5114333,-1,CCL
4224,2024-05-14,0.562188,-1,FITB
4225,2024-04-25,0.49374634,1,BRO
4226,2024-04-03,0.46528795,1,BBY
4227,2024-04-19,0.45329088,1,FAST
4228,2024-04-12,0.51669943,-1,ABT
4229,2024-05-13,0.5512107,1,ZBRA
4230,2024-04-18,0.51925915,1,GEN
4231,2024-04-16,0.53271246,1,HOLX
4232,2024-05-14,0.6674601,-1,NWS
4233,2024-04-02,0.567413,-1,TRV
4234,2024-04-23,0.62083554,1,FSLR
4235,2024-03-28,0.515215,-1,COST
4236,2024-04-19,0.49095652,1,CMI
4237,2024-04-03,0.4777574,-1,LDOS
4238,2024-05-01,0.50650215,-1,BR
4239,2024-05-16,0.4537286,-1,FRT
4240,2024-04-12,0.37705895,-1,ITW
4241,2024-04-11,0.18007815,1,AMCR
4242,2024-04-26,0.3278941,1,CTAS
4243,2024-04-15,0.4490866,1,WM
4244,2024-05-22,0.5300783,-1,COO
4245,2024-04-15,0.5016282,-1,ADBE
4246,2024-04-16,0.57328916,-1,PCAR
4247,2024-05-15,0.47393346,-1,GOOG
4248,2024-05-22,0.4605595,1,MAS
4249,2024-05-22,0.5956901,1,PKG
4250,2024-04-12,0.48777634,1,VLTO
4251,2024-04-09,0.4250352,-1,ETR
4252,2024-04-12,0.40486836,1,CB
4253,2024-04-10,0.5027829,-1,HCA
4254,2024-05-20,0.37452564,-1,RMD
4255,2024-05-16,0.500749,-1,TECH
4256,2024-05-17,0.5092883,-1,KVUE
4257,2024-05-22,0.6468568,1,BXP
4258,2024-05-07,0.25356865,1,NOW
4259,2024-04-30,0.533651,-1,LULU
4260,2024-04-22,0.42789397,-1,EA
4261,2024-05-08,0.4164751,1,ESS
4262,2024-05-14,0.4902808,1,ELV
4263,2024-04-11,0.4881128,-1,CTSH
4264,2024-05-10,0.5504825,-1,AXON
4265,2024-04-17,0.16401787,-1,MOS
4266,2024-05-09,0.544289,1,COO
4267,2024-05-20,0.5037544,-1,GIS
4268,2024-05-06,0.52542514,1,LYB
4269,2024-04-12,0.38619968,1,PM
4270,2024-04-18,0.1781433,-1,ATO
4271,2024-04-19,0.12727402,1,D
4272,2024-04-04,0.49451318,-1,EW
4273,2024-05-17,0.56535095,-1,CCL
4274,2024-04-03,0.49064794,1,ANET
4275,2024-04-02,0.5074457,-1,CINF
4276,2024-05-15,0.5101672,1,LW
4277,2024-04-15,0.5160022,1,FRT
4278,2024-04-09,0.5739635,-1,ATO
4279,2024-04-11,0.27944803,-1,BXP
4280,2024-04-30,0.23181686,1,FE
4281,2024-04-30,0.6403771,-1,CCL
4282,2024-04-05,0.6191557,-1,EPAM
4283,2024-04-22,0.60466105,-1,NKE
4284,2024-04-03,0.4138237,1,ADP
4285,2024-04-08,0.51546854,-1,DFS
4286,2024-05-23,0.27901763,1,AEE
4287,2024-04-03,0.54408073,-1,PKG
4288,2024-04-25,0.47563818,1,FTV
4289,2024-04-25,0.48895785,1,LDOS
4290,2024-04-11,0.4588128,-1,ZBRA
4291,2024-04-23,0.50628227,1,CTLT
4292,2024-04-26,0.52682674,1,NI
4293,2024-05-02,0.50878596,1,FTV
4294,2024-04-29,0.56697774,-1,CME
4295,2024-04-01,0.42889142,1,UPS
4296,2024-04-04,0.42841214,1,GOOG
4297,2024-04-18,0.78173256,-1,AAL
4298,2024-05-06,0.5517524,1,ULTA
4299,2024-05-20,0.520891,-1,O
4300,2024-04-30,0.6584763,-1,ETSY
4301,2024-05-14,0.57836926,-1,AMZN
4302,2024-04-26,0.34479177,-1,MTD
4303,2024-04-25,0.5284274,1,ON
4304,2024-05-09,0.50633097,1,TSLA
4305,2024-03-28,0.24627905,1,ODFL
4306,2024-05-16,0.4953158,1,RL
4307,2024-05-01,0.4188979,1,PEG
4308,2024-04-30,0.49543,1,VLTO
4309,2024-04-11,0.42336664,1,AON
4310,2024-04-10,0.3993132,-1,HST
4311,2024-04-11,0.45586944,-1,QCOM
4312,2024-04-08,0.55654573,-1,KMI
4313,2024-05-13,0.5057975,1,XEL
4314,2024-04-11,0.5269837,-1,META
4315,2024-05-13,0.5877493,-1,AMP
4316,2024-04-18,0.45335564,1,PAYX
4317,2024-04-09,0.52214044,-1,KMX
4318,2024-04-04,0.45197472,-1,CRL
4319,2024-05-06,0.19291659,1,NOC
4320,2024-05-16,0.71989214,-1,TDY
4321,2024-04-05,0.2188174,-1,TROW
4322,2024-05-06,0.5045285,1,AAPL
4323,2024-05-07,0.44002923,1,ANET
4324,2024-04-02,0.45334232,1,GE
4325,2024-05-13,0.41667232,-1,MDLZ
4326,2024-05-01,0.5376705,1,MLM
4327,2024-05-20,0.48766968,-1,ALLE
4328,2024-04-03,0.65809786,1,WBD
4329,2024-04-30,0.059498426,1,ISRG
4330,2024-05-21,0.5027897,-1,PAYX
4331,2024-04-18,0.4498792,1,ANSS
4332,2024-05-02,0.5349062,1,HBAN
4333,2024-04-10,0.45883286,-1,AVY
4334,2024-04-12,0.49280787,-1,JBL
4335,2024-05-23,0.23926175,-1,HBAN
4336,2024-05-17,0.5246997,1,ABNB
4337,2024-04-01,0.4012653,1,WFC
4338,2024-04-17,0.6471529,1,POOL
4339,2024-04-12,0.52450794,-1,PODD
4340,2024-03-28,0.5193196,1,BK
4341,2024-04-22,0.6980963,-1,TDY
4342,2024-05-14,0.30511206,-1,NTRS
4343,2024-04-29,0.53977966,1,CTVA
4344,2024-04-15,0.49950585,1,URI
4345,2024-04-18,0.48740634,1,EA
4346,2024-05-07,0.34647176,1,ROP
4347,2024-04-30,0.52231634,-1,EA
4348,2024-04-23,0.5668562,-1,DLR
4349,2024-05-13,0.4901616,1,TMUS
4350,2024-03-28,0.45368004,-1,WM
4351,2024-05-17,0.39713004,-1,BKR
4352,2024-04-02,0.49415886,-1,CRM
4353,2024-05-15,0.44493273,-1,MSI
4354,2024-05-07,0.43032706,1,HBAN
4355,2024-04-01,0.5803602,1,VLTO
4356,2024-05-22,0.51484394,-1,TXN
4357,2024-04-25,0.58625364,1,PG
4358,2024-05-08,0.47707796,-1,J
4359,2024-04-23,0.55338705,-1,ADBE
4360,2024-04-12,0.5894837,1,PPL
4361,2024-05-02,0.41530687,-1,TMUS
4362,2024-05-09,0.48533037,-1,NRG
4363,2024-04-22,0.47727013,-1,NTRS
4364,2024-04-02,0.32383966,-1,BBWI
4365,2024-04-02,0.43643835,-1,CL
4366,2024-04-26,0.5420412,1,NTRS
4367,2024-04-04,0.55302894,-1,ISRG
4368,2024-04-26,0.617167,-1,EQIX
4369,2024-04-09,0.56857806,1,MTB
4370,2024-04-18,0.2493014,-1,UBER
4371,2024-05-06,0.530563,1,BBY
4372,2024-05-17,0.4990906,-1,EFX
4373,2024-04-09,0.3162859,-1,ON
4374,2024-04-17,0.38503125,1,QCOM
4375,2024-04-25,0.48638928,-1,CAG
4376,2024-05-09,0.45869952,1,SLB
4377,2024-04-03,0.5221153,-1,STLD
4378,2024-04-08,0.51791185,-1,MGM
4379,2024-04-10,0.4883076,-1,DLTR
4380,2024-05-10,0.46795133,1,HBAN
4381,2024-04-26,0.54156613,-1,CLX
4382,2024-04-18,0.5321551,1,ALB
4383,2024-05-02,0.48015475,1,DOC
4384,2024-04-01,0.36120802,-1,ROL
4385,2024-04-02,0.45102075,1,JKHY
4386,2024-04-05,0.4706317,1,CMG
4387,2024-05-14,0.63983226,1,ZBRA
4388,2024-04-29,0.51182944,1,L
4389,2024-04-22,0.56705153,1,HLT
4390,2024-04-16,0.2530219,1,BEN
4391,2024-05-01,0.61050355,-1,CAH
4392,2024-05-21,0.7590646,-1,F
4393,2024-04-12,0.46305683,1,EL
4394,2024-05-09,0.52635473,-1,ABNB
4395,2024-04-26,0.50990564,1,O
4396,2024-04-11,0.5856671,-1,CSCO
4397,2024-04-25,0.5255659,-1,F
4398,2024-04-30,0.48489752,1,BWA
4399,2024-04-08,0.5365893,-1,PANW
4400,2024-05-13,0.53893435,1,PODD
4401,2024-04-10,0.18362197,-1,TDY
4402,2024-03-28,0.4815251,1,AIG
4403,2024-04-08,0.4519882,-1,CDW
4404,2024-04-04,0.47828987,-1,UPS
4405,2024-05-20,0.60779846,-1,BXP
4406,2024-05-21,0.5489179,-1,COP
4407,2024-04-15,0.41295165,1,DHR
4408,2024-05-10,0.42035347,-1,HOLX
4409,2024-05-10,0.31647354,1,MU
4410,2024-04-02,0.36697415,-1,PEP
4411,2024-04-30,0.39850995,1,GOOG
4412,2024-05-16,0.5637431,1,PANW
4413,2024-04-29,0.32029656,1,AXP
4414,2024-05-03,0.53994924,1,CSX
4415,2024-04-02,0.5778637,-1,AMGN
4416,2024-04-11,0.40575618,-1,IT
4417,2024-04-03,0.4863646,-1,AIG
4418,2024-04-23,0.40607834,-1,KIM
4419,2024-05-09,0.649299,1,MTB
4420,2024-05-14,0.47111705,-1,ITW
4421,2024-03-28,0.34965423,-1,AEP
4422,2024-05-02,0.60458344,1,PPL
4423,2024-05-17,0.53103995,-1,CLX
4424,2024-05-07,0.49742824,1,FCX
4425,2024-04-11,0.50434834,-1,CE
4426,2024-05-21,0.73823506,-1,DOW
4427,2024-05-16,0.68582875,-1,TAP
4428,2024-04-12,0.004493514,1,HSY
4429,2024-05-15,0.39773753,-1,ALLE
4430,2024-04-12,0.35303184,-1,GWW
4431,2024-05-15,0.70625955,-1,HCA
4432,2024-04-01,0.5754735,-1,K
4433,2024-04-10,0.27667245,-1,TMO
4434,2024-05-15,0.52533597,1,TDG
4435,2024-05-16,0.5937607,1,CDW
4436,2024-05-14,0.4837696,-1,AAL
4437,2024-04-16,0.5766805,1,VICI
4438,2024-03-28,0.35235623,1,HBAN
4439,2024-04-01,0.48111883,1,TYL
4440,2024-05-16,0.50537634,-1,AXP
4441,2024-04-18,0.33101362,-1,VZ
4442,2024-05-07,0.6135507,-1,BA
4443,2024-04-26,0.5588206,-1,TFX
4444,2024-05-01,0.4732586,-1,INTC
4445,2024-04-18,0.43052432,1,DAL
4446,2024-04-22,0.3552753,1,O
4447,2024-05-02,0.5367277,1,AAL
4448,2024-04-09,0.47767496,-1,CTVA
4449,2024-04-05,0.4748723,-1,RL
4450,2024-05-02,0.4107402,1,APA
4451,2024-04-04,0.576553,-1,HBAN
4452,2024-04-24,0.5729897,-1,ADM
4453,2024-04-17,0.51177776,-1,AMP
4454,2024-04-16,0.3329014,-1,HPE
4455,2024-04-25,0.42259106,1,AVY
4456,2024-05-22,0.45181322,1,BALL
4457,2024-05-22,0.58621013,1,SYK
4458,2024-04-02,0.41743577,-1,C
4459,2024-04-25,0.45619196,-1,IEX
4460,2024-05-14,0.32179844,1,CPB
4461,2024-04-18,0.51847434,-1,EPAM
4462,2024-04-19,0.56561416,1,APTV
4463,2024-05-23,0.58430845,-1,HAL
4464,2024-04-23,0.39320347,1,PKG
4465,2024-04-12,0.29243034,-1,ETSY
4466,2024-04-03,0.49798974,1,DOV
4467,2024-04-02,0.36815125,-1,SBUX
4468,2024-04-26,0.5634888,-1,BMY
4469,2024-04-18,0.4638885,-1,BA
4470,2024-04-01,0.43797103,-1,ACGL
4471,2024-05-22,0.47459328,1,FOXA
4472,2024-04-15,0.47546414,-1,TRV
4473,2024-04-25,0.5094244,-1,GIS
4474,2024-04-17,0.64743876,1,SBAC
4475,2024-04-11,0.49589327,-1,CCL
4476,2024-04-23,0.33584186,-1,DHR
4477,2024-04-17,0.43298474,-1,META
4478,2024-05-07,0.3198932,1,NI
4479,2024-05-07,0.51861006,1,DPZ
4480,2024-04-09,0.51710886,-1,MET
4481,2024-04-22,0.41504416,-1,BKR
4482,2024-05-17,0.48686305,-1,CZR
4483,2024-05-01,0.5632982,1,KLAC
4484,2024-05-02,0.41731086,-1,BR
4485,2024-04-03,0.50408137,1,TDG
4486,2024-04-05,0.52178466,-1,SMCI
4487,2024-04-29,0.4581427,1,MO
4488,2024-04-18,0.32809275,1,T
4489,2024-04-03,0.4600881,1,AMD
4490,2024-04-09,0.46206728,-1,ROST
4491,2024-04-12,0.49077085,-1,ISRG
4492,2024-04-19,0.57160497,1,PLD
4493,2024-05-01,0.40446964,1,BG
4494,2024-05-02,0.40126443,1,V
4495,2024-05-14,0.6991102,1,IP
4496,2024-05-16,0.57369065,1,NWSA
4497,2024-05-06,0.4898679,1,STLD
4498,2024-04-05,0.42882594,-1,CB
4499,2024-05-02,0.5063939,1,OTIS
4500,2024-05-15,0.7783526,1,AME
4501,2024-05-07,0.3472485,1,TFC
4502,2024-04-12,0.49630204,-1,MSFT
4503,2024-05-14,0.3636805,-1,ES
4504,2024-04-16,0.48416695,1,TRGP
4505,2024-04-03,0.5213958,-1,PPG
4506,2024-04-18,0.5536718,1,IDXX
4507,2024-04-26,0.43185887,-1,OTIS
4508,2024-05-20,0.6175171,-1,HES
4509,2024-04-23,0.4978608,-1,PH
4510,2024-04-11,0.5620834,1,ACGL
4511,2024-04-16,0.65297925,-1,JNPR
4512,2024-04-03,0.43006185,1,GDDY
4513,2024-05-10,0.6999743,1,ENPH
4514,2024-05-22,0.47041222,-1,BMY
4515,2024-05-16,0.6117083,1,APTV
4516,2024-05-23,0.43945462,-1,GE
4517,2024-04-05,0.26943585,-1,CPT
4518,2024-05-15,0.70756096,1,AVY
4519,2024-04-24,0.44100106,1,A
4520,2024-05-06,0.15783258,1,GL
4521,2024-05-22,0.54906356,1,GLW
4522,2024-04-22,0.57104266,-1,BRO
4523,2024-04-04,0.5739075,1,NKE
4524,2024-04-23,0.41873524,-1,BIO
4525,2024-04-15,0.5214224,1,TDG
4526,2024-05-22,0.5196195,-1,IDXX
4527,2024-04-19,0.41649365,1,BBWI
4528,2024-04-15,0.48626602,1,PFE
4529,2024-04-01,0.5309073,-1,ACN
4530,2024-04-25,0.5768712,-1,GPN
4531,2024-04-03,0.40173888,1,DLTR
4532,2024-04-17,0.43646213,1,AMCR
4533,2024-05-10,0.5412783,1,AMT
4534,2024-04-24,0.5404525,1,PLD
4535,2024-05-06,0.4555084,1,CHTR
4536,2024-05-20,0.6355096,-1,KHC
4537,2024-05-17,0.46541342,-1,IDXX
4538,2024-05-02,0.45002246,-1,F
4539,2024-05-21,0.60375565,-1,SPGI
4540,2024-05-14,0.5350595,-1,DTE
4541,2024-05-14,0.72030467,1,JNPR
4542,2024-04-04,0.75781465,-1,DUK
4543,2024-05-13,0.47676203,1,OXY
4544,2024-04-09,0.44822806,-1,ODFL
4545,2024-04-17,0.5278526,1,HSIC
4546,2024-04-15,0.507373,1,DUK
4547,2024-05-10,0.21857125,-1,AMCR
4548,2024-05-23,0.61593354,1,ZTS
4549,2024-05-21,0.5032337,1,CHTR
4550,2024-04-25,0.5382243,1,TTWO
4551,2024-05-08,0.49187613,-1,LYB
4552,2024-05-01,0.44483727,1,NVR
4553,2024-04-15,0.4399727,1,DTE
4554,2024-04-15,0.4056658,1,HOLX
4555,2024-05-03,0.5109453,1,TSCO
4556,2024-04-12,0.54552525,-1,BIO
4557,2024-04-26,0.64877784,1,D
4558,2024-04-15,0.5128698,1,UNH
4559,2024-04-01,0.44250956,-1,BMY
4560,2024-05-20,0.5651878,1,AMD
4561,2024-04-10,0.5945786,-1,PNC
4562,2024-05-06,0.4411601,1,WDC
4563,2024-05-02,0.8390894,1,PAYX
4564,2024-04-29,0.44754738,-1,TSN
4565,2024-04-19,0.41664785,1,SNA
4566,2024-05-08,0.47528452,-1,VTRS
4567,2024-04-10,0.48074085,-1,TRGP
4568,2024-05-07,0.44464096,1,GEHC
4569,2024-04-09,0.55301285,-1,COST
4570,2024-04-24,0.52673477,1,MHK
4571,2024-04-22,0.4781313,1,PKG
4572,2024-04-18,0.5353228,-1,WST
4573,2024-05-08,0.45299986,1,ITW
4574,2024-05-17,0.53749716,-1,HIG
4575,2024-04-22,0.52335936,-1,CCI
4576,2024-03-28,0.62493,-1,INCY
4577,2024-04-30,0.4335309,-1,KHC
4578,2024-04-23,0.49384108,-1,MTCH
4579,2024-05-17,0.44331113,-1,XEL
4580,2024-04-05,0.3650787,-1,MOH
4581,2024-05-02,0.5059737,1,FIS
4582,2024-05-16,0.5692677,-1,GEHC
4583,2024-05-07,0.86379254,1,FICO
4584,2024-04-04,0.35778263,-1,V
4585,2024-04-30,0.52049065,1,WRB
4586,2024-05-07,0.7068801,1,PPL
4587,2024-04-18,0.63688225,-1,REG
4588,2024-05-17,0.57980675,-1,TT
4589,2024-04-29,0.47974935,1,TAP
4590,2024-04-08,0.5633479,-1,CZR
4591,2024-05-23,0.51865643,1,RTX
4592,2024-04-24,0.4709037,-1,PFG
4593,2024-04-10,0.29113236,-1,CARR
4594,2024-05-20,0.64274246,-1,PG
4595,2024-04-24,0.46079487,-1,TFX
4596,2024-03-28,0.43585703,-1,CFG
4597,2024-04-15,0.4477802,1,PHM
4598,2024-04-16,0.46027768,1,ETN
4599,2024-05-17,0.3905454,-1,XOM
4600,2024-05-17,0.52847475,1,EBAY
4601,2024-05-02,0.3639907,1,LW
4602,2024-05-15,0.28131786,-1,LKQ
4603,2024-04-30,0.50597894,1,ELV
4604,2024-04-18,0.55441034,-1,ABBV
4605,2024-05-09,0.58790725,1,PHM
4606,2024-05-08,0.66291517,1,CF
4607,2024-04-01,0.29409578,-1,CME
4608,2024-05-15,0.41283324,-1,DOW
4609,2024-05-03,0.5134697,1,SNPS
4610,2024-05-08,0.43625432,-1,AOS
4611,2024-04-26,0.46477115,-1,EL
4612,2024-04-22,0.4549437,-1,LVS
4613,2024-05-13,0.19284905,1,MKTX
4614,2024-05-17,0.6607384,-1,MRO
4615,2024-04-04,0.45352402,-1,IVZ
4616,2024-05-21,0.5426156,-1,BMY
4617,2024-04-11,0.5447233,-1,FIS
4618,2024-05-20,0.5769299,-1,MGM
4619,2024-04-11,0.4802499,-1,CRL
4620,2024-04-08,0.49348825,-1,ALLE
4621,2024-04-03,0.43268472,-1,NDSN
4622,2024-05-06,0.46154574,-1,PHM
4623,2024-04-29,0.5379707,1,MAS
4624,2024-05-09,0.35218576,1,MS
4625,2024-04-08,0.5656151,-1,SBUX
4626,2024-04-25,0.40378657,-1,OTIS
4627,2024-04-03,0.5115234,1,OTIS
4628,2024-05-13,0.34286535,1,WMT
4629,2024-05-06,0.46158478,1,VZ
4630,2024-04-11,0.4138122,-1,MOH
4631,2024-04-23,0.5975859,-1,FDS
4632,2024-05-20,0.42979017,-1,DPZ
4633,2024-05-13,0.38512966,1,CEG
4634,2024-05-17,0.47486547,-1,OKE
4635,2024-05-13,0.52812195,-1,META
4636,2024-04-12,0.39357975,-1,HII
4637,2024-04-24,0.44106954,-1,ALL
4638,2024-05-17,0.670001,-1,AZO
4639,2024-05-08,0.7121404,1,EXPD
4640,2024-05-15,0.43994975,1,DD
4641,2024-04-25,0.5077381,1,DGX
4642,2024-05-15,0.56813824,1,MRK
4643,2024-05-22,0.624223,1,KMX
4644,2024-05-16,0.37203118,1,VRSN
4645,2024-04-10,0.521451,-1,MCO
4646,2024-05-13,0.42608425,1,BRO
4647,2024-04-22,0.34636578,1,MHK
4648,2024-04-25,0.38148803,-1,LRCX
4649,2024-05-02,0.24661532,1,DE
4650,2024-05-22,0.49736598,1,AXON
4651,2024-05-06,0.4979162,1,AMGN
4652,2024-04-25,0.027216826,-1,ANSS
4653,2024-04-09,0.14464152,-1,DHI
4654,2024-04-16,0.5542621,1,PFG
4655,2024-04-02,0.41890395,-1,HSY
4656,2024-05-07,0.45906326,1,BBY
4657,2024-04-25,0.46596774,1,MMM
4658,2024-04-18,0.22125714,1,KO
4659,2024-05-22,0.3741107,1,MTB
4660,2024-04-09,0.37112617,1,LW
4661,2024-05-16,0.32187405,-1,LEN
4662,2024-04-16,0.41986158,1,ADM
4663,2024-05-01,0.4576146,1,PM
4664,2024-05-16,0.54305536,-1,PRU
4665,2024-04-05,0.3153651,-1,AAL
4666,2024-04-08,0.27777016,-1,EW
4667,2024-04-17,0.32836315,-1,FTV
4668,2024-04-12,0.5221924,1,NOC
4669,2024-04-08,0.4841176,-1,CME
4670,2024-04-11,0.4981754,1,FMC
4671,2024-05-02,0.47572422,-1,STLD
4672,2024-05-15,0.5212501,-1,DVA
4673,2024-04-09,0.050723843,1,TSN
4674,2024-05-22,0.48291805,1,DECK
4675,2024-04-19,0.32116884,1,RCL
4676,2024-05-16,0.41479453,-1,SPG
4677,2024-04-30,0.55154806,1,HES
4678,2024-04-22,0.48307955,-1,CAH
4679,2024-04-17,0.55219626,1,TSLA
4680,2024-05-10,0.5353273,1,ADSK
4681,2024-04-29,0.4177171,1,META
4682,2024-03-28,0.40470332,-1,MCK
4683,2024-04-01,0.45112643,1,SPG
4684,2024-04-29,0.46303514,1,NDAQ
4685,2024-05-01,0.4223267,1,VMC
4686,2024-04-10,0.43648627,-1,KLAC
4687,2024-05-08,0.49329078,1,AMAT
4688,2024-05-07,0.55512893,-1,FANG
4689,2024-05-09,0.38172582,1,ACGL
4690,2024-04-01,0.5027108,1,TT
4691,2024-05-20,0.56805754,-1,GPN
4692,2024-05-14,0.7765343,-1,PNR
4693,2024-04-08,0.44903126,-1,MHK
4694,2024-05-10,0.5106478,-1,AME
4695,2024-05-02,0.5665509,-1,NSC
4696,2024-04-18,0.59931755,1,ABT
4697,2024-04-11,0.37923208,1,AVY
4698,2024-04-22,0.35677376,1,CF
4699,2024-04-01,0.32651952,1,ENPH
4700,2024-05-06,0.41655645,1,MCHP
4701,2024-04-04,0.5216835,-1,REGN
4702,2024-05-15,0.542447,-1,CAT
4703,2024-04-04,0.5481657,-1,DG
4704,2024-04-02,0.20820712,-1,MS
4705,2024-05-21,0.5488194,-1,ROL
4706,2024-04-12,0.30092302,1,MCK
4707,2024-04-30,0.4322253,1,UAL
4708,2024-04-17,0.40673774,1,BXP
4709,2024-04-12,0.4835644,-1,MGM
4710,2024-04-29,0.5415475,1,C
4711,2024-04-11,0.4904741,1,HRL
4712,2024-04-10,0.57430667,-1,ADM
4713,2024-05-21,0.34391043,-1,MLM
4714,2024-05-15,0.5103133,-1,RSG
4715,2024-05-17,0.4596877,1,NXPI
4716,2024-05-20,0.35952675,-1,OXY
4717,2024-04-03,0.58348286,1,WST
4718,2024-05-23,0.53469956,1,AFL
4719,2024-05-21,0.62362367,-1,PH
4720,2024-04-22,0.7046653,-1,ULTA
4721,2024-04-19,0.57821476,1,CLX
4722,2024-04-11,0.3977537,-1,IBM
4723,2024-05-16,0.5344469,-1,IT
4724,2024-04-17,0.4343937,1,EVRG
4725,2024-05-17,0.61771584,-1,DAY
4726,2024-04-02,0.5433602,1,ADP
4727,2024-04-30,0.5540717,1,JBHT
4728,2024-04-11,0.5656122,1,DE
4729,2024-05-10,0.55261797,1,MO
4730,2024-04-15,0.48387212,1,WMB
4731,2024-05-06,0.4830239,1,GDDY
4732,2024-05-01,0.475896,1,CL
4733,2024-04-09,0.53114855,-1,WAB
4734,2024-05-20,0.5581986,1,NFLX
4735,2024-04-12,0.517577,-1,ROL
4736,2024-05-02,0.42775607,1,NCLH
4737,2024-05-08,0.49647117,1,LUV
4738,2024-04-26,0.44001752,1,XYL
4739,2024-04-10,0.40330708,-1,PYPL
4740,2024-04-19,0.65530425,1,PODD
4741,2024-04-23,0.49493626,-1,EQIX
4742,2024-03-28,0.2792768,-1,BALL
4743,2024-05-13,0.45861444,1,CRWD
4744,2024-05-23,0.37782264,-1,PNR
4745,2024-04-24,0.45978612,-1,CEG
4746,2024-04-03,0.4161799,1,EOG
4747,2024-05-21,0.6040833,-1,MTB
4748,2024-05-10,0.6359258,1,EA
4749,2024-05-06,0.33501682,1,EXPD
4750,2024-04-08,0.53193027,-1,INTC
4751,2024-04-02,0.48582804,-1,AOS
4752,2024-04-03,0.42617154,-1,POOL
4753,2024-04-22,0.49303502,-1,IQV
4754,2024-05-13,0.50015193,1,HUBB
4755,2024-04-17,0.38467556,1,HES
4756,2024-05-02,0.53550786,1,SYY
4757,2024-05-20,0.5147494,1,LLY
4758,2024-05-16,0.60157186,-1,AAL
4759,2024-04-22,0.46240917,-1,CVX
4760,2024-05-10,0.47224662,1,TRGP
4761,2024-05-15,0.49908346,1,CF
4762,2024-04-22,0.57465994,1,RCL
4763,2024-04-01,0.48726428,1,CTLT
4764,2024-03-28,0.42394856,1,ETR
4765,2024-04-19,0.32840714,-1,XEL
4766,2024-04-10,0.5109033,-1,PSX
4767,2024-05-09,0.51566845,1,MO
4768,2024-04-01,0.36237073,1,QRVO
4769,2024-03-28,0.48910746,-1,TAP
4770,2024-04-16,0.52620125,1,DLR
4771,2024-05-13,0.6786922,-1,EXR
4772,2024-05-10,0.59179467,1,BSX
4773,2024-04-02,0.49040022,1,GOOGL
4774,2024-04-05,0.47522792,-1,APA
4775,2024-04-09,0.4419161,-1,TTWO
4776,2024-05-15,0.49226612,-1,CINF
4777,2024-05-07,0.37905407,1,ODFL
4778,2024-04-01,0.47650492,1,ANET
4779,2024-04-23,0.38745043,-1,BAC
4780,2024-04-02,0.43395004,-1,COO
4781,2024-04-11,0.45065054,1,GD
4782,2024-05-03,0.43057826,1,RVTY
4783,2024-05-01,0.46982035,1,PKG
4784,2024-05-23,0.5157647,-1,PFG
4785,2024-04-18,0.6486029,-1,DLTR
4786,2024-04-15,0.19788754,1,SRE
4787,2024-04-16,0.6510747,1,IDXX
4788,2024-04-22,0.50509745,-1,IVZ
4789,2024-04-29,0.47911918,1,IPG
4790,2024-05-20,0.40192226,-1,DG
4791,2024-04-22,0.5075398,-1,UNH
4792,2024-04-19,0.45872837,1,TMO
4793,2024-05-09,0.6592908,1,IBM
4794,2024-04-25,0.536259,1,JBHT
4795,2024-05-10,0.35999644,1,HUM
4796,2024-05-20,0.4526454,-1,DHR
4797,2024-04-03,0.48062062,1,CSGP
4798,2024-05-15,0.41968286,-1,PLD
4799,2024-05-14,0.4841134,-1,ADBE
4800,2024-05-10,0.49638915,1,UHS
4801,2024-05-10,0.4464251,-1,J
4802,2024-04-05,0.34809002,-1,DAY
4803,2024-04-11,0.473129,1,GS
4804,2024-05-20,0.66090834,-1,CI
4805,2024-05-09,0.13377377,1,LLY
4806,2024-04-09,0.48879057,-1,CSGP
4807,2024-05-20,0.47251472,-1,TXT
4808,2024-04-15,0.6193478,-1,NOW
4809,2024-04-18,0.6570464,-1,ADM
4810,2024-04-25,0.44707707,-1,CMI
4811,2024-04-22,0.5617177,1,QRVO
4812,2024-05-06,0.4222859,1,BIO
4813,2024-04-05,0.41300547,-1,DPZ
4814,2024-04-01,0.51042014,1,DPZ
4815,2024-04-05,0.5150792,-1,MTD
4816,2024-05-07,0.41586995,1,AVB
4817,2024-05-01,0.52714485,1,ROP
4818,2024-05-21,0.753799,-1,AVGO
4819,2024-04-22,0.46907195,-1,STZ
4820,2024-03-28,0.43762028,-1,CLX
4821,2024-05-21,0.5622932,-1,SBUX
4822,2024-05-03,0.48008907,1,CBRE
4823,2024-04-24,0.55951494,1,FDS
4824,2024-05-01,0.49184853,1,HON
4825,2024-04-09,0.5650073,-1,FI
4826,2024-05-03,0.5569239,1,CNP
4827,2024-04-24,0.4553858,-1,MGM
4828,2024-05-23,0.5101024,-1,FFIV
4829,2024-04-10,0.38964787,-1,ZBH
4830,2024-04-24,0.3137829,-1,NOC
4831,2024-05-16,0.48448482,-1,ON
4832,2024-04-11,0.59312516,-1,JBHT
4833,2024-05-14,0.33101374,1,ABT
4834,2024-04-15,0.5636122,1,SBAC
4835,2024-04-30,0.47397467,1,AAPL
4836,2024-05-03,0.52203935,-1,FTV
4837,2024-05-14,0.647796,-1,TGT
4838,2024-04-18,0.23819612,1,ADI
4839,2024-04-11,0.33412516,-1,ITW
4840,2024-05-15,0.3413187,-1,GS
4841,2024-05-02,0.52518666,1,HPE
4842,2024-04-18,0.53637624,1,ROL
4843,2024-04-02,0.5083564,-1,GD
4844,2024-05-03,0.5228954,-1,CF
4845,2024-04-30,0.525733,-1,EBAY
4846,2024-04-04,0.3676884,-1,MMC
4847,2024-04-12,0.3965918,1,FOX
4848,2024-05-15,0.26946005,-1,IPG
4849,2024-05-10,0.43340543,-1,NUE
4850,2024-04-22,0.5494122,-1,PAYX
4851,2024-04-05,0.4307761,-1,HIG
4852,2024-05-20,0.4881803,-1,IFF
4853,2024-03-28,0.6153001,-1,VRSK
4854,2024-05-23,0.3620266,-1,INTC
4855,2024-05-21,0.5072897,-1,ALGN
4856,2024-04-26,0.52332264,-1,ULTA
4857,2024-05-06,0.5876313,1,YUM
4858,2024-04-19,0.48458734,-1,STLD
4859,2024-04-03,0.5400158,1,TMO
4860,2024-04-10,0.49937192,-1,IRM
4861,2024-05-13,0.63468516,1,AVGO
4862,2024-04-11,0.39386782,-1,AMT
4863,2024-05-23,0.49993482,1,HD
4864,2024-05-03,0.6272539,1,TRMB
4865,2024-05-10,0.4508447,1,BK
4866,2024-04-16,0.53883415,1,BDX
4867,2024-04-16,0.46432745,1,MA
4868,2024-04-26,0.5951191,-1,MRK
4869,2024-04-23,0.46820173,-1,LYB
4870,2024-04-10,0.48130578,-1,DOW
4871,2024-04-04,0.558696,-1,BIO
4872,2024-04-17,0.36191297,1,WDC
4873,2024-05-09,0.56968886,1,EXPE
4874,2024-05-22,0.38260356,-1,K
4875,2024-05-08,0.41672188,-1,RTX
4876,2024-04-03,0.50220805,-1,PFG
4877,2024-04-02,0.3799414,-1,AME
4878,2024-05-14,0.5238517,-1,GRMN
4879,2024-05-22,0.44615284,1,DLTR
4880,2024-04-25,0.44708255,1,ZBRA
4881,2024-04-15,0.4741246,1,FTNT
4882,2024-05-09,0.49909732,-1,EXPD
4883,2024-05-08,0.51980263,1,MAA
4884,2024-04-29,0.77969605,1,DE
4885,2024-05-15,0.50875854,-1,NOC
4886,2024-04-23,0.5300488,1,VTR
4887,2024-04-18,0.1858515,-1,IVZ
4888,2024-05-09,0.6271704,1,MTCH
4889,2024-04-01,0.29345748,1,WAB
4890,2024-04-29,0.38618588,-1,ABBV
4891,2024-04-17,0.47636998,1,SYF
4892,2024-04-17,0.54734945,1,INTC
4893,2024-05-23,0.4562901,1,WTW
4894,2024-04-29,0.4097237,-1,GPC
4895,2024-03-28,0.3526762,-1,PTC
4896,2024-04-11,0.37798652,-1,IR
4897,2024-04-23,0.4402408,-1,NUE
4898,2024-05-07,0.41789624,1,HPE
4899,2024-05-02,0.4975411,1,CNP
4900,2024-05-16,0.53423613,1,ADI
4901,2024-05-23,0.51715773,1,NWS
4902,2024-04-08,0.71044064,-1,MSI
4903,2024-04-02,0.389614,1,ULTA
4904,2024-05-07,0.6007808,-1,JBHT
4905,2024-04-24,0.52990586,1,HSY
4906,2024-05-15,0.560673,1,LLY
4907,2024-05-06,0.5321453,1,FCX
4908,2024-04-25,0.5565064,1,WBA
4909,2024-05-17,0.57205665,-1,UAL
4910,2024-04-09,0.47932845,-1,AMP
4911,2024-04-11,0.50102705,-1,MAS
4912,2024-04-26,0.52453095,1,ORCL
4913,2024-05-03,0.38440636,1,RF
4914,2024-04-05,0.46215862,-1,JPM
4915,2024-04-26,0.45246622,-1,KR
4916,2024-04-18,0.24967661,1,USB
4917,2024-05-06,0.52787566,-1,RMD
4918,2024-05-08,0.6520537,-1,CZR
4919,2024-05-22,0.5138213,-1,TXT
4920,2024-04-03,0.48366234,-1,LVS
4921,2024-04-30,0.5343544,-1,REG
4922,2024-04-25,0.4133588,-1,SYY
4923,2024-05-22,0.40590635,1,TJX
4924,2024-04-10,0.60022885,-1,ALB
4925,2024-04-03,0.6018066,-1,KIM
4926,2024-05-17,0.5438938,-1,PAYC
4927,2024-05-22,0.4394142,-1,MMC
4928,2024-04-19,0.24907528,1,DLR
4929,2024-04-30,0.4131793,-1,ADP
4930,2024-05-21,0.5981766,-1,CTSH
4931,2024-05-14,0.56725925,1,EBAY
4932,2024-04-10,0.51507175,1,MTB
4933,2024-05-08,0.6165816,-1,CTLT
4934,2024-05-10,0.40724123,1,TFX
4935,2024-04-04,0.41702557,1,ROK
4936,2024-04-01,0.45424646,-1,EW
4937,2024-05-02,0.5868779,1,ULTA
4938,2024-05-07,0.2609034,-1,CINF
4939,2024-05-17,0.46553618,-1,RMD
4940,2024-04-12,0.54062384,1,PEP
4941,2024-04-05,0.45631224,-1,PNR
4942,2024-05-03,0.48641253,1,C
4943,2024-04-26,0.686576,-1,ABT
4944,2024-04-08,0.5720347,-1,WM
4945,2024-05-17,0.5334428,1,PM
4946,2024-05-03,0.474375,1,BG
4947,2024-05-02,0.57228416,1,SNA
4948,2024-04-08,0.3777625,-1,CMCSA
4949,2024-04-18,0.39195856,1,NXPI
4950,2024-04-18,0.5513065,1,IPG
4951,2024-04-22,0.47399086,-1,KMX
4952,2024-04-11,0.46659404,1,APD
4953,2024-05-13,0.46552318,1,NRG
4954,2024-05-23,0.4448073,-1,MKTX
4955,2024-04-03,0.6819543,1,BX
4956,2024-04-23,0.37991077,-1,WEC
4957,2024-04-09,0.49494305,-1,DD
4958,2024-04-29,0.55516636,1,ACGL
4959,2024-04-02,0.51022416,-1,PGR
4960,2024-05-22,0.4947779,-1,MCO
4961,2024-04-15,0.52254933,-1,SNA
4962,2024-05-03,0.3609689,1,STLD
4963,2024-05-06,0.4830494,-1,GRMN
4964,2024-04-08,0.5959023,-1,WFC
4965,2024-04-22,0.47347543,1,ZTS
4966,2024-04-08,0.42357266,-1,MAA
4967,2024-04-11,0.4881518,1,EG
4968,2024-05-15,0.34739304,-1,WBD
4969,2024-05-23,0.57733834,1,BK
4970,2024-05-16,0.3522694,1,NRG
4971,2024-05-15,0.55961317,-1,HBAN
4972,2024-04-19,0.3048448,1,PSA
4973,2024-04-03,0.57872504,-1,BA
4974,2024-05-01,0.4908715,1,KMX
4975,2024-05-20,0.46732897,-1,EMN
4976,2024-05-15,0.54722387,-1,AMT
4977,2024-04-22,0.48172155,-1,AMZN
4978,2024-04-17,0.56312287,-1,ACN
4979,2024-04-10,0.5014919,-1,PRU
4980,2024-04-12,0.3118347,1,CPT
4981,2024-04-04,0.5050842,-1,ANET
4982,2024-05-17,0.47047555,1,SYK
4983,2024-05-22,0.52046674,1,DPZ
4984,2024-05-03,0.5128348,-1,DFS
4985,2024-04-18,0.47215518,1,NI
4986,2024-05-06,0.33961627,1,FOXA
4987,2024-04-24,0.46958843,-1,ENPH
4988,2024-05-06,0.4729034,1,WELL
4989,2024-05-08,0.2947849,1,ICE
4990,2024-05-06,0.46340796,1,TECH
4991,2024-05-10,0.51136,1,BX
4992,2024-04-19,0.50046647,1,COP
4993,2024-05-02,0.50865483,1,GOOG
4994,2024-04-24,0.5232998,-1,WMB
4995,2024-05-16,0.5143682,-1,EG
4996,2024-05-17,0.6409769,-1,HSIC
4997,2024-05-10,0.4499193,1,JNPR
4998,2024-05-14,0.7757137,1,GIS
4999,2024-04-25,0.28356147,-1,COP
5000,2024-05-08,0.68774337,1,DG
5001,2024-05-21,0.6931829,1,FSLR
5002,2024-04-01,0.44064674,-1,TGT
5003,2024-04-25,0.46174774,1,A
5004,2024-05-22,0.41326696,-1,PTC
5005,2024-04-17,0.41962674,1,COF
5006,2024-05-06,0.36451465,1,TROW
5007,2024-04-08,0.37069663,-1,KVUE
5008,2024-04-03,0.56685716,1,KEYS
5009,2024-04-23,0.46514264,1,TDY
5010,2024-05-13,0.3484166,1,NKE
5011,2024-05-16,0.60401183,-1,AMZN
5012,2024-04-01,0.51759255,-1,INCY
5013,2024-05-22,0.55473053,-1,MOS
5014,2024-05-13,0.53060824,-1,BLDR
5015,2024-05-16,0.38929924,-1,ALL
5016,2024-04-24,0.52342224,1,GOOGL
5017,2024-04-24,0.56522036,1,FMC
5018,2024-05-13,0.61170036,-1,MHK
5019,2024-05-09,0.3718599,-1,ALGN
5020,2024-05-01,0.47360763,1,HAL
5021,2024-05-06,0.5106539,1,ZTS
5022,2024-04-29,0.40424222,-1,GIS
5023,2024-05-22,0.63637173,1,VRSN
5024,2024-04-08,0.35475338,-1,ODFL
5025,2024-04-02,0.52534026,1,RMD
5026,2024-04-19,0.49411833,1,FTNT
5027,2024-04-17,0.48094147,1,MRK
5028,2024-05-21,0.42832628,-1,KVUE
5029,2024-05-22,0.43891355,1,AEP
5030,2024-05-07,0.45684758,1,MOS
5031,2024-04-19,0.36624256,1,NXPI
5032,2024-05-23,0.5025562,-1,TECH
5033,2024-04-04,0.4863068,-1,WBA
5034,2024-05-10,0.60186034,1,TXT
5035,2024-05-14,0.33132744,-1,HES
5036,2024-05-16,0.43994823,1,EMR
5037,2024-05-14,0.56071305,-1,META
5038,2024-04-29,0.48076344,-1,COP
5039,2024-04-30,0.4589063,1,INVH
5040,2024-04-24,0.38561025,1,VRTX
5041,2024-05-16,0.53995776,1,GD
5042,2024-04-11,0.5094621,-1,NVDA
5043,2024-05-02,0.3492018,1,AMCR
5044,2024-05-14,0.23583595,-1,RSG
5045,2024-04-24,0.1402917,-1,KHC
5046,2024-05-09,0.6383625,-1,ROK
5047,2024-04-11,0.55558217,-1,TPR
5048,2024-04-22,0.6939075,-1,COF
5049,2024-05-23,0.33572802,-1,FIS
5050,2024-04-04,0.52327234,-1,WFC
5051,2024-04-09,0.48605758,1,SCHW
5052,2024-05-16,0.60181236,-1,AFL
5053,2024-05-03,0.5632904,1,CRWD
5054,2024-04-19,0.43614227,-1,REG
5055,2024-05-13,0.50533754,1,LEN
5056,2024-05-14,0.5367463,-1,EMN
5057,2024-04-17,0.47555938,1,RTX
5058,2024-04-19,0.23228513,1,ZBRA
5059,2024-04-29,0.6252212,-1,SJM
5060,2024-04-16,0.5056303,1,WMB
5061,2024-04-08,0.5963308,-1,PHM
5062,2024-05-23,0.62351817,1,VRSN
5063,2024-04-15,0.48049685,1,EL
5064,2024-04-30,0.3071585,1,ZTS
5065,2024-04-11,0.5664583,1,ORLY
5066,2024-04-11,0.4787031,1,UAL
5067,2024-04-01,0.4382702,1,LHX
5068,2024-05-13,0.5807489,1,TFC
5069,2024-04-04,0.51429784,-1,IR
5070,2024-04-19,0.36405644,1,CVX
5071,2024-04-11,0.5445071,-1,LIN
5072,2024-05-08,0.51979345,1,EXPE
5073,2024-05-10,0.3907783,1,GOOGL
5074,2024-04-16,0.52121866,1,PH
5075,2024-04-30,0.60362554,1,DAY
5076,2024-03-28,0.3485347,-1,AXON
5077,2024-04-11,0.41605154,-1,CCI
5078,2024-04-18,0.5582472,-1,MKTX
5079,2024-04-19,0.54134166,-1,BRO
5080,2024-04-10,0.634672,-1,JBHT
5081,2024-04-30,0.46929672,1,KEYS
5082,2024-04-30,0.3763032,1,ABNB
5083,2024-05-22,0.64195627,-1,EA
5084,2024-04-12,0.21312225,1,CMS
5085,2024-05-22,0.45077905,1,JNPR
5086,2024-05-03,0.631538,-1,LVS
5087,2024-04-12,0.47307387,-1,COO
5088,2024-04-19,0.33793458,-1,AON
5089,2024-04-18,0.39723563,1,LEN
5090,2024-05-08,0.35397863,-1,NTRS
5091,2024-05-07,0.39945593,1,REGN
5092,2024-04-22,0.5241436,-1,HAL
5093,2024-04-16,0.51183534,-1,WYNN
5094,2024-04-04,0.6697449,-1,LNT
5095,2024-05-09,0.45610103,1,PNR
5096,2024-04-15,0.6028915,1,F
5097,2024-05-20,0.44405103,-1,JCI
5098,2024-04-23,0.51574826,-1,KEY
5099,2024-05-20,0.38386694,-1,NDSN
5100,2024-05-17,0.4683173,-1,APD
5101,2024-04-05,0.49196687,-1,NVR
5102,2024-04-09,0.6219694,-1,DXCM
5103,2024-04-10,0.46284,-1,TRV
5104,2024-04-01,0.45850936,-1,MGM
5105,2024-04-25,0.6502047,1,PNC
5106,2024-04-22,0.62775916,-1,MGM
5107,2024-05-21,0.6036853,1,NCLH
5108,2024-04-19,0.54919213,1,BA
5109,2024-04-30,0.58555377,1,WMT
5110,2024-03-28,0.57331157,1,NTAP
5111,2024-04-23,0.4088147,-1,CZR
5112,2024-05-13,0.5702181,-1,BXP
5113,2024-04-02,0.4280347,-1,SNPS
5114,2024-05-17,0.486306,1,BAC
5115,2024-05-13,0.527042,1,WRB
5116,2024-05-20,0.54788214,-1,IVZ
5117,2024-04-17,0.48836222,-1,GILD
5118,2024-04-04,0.5742746,-1,SMCI
5119,2024-04-03,0.62789696,1,NOW
5120,2024-04-01,0.61118186,1,WBD
5121,2024-04-16,0.57018334,-1,KVUE
5122,2024-05-13,0.4437969,1,MCK
5123,2024-05-15,0.5642118,-1,MO
5124,2024-04-08,0.5079608,-1,CI
5125,2024-04-11,0.28737313,-1,MKTX
5126,2024-04-17,0.51684386,1,DAL
5127,2024-04-30,0.4927085,1,CMCSA
5128,2024-04-16,0.49714786,-1,PKG
5129,2024-04-18,0.5026468,1,CTLT
5130,2024-05-08,0.52072406,-1,LYV
5131,2024-04-23,0.43462068,-1,BXP
5132,2024-05-17,0.57748526,-1,CRL
5133,2024-05-17,0.45263326,1,JPM
5134,2024-05-02,0.5763744,1,SMCI
5135,2024-03-28,0.4469244,-1,HUM
5136,2024-05-20,0.5638216,-1,CCL
5137,2024-05-21,0.4985696,-1,KIM
5138,2024-04-18,0.29004595,1,LLY
5139,2024-05-01,0.52938807,1,VTR
5140,2024-04-05,0.3471658,-1,MO
5141,2024-04-30,0.4720296,1,LRCX
5142,2024-04-01,0.5527315,1,MMC
5143,2024-05-07,0.34925112,1,FSLR
5144,2024-05-22,0.50724196,1,BEN
5145,2024-04-15,0.43447447,1,BLK
5146,2024-05-06,0.48359188,-1,ZBH
5147,2024-04-03,0.4056107,-1,CSX
5148,2024-05-13,0.45219225,1,MPC
5149,2024-03-28,0.50298554,-1,ZBH
5150,2024-05-03,0.4103231,1,WYNN
5151,2024-05-15,0.5523325,-1,HUM
5152,2024-05-17,0.52077115,-1,LEN
5153,2024-04-16,0.4435491,1,MOS
5154,2024-04-03,0.48960745,-1,DRI
5155,2024-04-18,0.4337216,1,HES
5156,2024-04-18,0.47357205,1,GOOG
5157,2024-04-10,0.43947804,-1,FTV
5158,2024-04-24,0.53710794,1,PHM
5159,2024-03-28,0.5512786,1,HOLX
5160,2024-05-02,0.4682686,1,CMG
5161,2024-05-14,0.47151172,-1,EXPE
5162,2024-05-07,0.3698371,1,HIG
5163,2024-04-05,0.5557926,-1,NEM
5164,2024-05-21,0.5896666,1,WBD
5165,2024-03-28,0.46411234,-1,WTW
5166,2024-05-09,0.57344055,1,VTR
5167,2024-03-28,0.50133055,-1,UAL
5168,2024-04-08,0.51838833,-1,IP
5169,2024-04-09,0.5662274,-1,VMC
5170,2024-04-08,0.47156554,-1,EXPE
5171,2024-05-17,0.48456508,-1,AKAM
5172,2024-04-16,0.40214354,1,PSX
5173,2024-04-02,0.49565226,-1,TRMB
5174,2024-03-28,0.48100084,1,NEM
5175,2024-04-16,0.4034725,1,MKC
5176,2024-04-30,0.5225271,1,VST
5177,2024-04-02,0.5896018,-1,HSIC
5178,2024-04-26,0.40052494,1,EFX
5179,2024-04-19,0.5480412,1,BR
5180,2024-05-15,0.51276207,-1,PGR
5181,2024-04-30,0.27917668,1,GS
5182,2024-05-22,0.5378029,1,SBAC
5183,2024-04-16,0.5343805,1,ADSK
5184,2024-05-07,0.40252203,1,HPQ
5185,2024-04-16,0.3091006,1,AEE
5186,2024-05-15,0.45800745,-1,EOG
5187,2024-05-08,0.53455836,-1,BMY
5188,2024-04-29,0.62142146,1,CHRW
5189,2024-04-04,0.6806815,-1,PM
5190,2024-05-23,0.6443684,1,NVR
5191,2024-04-08,0.3753754,-1,ORCL
5192,2024-04-17,0.40013075,1,XYL
5193,2024-04-09,0.38387457,-1,ADSK
5194,2024-05-15,0.55523634,-1,FFIV
5195,2024-05-02,0.5014765,1,KDP
5196,2024-04-02,0.55667055,-1,AES
5197,2024-04-09,0.61330014,1,KHC
5198,2024-05-03,0.3508985,1,PEG
5199,2024-05-16,0.59875286,1,DECK
5200,2024-04-25,0.38776922,-1,GM
5201,2024-05-09,0.5859046,1,CBRE
5202,2024-04-15,0.6136392,1,MAA
5203,2024-05-21,0.5620534,-1,DGX
5204,2024-04-17,0.599449,1,FOXA
5205,2024-05-17,0.5091732,-1,INTC
5206,2024-05-15,0.5331133,-1,AMZN
5207,2024-05-21,0.51104414,-1,KR
5208,2024-04-05,0.40018627,-1,ENPH
5209,2024-04-26,0.50044376,-1,TAP
5210,2024-04-22,0.5927565,-1,TFC
5211,2024-04-30,0.5826897,-1,UHS
5212,2024-04-30,0.07687275,1,CNP
5213,2024-05-07,0.3547363,1,KEYS
5214,2024-04-25,0.463678,-1,TRMB
5215,2024-05-01,0.5502652,1,TEL
5216,2024-05-17,0.5272966,-1,BBY
5217,2024-04-01,0.47350463,1,TROW
5218,2024-04-10,0.5176571,-1,DOC
5219,2024-04-12,0.51019186,-1,ETN
5220,2024-04-25,0.3799547,-1,CDNS
5221,2024-04-18,0.3772223,1,RSG
5222,2024-05-21,0.5878639,-1,O
5223,2024-05-22,0.4025782,1,RL
5224,2024-04-26,0.31426603,1,DOV
5225,2024-05-14,0.43968853,1,PCG
5226,2024-04-09,0.49431884,-1,EW
5227,2024-04-05,0.56096303,-1,XOM
5228,2024-05-21,0.6554029,-1,AAL
5229,2024-04-01,0.3991554,1,EMR
5230,2024-04-01,0.43640035,-1,KHC
5231,2024-04-26,0.57269084,1,ISRG
5232,2024-04-26,0.4635715,-1,AME
5233,2024-05-06,0.53056777,1,BRO
5234,2024-05-10,0.5673765,1,BLK
5235,2024-05-22,0.44653004,1,GNRC
5236,2024-05-14,0.34754023,-1,BBWI
5237,2024-04-11,0.26099348,-1,HD
5238,2024-04-15,0.49678266,-1,APA
5239,2024-05-23,0.4691776,1,BALL
5240,2024-05-22,0.42927304,-1,MSFT
5241,2024-04-18,0.5404855,1,EXR
5242,2024-04-11,0.38921317,-1,PTC
5243,2024-04-25,0.37434706,-1,JKHY
5244,2024-04-03,0.48278815,1,DOC
5245,2024-05-09,0.44781357,1,WAT
5246,2024-04-10,0.48538983,-1,WM
5247,2024-04-02,0.050538033,-1,FDS
5248,2024-05-22,0.83487284,1,DLR
5249,2024-04-22,0.504977,-1,VLTO
5250,2024-05-10,0.38113824,-1,GPN
5251,2024-05-20,0.50328,-1,LVS
5252,2024-04-01,0.5264632,1,AMAT
5253,2024-05-14,0.38299784,-1,VTR
5254,2024-04-18,0.72491676,-1,LUV
5255,2024-05-08,0.6344218,1,BDX
5256,2024-04-09,0.45384848,-1,VRTX
5257,2024-05-08,0.44901314,-1,BWA
5258,2024-04-04,0.6776362,1,IFF
5259,2024-04-19,0.5942811,-1,TDY
5260,2024-04-19,0.5097671,-1,ACN
5261,2024-04-16,0.504536,1,PG
5262,2024-04-29,0.51313967,-1,MAR
5263,2024-04-25,0.43783548,1,VICI
5264,2024-04-05,0.45573848,-1,MCD
5265,2024-04-11,0.63807505,-1,ALB
5266,2024-05-02,0.56159,1,TSCO
5267,2024-03-28,0.4901453,-1,UBER
5268,2024-04-24,0.46726453,-1,GM
5269,2024-04-16,0.58800775,1,EW
5270,2024-05-15,0.46348846,-1,COP
5271,2024-04-30,0.42260268,-1,DG
5272,2024-03-28,0.43723637,-1,ABNB
5273,2024-04-25,0.4979116,1,BLK
5274,2024-05-09,0.58429146,1,DHI
5275,2024-04-10,0.5151411,1,WFC
5276,2024-04-16,0.25834283,1,IT
5277,2024-04-24,0.6401809,1,JNJ
5278,2024-04-05,0.5863602,-1,TTWO
5279,2024-04-29,0.78833944,1,ODFL
5280,2024-05-10,0.37936395,1,WMB
5281,2024-05-16,0.65374047,-1,ITW
5282,2024-04-29,0.49587524,1,WMT
5283,2024-04-05,0.5789127,-1,DOC
5284,2024-05-22,0.32938343,-1,ADP
5285,2024-04-12,0.44657755,1,MOH
5286,2024-04-16,0.4798482,1,GL
5287,2024-04-10,0.43847576,1,K
5288,2024-04-15,0.49148276,1,LW
5289,2024-04-09,0.50618017,-1,PPG
5290,2024-04-22,0.5691841,-1,CAT
5291,2024-04-17,0.36860475,1,MO
5292,2024-05-03,0.50748044,1,LHX
5293,2024-04-16,0.35172528,1,FE
5294,2024-05-10,0.547439,1,ITW
5295,2024-04-29,0.4429978,1,MSFT
5296,2024-05-10,0.48295525,1,TRMB
5297,2024-04-23,0.55983204,1,FCX
5298,2024-04-02,0.43484768,1,RTX
5299,2024-04-10,0.5183553,-1,SWKS
5300,2024-04-02,0.47772112,1,BBY
5301,2024-05-06,0.30308184,-1,LRCX
5302,2024-04-24,0.51408374,-1,CME
5303,2024-05-01,0.46582997,-1,ABT
5304,2024-04-08,0.45812693,-1,TT
5305,2024-05-07,0.5291467,1,HUBB
5306,2024-04-26,0.25532058,-1,PYPL
5307,2024-05-03,0.49992874,-1,DECK
5308,2024-05-21,0.600481,-1,EA
5309,2024-05-03,0.48701328,1,GL
5310,2024-05-08,0.4236053,1,KEYS
5311,2024-05-15,0.44963,-1,GOOGL
5312,2024-03-28,0.45776334,-1,EXPE
5313,2024-05-23,0.14790319,1,BDX
5314,2024-04-10,0.2867159,-1,D
5315,2024-03-28,0.4499901,-1,SCHW
5316,2024-04-04,0.47672027,-1,GWW
5317,2024-04-11,0.16970295,-1,UNP
5318,2024-04-26,0.5111338,1,TECH
5319,2024-05-21,0.58434135,-1,EL
5320,2024-04-25,0.4220935,1,PGR
5321,2024-04-12,0.47952962,1,KR
5322,2024-04-22,0.55570036,-1,IFF
5323,2024-04-22,0.5514683,-1,INTC
5324,2024-05-07,0.5227703,-1,WM
5325,2024-04-11,0.6117082,-1,MSFT
5326,2024-05-17,0.41950983,-1,UNP
5327,2024-04-05,0.48180118,-1,GD
5328,2024-03-28,0.46210584,1,TXT
5329,2024-04-26,0.4616047,-1,AZO
5330,2024-04-16,0.52743065,-1,NSC
5331,2024-05-20,0.37059557,-1,ZBRA
5332,2024-04-11,0.52836394,-1,TXT
5333,2024-05-21,0.51582783,-1,CNC
5334,2024-04-09,0.4610953,-1,UPS
5335,2024-04-08,0.5346007,-1,FIS
5336,2024-05-09,0.4613067,-1,AMCR
5337,2024-05-17,0.60480285,-1,KO
5338,2024-03-28,0.46507308,1,ACGL
5339,2024-05-22,0.2986916,1,MCK
5340,2024-04-23,0.40605378,-1,ULTA
5341,2024-05-01,0.4763879,1,CTVA
5342,2024-05-13,0.53734857,-1,GPC
5343,2024-05-23,0.5172585,-1,CVX
5344,2024-05-08,0.32831153,1,SO
5345,2024-04-19,0.90923625,1,MDT
5346,2024-05-16,0.43759188,-1,MAA
5347,2024-05-01,0.51415616,1,PAYC
5348,2024-04-05,0.48970068,-1,ORLY
5349,2024-04-17,0.5821587,1,ARE
5350,2024-04-10,0.5145424,-1,BXP
5351,2024-04-03,0.42280912,1,PYPL
5352,2024-04-23,0.45746264,1,AMP
5353,2024-05-07,0.5601828,-1,CI
5354,2024-05-09,0.48359558,1,AAPL
5355,2024-04-10,0.5657767,-1,IQV
5356,2024-05-13,0.44258565,-1,WTW
5357,2024-04-02,0.63618255,1,AVB
5358,2024-04-12,0.37927487,1,MRNA
5359,2024-05-20,0.5192105,-1,WYNN
5360,2024-04-22,0.6452728,-1,JNJ
5361,2024-04-05,0.47712412,-1,DVA
5362,2024-05-23,0.23512125,1,COST
5363,2024-04-11,0.4228602,-1,JCI
5364,2024-04-10,0.3268261,-1,BIIB
5365,2024-05-21,0.48660082,-1,UNH
5366,2024-05-21,0.7581527,-1,LVS
5367,2024-05-23,0.38003454,1,ADM
5368,2024-05-16,0.55395675,-1,CBRE
5369,2024-05-07,0.47554454,1,XEL
5370,2024-05-16,0.5135638,-1,AIG
5371,2024-04-05,0.48809922,-1,MAA
5372,2024-04-18,0.40858594,1,PAYC
5373,2024-05-15,0.62496996,-1,FI
5374,2024-04-26,0.4640966,-1,DGX
5375,2024-05-20,0.3807777,-1,BALL
5376,2024-04-24,0.6431303,1,VICI
5377,2024-04-04,0.36646962,-1,DFS
5378,2024-04-10,0.2973694,-1,SRE
5379,2024-05-09,0.52880067,1,VST
5380,2024-04-22,0.4886946,-1,IEX
5381,2024-04-08,0.55999887,-1,CARR
5382,2024-04-24,0.30569482,-1,CDNS
5383,2024-04-09,0.8227916,-1,NOW
5384,2024-05-21,0.4933619,1,STLD
5385,2024-05-09,0.45726225,1,HON
5386,2024-05-15,0.42179608,1,ADI
5387,2024-05-21,0.41040406,1,AFL
5388,2024-04-25,0.62630147,1,EXPD
5389,2024-05-01,0.21626754,1,JBHT
5390,2024-05-15,0.22324434,1,GDDY
5391,2024-04-03,0.4667272,-1,HBAN
5392,2024-04-25,0.5082986,1,TXN
5393,2024-04-05,0.49843353,-1,MCO
5394,2024-05-21,0.5032809,-1,WM
5395,2024-04-30,0.48592842,1,POOL
5396,2024-05-10,0.2035362,1,PCG
5397,2024-05-09,0.59524,1,GD
5398,2024-04-05,0.4832564,-1,CDW
5399,2024-04-11,0.52576363,-1,RL
5400,2024-05-16,0.40183794,-1,MTD
5401,2024-05-07,0.58493096,1,ADP
5402,2024-05-15,0.39292702,-1,BDX
5403,2024-05-03,0.23539309,-1,KLAC
5404,2024-04-11,0.48045823,-1,COP
5405,2024-04-26,0.5996766,-1,GNRC
5406,2024-04-30,0.7460458,1,CCI
5407,2024-05-21,0.62185174,-1,ALL
5408,2024-05-09,0.5231024,-1,LMT
5409,2024-04-30,0.49008027,1,TTWO
5410,2024-03-28,0.4458539,1,SPGI
5411,2024-04-15,0.55984014,1,ROP
5412,2024-04-26,0.49673745,1,CTLT
5413,2024-04-30,0.5247141,-1,WBA
5414,2024-04-04,0.2467611,-1,CCI
5415,2024-05-16,0.44035396,-1,INVH
5416,2024-05-09,0.52837926,1,ITW
5417,2024-04-16,0.49797305,1,IR
5418,2024-05-01,0.49869746,1,IT
5419,2024-04-24,0.49340641,1,AVY
5420,2024-05-03,0.46368298,1,EIX
5421,2024-05-07,0.48737293,1,REG
5422,2024-04-26,0.5629024,1,HBAN
5423,2024-04-02,0.5254684,-1,POOL
5424,2024-05-23,0.55637455,-1,CRL
5425,2024-05-09,0.35346964,1,CDNS
5426,2024-04-19,0.5809209,1,TTWO
5427,2024-05-20,0.6539068,-1,LW
5428,2024-04-01,0.6016039,1,PANW
5429,2024-05-06,0.41791645,1,REG
5430,2024-04-18,0.36953646,1,FTNT
5431,2024-04-08,0.63531405,-1,DRI
5432,2024-05-03,0.5294289,1,SBAC
5433,2024-04-02,0.6553088,1,DVN
5434,2024-05-16,0.5897336,-1,MCD
5435,2024-04-08,0.24973032,-1,ALGN
5436,2024-05-08,0.38602173,-1,NEM
5437,2024-04-22,0.52694845,-1,WBA
5438,2024-04-24,0.6142437,-1,CSCO
5439,2024-04-09,0.46401396,-1,PH
5440,2024-05-07,0.42229596,1,WAT
5441,2024-05-13,0.40724522,1,MRK
5442,2024-04-26,0.6325243,1,HUM
5443,2024-05-13,0.523388,1,BR
5444,2024-04-23,0.47828162,1,AFL
5445,2024-04-03,0.50032616,-1,AVY
5446,2024-04-12,0.04589744,1,FICO
5447,2024-04-03,0.5006182,-1,BK
5448,2024-04-09,0.47381446,1,CL
5449,2024-05-22,0.4350259,1,FANG
5450,2024-05-07,0.49911383,1,PFE
5451,2024-04-01,0.5241276,1,SHW
5452,2024-04-19,0.5028142,1,DOC
5453,2024-05-14,0.5198471,-1,PYPL
5454,2024-04-25,0.08979355,-1,MCK
5455,2024-04-12,0.29345426,1,SPGI
5456,2024-04-25,0.4414755,1,CHTR
5457,2024-05-16,0.39015746,-1,DFS
5458,2024-04-17,0.42383385,-1,HPE
5459,2024-04-22,0.5898463,-1,DHI
5460,2024-05-06,0.29031652,1,PNC
5461,2024-04-04,0.6366511,-1,WEC
5462,2024-05-23,0.55585426,1,EXPD
5463,2024-03-28,0.5014525,-1,SNPS
5464,2024-04-30,0.35760742,1,UDR
5465,2024-04-04,0.52107215,-1,VST
5466,2024-04-09,0.48291263,-1,TEL
5467,2024-04-25,0.4871862,-1,BSX
5468,2024-05-13,0.5298179,-1,CRL
5469,2024-04-24,0.5365242,-1,KR
5470,2024-05-10,0.43221855,1,XOM
5471,2024-04-12,0.3202035,-1,HD
5472,2024-04-22,0.52251554,1,CMS
5473,2024-05-07,0.46645316,1,PTC
5474,2024-04-04,0.22252811,-1,KMI
5475,2024-04-09,0.39461043,1,LMT
5476,2024-05-01,0.47440124,1,TRGP
5477,2024-04-02,0.51555747,-1,VRSN
5478,2024-04-03,0.44680285,-1,MA
5479,2024-04-19,0.6322168,-1,WTW
5480,2024-05-06,0.46928623,1,TXT
5481,2024-04-01,0.6323663,-1,BAX
5482,2024-04-16,0.63487756,1,PYPL
5483,2024-05-03,0.44070402,1,CMS
5484,2024-04-30,0.57207537,1,NOW
5485,2024-04-30,0.51771015,1,WELL
5486,2024-04-29,0.6057106,-1,CLX
5487,2024-04-22,0.44155556,-1,EG
5488,2024-04-11,0.35990614,1,SYY
5489,2024-04-08,0.45880568,-1,PFG
5490,2024-04-12,0.50754124,1,NVR
5491,2024-04-16,0.53360355,1,NXPI
5492,2024-05-22,0.5378725,1,MMM
5493,2024-05-07,0.4669993,1,DGX
5494,2024-04-05,0.47441298,-1,WY
5495,2024-04-08,0.15084165,-1,CCL
5496,2024-04-26,0.52986985,1,BSX
5497,2024-04-25,0.4477391,1,ANET
5498,2024-04-09,0.4624824,-1,JNJ
5499,2024-04-26,0.4666979,-1,EMR
5500,2024-04-15,0.3455228,1,REG
5501,2024-05-06,0.48679253,-1,NI
5502,2024-05-20,0.5877575,-1,BK
5503,2024-04-29,0.4230446,1,AEE
5504,2024-05-10,0.4784416,-1,HES
5505,2024-04-19,0.5589928,-1,FDS
5506,2024-04-15,0.4507218,-1,MSCI
5507,2024-05-10,0.42111757,1,SYK
5508,2024-05-02,0.48291713,1,DAL
5509,2024-05-23,0.56564033,-1,CME
5510,2024-05-10,0.431294,1,QRVO
5511,2024-05-07,0.5797739,1,STX
5512,2024-05-03,0.5291783,-1,AMD
5513,2024-04-17,0.46785015,-1,UBER
5514,2024-04-19,0.47717625,1,HUBB
5515,2024-05-07,0.83352053,1,ABBV
5516,2024-04-08,0.47145474,-1,HSIC
5517,2024-03-28,0.4650156,-1,FI
5518,2024-04-30,0.4923419,-1,DVA
5519,2024-04-09,0.32549402,-1,WELL
5520,2024-04-17,0.37938946,1,GPC
5521,2024-05-23,0.46596947,1,EQT
5522,2024-05-16,0.4907459,-1,UNP
5523,2024-04-04,0.3820529,-1,PSA
5524,2024-04-11,0.5518719,-1,APA
5525,2024-04-11,0.37852594,-1,MGM
5526,2024-04-01,0.37581015,-1,UNP
5527,2024-05-01,0.7284757,-1,KR
5528,2024-04-19,0.32621807,1,CPAY
5529,2024-04-04,0.52597433,-1,APA
5530,2024-04-30,0.30488122,1,FFIV
5531,2024-05-10,0.5364083,-1,ALGN
5532,2024-04-25,0.46491683,-1,AME
5533,2024-05-13,0.5487111,-1,COR
5534,2024-03-28,0.46144834,1,META
5535,2024-04-10,0.53499484,-1,CAT
5536,2024-04-26,0.6262259,1,BLK
5537,2024-05-15,0.40182292,-1,DE
5538,2024-05-21,0.6548041,-1,SWK
5539,2024-05-20,0.41555032,-1,CMS
5540,2024-05-21,0.5181162,-1,TYL
5541,2024-03-28,0.45876628,-1,KR
5542,2024-04-09,0.3825113,-1,ADM
5543,2024-04-26,0.44816366,1,VTRS
5544,2024-05-23,0.4677222,-1,TRMB
5545,2024-04-11,0.25232652,1,WELL
5546,2024-04-09,0.40453053,-1,COF
5547,2024-05-14,0.46490154,-1,RF
5548,2024-04-26,0.56613314,1,GOOG
5549,2024-05-23,0.38628104,1,ES
5550,2024-04-02,0.626175,-1,WBD
5551,2024-03-28,0.5648407,-1,WBD
5552,2024-04-15,0.42315137,-1,WAT
5553,2024-03-28,0.205397,1,AMP
5554,2024-05-16,0.43683127,-1,WY
5555,2024-04-05,0.661412,1,PANW
5556,2024-05-03,0.6231396,1,HUM
5557,2024-04-26,0.274813,1,CL
5558,2024-04-24,0.5056623,-1,JBL
5559,2024-04-23,0.52162284,-1,SBUX
5560,2024-04-17,0.4879415,1,DFS
5561,2024-05-10,0.42613629,1,LKQ
5562,2024-04-26,0.5324756,1,CHTR
5563,2024-05-09,0.535012,1,BEN
5564,2024-05-13,0.5919653,1,CVS
5565,2024-05-23,0.44102272,-1,DD
5566,2024-04-11,0.5117568,1,YUM
5567,2024-05-09,0.4385404,-1,STLD
5568,2024-04-30,0.5965899,1,ALB
5569,2024-04-18,0.35969526,1,CTVA
5570,2024-04-01,0.47055897,1,MPC
5571,2024-05-01,0.58556837,1,TRV
5572,2024-05-06,0.24190563,-1,DIS
5573,2024-04-19,0.51063246,1,IFF
5574,2024-04-10,0.5551387,1,SCHW
5575,2024-04-02,0.41350546,-1,TEL
5576,2024-04-05,0.3879526,-1,BSX
5577,2024-04-05,0.4750297,-1,GL
5578,2024-05-22,0.33593404,1,PARA
5579,2024-04-09,0.50466186,-1,ABT
5580,2024-04-18,0.3455863,1,PM
5581,2024-05-08,0.49950412,1,CEG
5582,2024-04-02,0.4362132,1,EOG
5583,2024-04-12,0.3959327,-1,SWKS
5584,2024-04-30,0.55061173,1,DE
5585,2024-04-23,0.42784095,-1,UBER
5586,2024-05-15,0.5027631,-1,FIS
5587,2024-04-24,0.44307017,1,AVB
5588,2024-04-04,0.4779845,-1,BAC
5589,2024-04-04,0.18589704,-1,CNC
5590,2024-05-10,0.43925825,1,ETR
5591,2024-03-28,0.6247433,-1,EQIX
5592,2024-05-07,0.542033,1,TPR
5593,2024-04-17,0.24263668,1,HAS
5594,2024-04-24,0.40124923,-1,CHD
5595,2024-04-09,0.55603486,-1,DIS
5596,2024-04-09,0.47329915,-1,STX
5597,2024-05-10,0.5893448,1,LRCX
5598,2024-05-23,0.5470937,-1,PCAR
5599,2024-04-04,0.30505246,-1,NTRS
5600,2024-04-02,0.3545674,-1,LYV
5601,2024-04-19,0.46565902,-1,OTIS
5602,2024-04-26,0.47959948,-1,SLB
5603,2024-04-03,0.17194124,-1,K
5604,2024-04-23,0.52435297,-1,CEG
5605,2024-05-01,0.52109647,1,NVDA
5606,2024-05-14,0.723701,1,TMUS
5607,2024-05-07,0.47382993,1,GS
5608,2024-04-10,0.5347353,-1,USB
5609,2024-04-17,0.33852428,1,ALB
5610,2024-04-04,0.39112413,-1,GM
5611,2024-04-26,0.6133678,-1,JPM
5612,2024-04-10,0.5050951,-1,SHW
5613,2024-04-30,0.44584236,-1,IR
5614,2024-05-14,0.62735975,-1,INVH
5615,2024-04-10,0.43163213,1,ELV
5616,2024-05-03,0.42901757,1,ARE
5617,2024-04-26,0.5516449,-1,BXP
5618,2024-05-06,0.52835166,1,MDLZ
5619,2024-04-19,0.34112784,1,TSLA
5620,2024-04-29,0.5634629,-1,UPS
5621,2024-05-10,0.59187746,1,CPB
5622,2024-05-13,0.65937895,1,CFG
5623,2024-05-17,0.15693538,-1,V
5624,2024-04-11,0.31677684,-1,HSY
5625,2024-04-17,0.34469455,1,GNRC
5626,2024-04-19,0.290631,1,DTE
5627,2024-04-08,0.6027597,-1,HBAN
5628,2024-05-15,0.6024287,-1,UNH
5629,2024-04-02,0.48690945,-1,HON
5630,2024-04-02,0.53039885,-1,SYK
5631,2024-04-08,0.52757466,-1,CB
5632,2024-05-23,0.37196627,1,PLD
5633,2024-04-09,0.3812158,-1,CI
5634,2024-05-17,0.424866,1,MRNA
5635,2024-05-20,0.58112144,1,SYK
5636,2024-05-20,0.48826912,-1,BAX
5637,2024-04-05,0.41890183,-1,NWS
5638,2024-05-13,0.36045596,1,EG
5639,2024-04-12,0.21425003,-1,ANSS
5640,2024-05-08,0.6398306,1,WBA
5641,2024-05-08,0.48872507,-1,AKAM
5642,2024-04-25,0.2683752,1,RL
5643,2024-05-17,0.504817,-1,FICO
5644,2024-03-28,0.50249594,1,IR
5645,2024-04-15,0.45796767,1,GRMN
5646,2024-04-04,0.41587663,-1,HAL
5647,2024-04-30,0.24369036,1,CRWD
5648,2024-05-14,0.6062609,-1,KIM
5649,2024-05-08,0.5460847,1,TTWO
5650,2024-05-01,0.6046346,1,DLTR
5651,2024-05-17,0.45192367,-1,PPL
5652,2024-05-10,0.14093469,-1,DOW
5653,2024-05-08,0.5344584,1,T
5654,2024-05-16,0.4123275,-1,HES
5655,2024-04-02,0.41634992,-1,LKQ
5656,2024-04-01,0.45077336,1,ELV
5657,2024-05-20,0.32137877,-1,OMC
5658,2024-04-09,0.58942837,1,UNH
5659,2024-05-13,0.5245396,-1,PPG
5660,2024-05-16,0.21657139,1,BKNG
5661,2024-05-23,0.43893656,1,MRO
5662,2024-04-19,0.438512,1,HII
5663,2024-05-23,0.51496667,-1,IEX
5664,2024-04-25,0.40782976,1,EVRG
5665,2024-04-22,0.4374881,-1,UBER
5666,2024-05-21,0.12578988,-1,CINF
5667,2024-04-30,0.47678205,1,DLR
5668,2024-05-01,0.541908,1,GOOG
5669,2024-05-23,0.5188144,-1,TSLA
5670,2024-05-14,0.49830034,1,INTU
5671,2024-04-25,0.32203212,1,HCA
5672,2024-05-03,0.47101775,1,KMX
5673,2024-04-09,0.43394038,1,COR
5674,2024-05-23,0.33092868,1,PM
5675,2024-05-14,0.4730093,1,GOOG
5676,2024-05-16,0.508338,-1,MTCH
5677,2024-04-04,0.49306905,-1,KMB
5678,2024-05-06,0.52584904,-1,BR
5679,2024-04-02,0.37486765,-1,PEG
5680,2024-05-10,0.40769234,1,PLD
5681,2024-05-17,0.45568052,-1,BK
5682,2024-04-24,0.43233922,-1,DIS
5683,2024-04-23,0.4957874,-1,FOX
5684,2024-04-29,0.5006713,1,PFG
5685,2024-04-09,0.48470092,-1,CE
5686,2024-04-05,0.5604078,-1,CVS
5687,2024-04-16,0.76859844,1,FRT
5688,2024-04-15,0.41919547,-1,ROL
5689,2024-05-08,0.44876695,1,CDNS
5690,2024-04-24,0.51030356,-1,TGT
5691,2024-04-26,0.65419984,1,CBOE
5692,2024-05-07,0.5504539,1,LUV
5693,2024-04-29,0.4843413,-1,LIN
5694,2024-04-04,0.4809777,1,EXPD
5695,2024-04-17,0.38499928,1,COP
5696,2024-04-04,0.44685394,-1,PRU
5697,2024-05-22,0.29420143,1,GM
5698,2024-04-09,0.5271816,1,DECK
5699,2024-04-16,0.53418547,-1,TER
5700,2024-05-06,0.62282306,1,PNW
5701,2024-04-26,0.5300859,-1,NOC
5702,2024-05-08,0.7108659,1,ABBV
5703,2024-05-03,0.30202177,-1,JNPR
5704,2024-04-19,0.5011384,-1,CHTR
5705,2024-04-02,0.49417454,1,ADI
5706,2024-05-13,0.3079015,1,GEHC
5707,2024-04-22,0.4251577,1,LKQ
5708,2024-04-03,0.24692853,-1,CPB
5709,2024-05-17,0.7013431,-1,POOL
5710,2024-04-11,0.4002511,1,MET
5711,2024-05-13,0.5200727,1,MSFT
5712,2024-04-05,0.5289295,-1,INVH
5713,2024-04-01,0.48970854,-1,KO
5714,2024-04-17,0.21324338,1,MCO
5715,2024-04-23,0.43945584,-1,TGT
5716,2024-04-02,0.4986185,-1,KKR
5717,2024-04-12,0.7239699,1,BA
5718,2024-04-25,0.29420945,-1,NOW
5719,2024-04-19,0.44288388,-1,UBER
5720,2024-04-23,0.47335163,-1,ABT
5721,2024-04-23,0.5497884,-1,PARA
5722,2024-05-06,0.53413165,1,PNR
5723,2024-05-13,0.6321282,-1,BG
5724,2024-04-29,0.50010604,1,PSX
5725,2024-05-22,0.43479204,1,ARE
5726,2024-05-08,0.42528597,1,LNT
5727,2024-04-01,0.5774762,1,GNRC
5728,2024-04-18,0.31913581,-1,LVS
5729,2024-05-15,0.51885784,-1,MRO
5730,2024-04-05,0.47006822,-1,DE
5731,2024-05-06,0.6712026,1,MOH
5732,2024-05-22,0.60225856,-1,PNR
5733,2024-05-03,0.31790593,1,AAL
5734,2024-04-10,0.53782254,-1,HSY
5735,2024-05-21,0.30055863,-1,DRI
5736,2024-05-17,0.48599657,-1,LIN
5737,2024-04-10,0.34351552,-1,ETR
5738,2024-05-16,0.49890834,-1,SRE
5739,2024-05-06,0.7281978,1,SYY
5740,2024-04-09,0.38981736,-1,TSLA
5741,2024-04-22,0.46454737,-1,PNW
5742,2024-04-01,0.48578858,1,PKG
5743,2024-05-21,0.5919202,-1,C
5744,2024-04-19,0.5180353,1,IQV
5745,2024-04-17,0.49723354,1,HBAN
5746,2024-04-15,0.4637218,1,ADP
5747,2024-04-11,0.4271417,-1,MAR
5748,2024-04-19,0.19983543,-1,REGN
5749,2024-04-18,0.55295366,-1,WBD
5750,2024-05-09,0.55001915,1,REG
5751,2024-04-26,0.51997656,1,CRWD
5752,2024-04-19,0.36845836,-1,SYY
5753,2024-05-14,0.52194035,1,LDOS
5754,2024-04-03,0.4645659,1,TROW
5755,2024-04-03,0.6876712,-1,FTNT
5756,2024-05-13,0.3074732,-1,SYF
5757,2024-05-17,0.37697992,-1,GOOGL
5758,2024-05-02,0.46222,1,K
5759,2024-04-01,0.5274387,-1,AON
5760,2024-05-23,0.3716882,-1,EL
5761,2024-04-05,0.40383223,-1,CTLT
5762,2024-05-14,0.5922304,-1,DLTR
5763,2024-04-10,0.40001833,-1,SPG
5764,2024-05-20,0.5799763,-1,BA
5765,2024-05-09,0.59199387,-1,ALLE
5766,2024-05-16,0.46795094,-1,BX
5767,2024-04-26,0.491032,1,EMN
5768,2024-05-14,0.2313432,-1,AMT
5769,2024-05-23,0.5315005,-1,WY
5770,2024-04-04,0.5140925,-1,VLO
5771,2024-05-03,0.5099772,1,EBAY
5772,2024-05-15,0.48495764,-1,LUV
5773,2024-05-06,0.5608646,1,BEN
5774,2024-04-01,0.4997127,-1,CHD
5775,2024-04-25,0.57465595,1,O
5776,2024-04-04,0.5153648,-1,SJM
5777,2024-05-16,0.43849367,-1,WM
5778,2024-05-10,0.38665277,1,NCLH
5779,2024-04-16,0.54521626,1,XOM
5780,2024-05-13,0.41390103,-1,AZO
5781,2024-05-14,0.62112296,-1,MGM
5782,2024-05-01,0.3742128,1,AFL
5783,2024-05-03,0.5650608,-1,LULU
5784,2024-05-15,0.44315332,-1,NDSN
5785,2024-05-07,0.60433584,-1,WST
5786,2024-04-19,0.44716576,-1,GIS
5787,2024-05-03,0.41439512,-1,TSLA
5788,2024-03-28,0.5822689,1,AES
5789,2024-04-25,0.57923865,1,EXR
5790,2024-04-30,0.41474903,1,DOW
5791,2024-05-07,0.2368489,1,COF
5792,2024-04-16,0.5740322,1,TXN
5793,2024-05-17,0.60287803,-1,WRB
5794,2024-04-05,0.42403847,1,YUM
5795,2024-05-10,0.47767165,1,CAT
5796,2024-05-23,0.47545636,1,VRSK
5797,2024-05-02,0.56954134,1,IEX
5798,2024-04-25,0.55391425,-1,VZ
5799,2024-04-04,0.5207759,-1,OMC
5800,2024-05-15,0.38177928,1,GLW
5801,2024-05-07,0.56292623,-1,SHW
5802,2024-04-03,0.4404496,1,RMD
5803,2024-04-18,0.37451774,1,MRO
5804,2024-05-21,0.5724874,1,JBL
5805,2024-05-15,0.43038648,-1,WY
5806,2024-04-16,0.3515827,1,PPL
5807,2024-05-09,0.464644,-1,AMZN
5808,2024-05-16,0.4961738,1,TSLA
5809,2024-05-13,0.33651912,-1,VMC
5810,2024-05-01,0.4623959,-1,OXY
5811,2024-04-25,0.38194352,-1,ABNB
5812,2024-04-30,0.3680423,1,HAL
5813,2024-05-23,0.552898,1,NEE
5814,2024-04-25,0.37155327,1,DE
5815,2024-04-17,0.5222627,1,HIG
5816,2024-05-02,0.50739723,1,TRGP
5817,2024-04-01,0.6382238,-1,ADBE
5818,2024-05-03,0.4144892,1,HAL
5819,2024-04-05,0.49288243,-1,FTV
5820,2024-05-17,0.45088732,-1,CAG
5821,2024-04-18,0.39387304,1,CVX
5822,2024-04-17,0.5082172,1,EBAY
5823,2024-04-03,0.6289889,-1,SWKS
5824,2024-04-26,0.4740718,1,HSY
5825,2024-05-13,0.6088218,-1,FI
5826,2024-04-09,0.5851554,-1,DFS
5827,2024-04-10,0.5235465,-1,EXR
5828,2024-05-13,0.5235747,-1,CTRA
5829,2024-05-08,0.48181793,-1,GPC
5830,2024-04-30,0.3033417,1,EVRG
5831,2024-05-03,0.5463067,1,NDSN
5832,2024-04-29,0.58378184,-1,EOG
5833,2024-04-02,0.27662176,-1,EXC
5834,2024-04-12,0.5154008,-1,ANET
5835,2024-04-19,0.41448545,1,ETN
5836,2024-05-09,0.5254822,1,PKG
5837,2024-05-07,0.5233056,1,PHM
5838,2024-05-15,0.62818074,-1,NDAQ
5839,2024-04-24,0.33845535,1,AZO
5840,2024-05-17,0.31944436,-1,NI
5841,2024-04-16,0.44164097,1,CTVA
5842,2024-05-06,0.39531097,-1,MAR
5843,2024-04-04,0.47687078,-1,ALGN
5844,2024-04-03,0.45944923,-1,MS
5845,2024-04-23,0.4318044,-1,XOM
5846,2024-04-10,0.43555012,-1,DGX
5847,2024-05-09,0.5287792,1,STE
5848,2024-05-09,0.3681028,1,MPC
5849,2024-05-22,0.61498207,-1,DG
5850,2024-04-24,0.47696084,-1,DLTR
5851,2024-05-17,0.44519788,-1,HII
5852,2024-04-09,0.48604205,-1,SLB
5853,2024-05-22,0.30124417,1,ADM
5854,2024-04-05,0.5116992,-1,CMCSA
5855,2024-03-28,0.51563746,1,HPE
5856,2024-05-02,0.53061306,1,AOS
5857,2024-04-03,0.4776345,-1,VRSK
5858,2024-04-05,0.37448585,-1,ADP
5859,2024-04-11,0.56320727,1,SJM
5860,2024-05-10,0.6821117,1,TEL
5861,2024-04-15,0.4612605,1,FSLR
5862,2024-04-24,0.16437586,-1,IEX
5863,2024-04-12,0.5079632,-1,HST
5864,2024-04-10,0.5033656,-1,RCL
5865,2024-04-23,0.4151873,-1,MSFT
5866,2024-05-15,0.39925677,-1,LYB
5867,2024-04-05,0.4266889,-1,COR
5868,2024-04-05,0.42742673,-1,IBM
5869,2024-05-03,0.2822337,1,TFX
5870,2024-04-16,0.28169978,1,CNC
5871,2024-05-16,0.37806097,-1,USB
5872,2024-04-26,0.6030188,-1,HUBB
5873,2024-05-21,0.41906306,-1,NDAQ
5874,2024-04-03,0.4817825,-1,TSN
5875,2024-04-05,0.5054933,-1,HPE
5876,2024-05-22,0.5757952,1,NWS
5877,2024-04-26,0.5409999,1,KO
5878,2024-04-18,0.4064955,-1,L
5879,2024-04-24,0.44255796,-1,CSGP
5880,2024-05-17,0.55107343,1,RCL
5881,2024-05-14,0.5067178,1,DAY
5882,2024-04-09,0.6216915,-1,PAYX
5883,2024-04-23,0.50658154,-1,HUM
5884,2024-04-09,0.4136194,-1,UDR
5885,2024-05-01,0.39159924,-1,BLDR
5886,2024-05-14,0.4857807,-1,USB
5887,2024-04-11,0.4225299,-1,RMD
5888,2024-05-10,0.53572494,1,GILD
5889,2024-04-11,0.25162503,1,ES
5890,2024-04-16,0.4543094,-1,LIN
5891,2024-04-19,0.57691276,-1,SJM
5892,2024-05-15,0.55309916,1,CHRW
5893,2024-04-30,0.5683318,-1,TFX
5894,2024-04-04,0.42525262,-1,DAY
5895,2024-05-14,0.23480597,1,WELL
5896,2024-04-02,0.49706215,-1,IQV
5897,2024-04-02,0.4387533,-1,GIS
5898,2024-05-16,0.48864368,1,EA
5899,2024-05-02,0.44665253,1,BX
5900,2024-05-22,0.4937239,-1,CAT
5901,2024-04-26,0.48203915,-1,RTX
5902,2024-04-04,0.53404105,1,NVDA
5903,2024-04-29,0.61330277,1,PLD
5904,2024-05-22,0.50752157,-1,EW
5905,2024-04-26,0.35357141,1,PM
5906,2024-05-08,0.62838596,-1,LLY
5907,2024-05-13,0.55708885,-1,MCD
5908,2024-05-08,0.5576106,1,LHX
5909,2024-05-14,0.47547063,1,NTAP
5910,2024-04-23,0.40436015,-1,NI
5911,2024-04-05,0.3585436,-1,AVY
5912,2024-05-10,0.5511574,1,EPAM
5913,2024-04-25,0.5046108,-1,LIN
5914,2024-05-06,0.5392218,1,RF
5915,2024-04-05,0.4078417,1,NKE
5916,2024-05-21,0.50274944,-1,FMC
5917,2024-05-21,0.50837827,1,NWSA
5918,2024-05-06,0.47493002,1,V
5919,2024-05-15,0.49546805,-1,DOC
5920,2024-05-09,0.38349217,1,XEL
5921,2024-05-02,0.5854345,1,NI
5922,2024-05-17,0.24506411,1,ISRG
5923,2024-04-25,0.4536678,-1,BKR
5924,2024-05-17,0.46190622,-1,FANG
5925,2024-04-19,0.40225518,-1,CMCSA
5926,2024-04-19,0.51291174,-1,ICE
5927,2024-04-10,0.5025416,-1,KMI
5928,2024-04-08,0.47114605,-1,IQV
5929,2024-05-10,0.45745322,-1,CE
5930,2024-05-09,0.45150945,1,FTNT
5931,2024-04-08,0.4084354,-1,K
5932,2024-04-15,0.5425833,-1,USB
5933,2024-04-08,0.597728,-1,MKC
5934,2024-04-22,0.3421792,-1,IT
5935,2024-05-15,0.5534575,-1,PFE
5936,2024-05-01,0.4745165,1,ADM
5937,2024-04-11,0.30545583,-1,TROW
5938,2024-04-19,0.5832537,-1,LNT
5939,2024-05-14,0.3750962,1,HSY
5940,2024-05-21,0.45927536,-1,MRK
5941,2024-04-08,0.63190955,-1,VZ
5942,2024-05-23,0.52897877,1,HPQ
5943,2024-05-23,0.55977887,-1,ROL
5944,2024-05-06,0.5020821,-1,VMC
5945,2024-04-08,0.47697592,-1,FFIV
5946,2024-04-19,0.2530346,1,VTRS
5947,2024-03-28,0.3518272,1,TEL
5948,2024-05-02,0.50551784,1,LLY
5949,2024-04-05,0.46732992,-1,PKG
5950,2024-04-02,0.6520636,1,EQR
5951,2024-05-14,0.5119482,-1,CLX
5952,2024-04-10,0.58889407,-1,TDG
5953,2024-04-04,0.4458284,-1,SWKS
5954,2024-05-09,0.47813204,1,CCL
5955,2024-05-17,0.4429904,1,RTX
5956,2024-04-11,0.51194525,-1,NSC
5957,2024-03-28,0.58065903,1,PNC
5958,2024-05-22,0.48636213,1,ALLE
5959,2024-04-04,0.47539362,-1,IRM
5960,2024-04-26,0.5541771,1,ACN
5961,2024-04-19,0.4357466,-1,MSCI
5962,2024-04-29,0.53475183,1,HUBB
5963,2024-04-24,0.40069115,1,WDC
5964,2024-05-06,0.66557837,-1,DLTR
5965,2024-05-21,0.69964784,-1,BLDR
5966,2024-05-13,0.58777785,-1,LH
5967,2024-04-22,0.4477979,1,FCX
5968,2024-04-04,0.3586875,1,PAYX
5969,2024-04-04,0.61889786,-1,SPGI
5970,2024-05-09,0.6897469,-1,GWW
5971,2024-05-13,0.46893394,1,XYL
5972,2024-05-14,0.6976747,-1,TRMB
5973,2024-04-12,0.45426658,1,ROST
5974,2024-04-15,0.60232526,1,MDLZ
5975,2024-05-20,0.55827385,-1,ANSS
5976,2024-05-15,0.61173344,1,LHX
5977,2024-04-18,0.4798736,1,GEHC
5978,2024-04-18,0.52558714,1,LW
5979,2024-04-25,0.42681685,-1,AXP
5980,2024-05-20,0.14264144,1,UHS
5981,2024-04-17,0.51530087,1,CEG
5982,2024-04-03,0.4657315,1,INVH
5983,2024-04-18,0.53389966,1,DLR
5984,2024-04-17,0.5633772,-1,SHW
5985,2024-05-08,0.60609305,1,CTSH
5986,2024-05-13,0.42634562,1,ATO
5987,2024-05-22,0.4389106,-1,GS
5988,2024-05-23,0.44819745,1,CF
5989,2024-04-04,0.53000414,-1,WDC
5990,2024-05-14,0.5035927,1,TTWO
5991,2024-04-12,0.17883451,1,EG
5992,2024-04-04,0.50687027,-1,PWR
5993,2024-04-18,0.47428313,1,HST
5994,2024-05-15,0.45960587,-1,MHK
5995,2024-04-18,0.37037277,-1,IBM
5996,2024-04-03,0.05283587,1,SYY
5997,2024-05-01,0.28239894,1,PSX
5998,2024-04-23,0.46850595,1,APH
5999,2024-05-13,0.5068943,1,ADSK
6000,2024-04-09,0.547311,-1,DOC
6001,2024-05-20,0.6635069,-1,KEYS
6002,2024-05-17,0.23373483,-1,ULTA
6003,2024-05-08,0.5326831,-1,ALB
6004,2024-05-03,0.85676336,1,A
6005,2024-05-09,0.57530946,1,INCY
6006,2024-04-01,0.613463,1,AKAM
6007,2024-05-10,0.7231683,1,LEN
6008,2024-04-24,0.49982965,-1,HIG
6009,2024-04-02,0.47870654,-1,EG
6010,2024-05-09,0.59694767,-1,MAS
6011,2024-05-07,0.5110493,1,MTCH
6012,2024-04-11,0.30509937,-1,MSI
6013,2024-05-10,0.45155734,1,OXY
6014,2024-04-11,0.4899601,-1,AMZN
6015,2024-04-18,0.4472918,1,CEG
6016,2024-05-08,0.5282548,-1,TDG
6017,2024-04-29,0.4838202,-1,TFX
6018,2024-04-30,0.59677166,1,NSC
6019,2024-04-23,0.66726637,-1,FTV
6020,2024-05-03,0.60814846,1,SBUX
6021,2024-04-16,0.47435862,-1,NVDA
6022,2024-04-05,0.48973092,-1,IR
6023,2024-04-10,0.45808822,-1,ODFL
6024,2024-05-15,0.48173752,1,NTAP
6025,2024-04-29,0.42059198,-1,TPR
6026,2024-05-01,0.64705014,1,INTU
6027,2024-05-02,0.46834373,1,CTAS
6028,2024-05-20,0.54100364,-1,ROL
6029,2024-05-22,0.20247045,1,TDG
6030,2024-04-24,0.46896005,-1,JCI
6031,2024-05-15,0.65622485,-1,ES
6032,2024-04-03,0.32384086,-1,AEE
6033,2024-04-04,0.48865172,-1,TRV
6034,2024-05-06,0.5585247,1,EXR
6035,2024-05-13,0.41987437,1,PM
6036,2024-04-26,0.4680245,1,PNW
6037,2024-05-06,0.25974938,1,FITB
6038,2024-04-16,0.578812,1,ESS
6039,2024-03-28,0.39747655,-1,BLDR
6040,2024-04-23,0.6329499,-1,CCI
6041,2024-05-21,0.51122284,-1,AMT
6042,2024-04-11,0.39320084,-1,EMN
6043,2024-04-17,0.4645468,1,RF
6044,2024-05-23,0.27080184,-1,KEY
6045,2024-04-09,0.38816038,-1,MMC
6046,2024-05-13,0.5736943,1,NOW
6047,2024-05-15,0.2801873,-1,HOLX
6048,2024-05-14,0.4856512,-1,CMG
6049,2024-04-26,0.46628705,-1,ABNB
6050,2024-04-11,0.32637396,1,MMC
6051,2024-05-06,0.3357483,-1,COP
6052,2024-04-19,0.60570383,-1,ROST
6053,2024-05-09,0.5586336,1,TRV
6054,2024-05-15,0.50413996,-1,O
6055,2024-04-16,0.8299711,1,REG
6056,2024-04-03,0.5730734,-1,AMT
6057,2024-03-28,0.4292318,-1,MSI
6058,2024-04-15,0.45078084,1,HWM
6059,2024-05-14,0.51009464,1,PM
6060,2024-04-16,0.4528026,1,JCI
6061,2024-04-12,0.21138786,-1,PSA
6062,2024-04-04,0.5906923,-1,NXPI
6063,2024-05-07,0.5291776,1,META
6064,2024-05-01,0.33796665,-1,F
6065,2024-04-22,0.41794732,-1,GEHC
6066,2024-05-10,0.47422746,1,CCL
6067,2024-05-14,0.8049962,-1,ROK
6068,2024-04-22,0.48967797,-1,MTD
6069,2024-04-16,0.5721541,1,CBRE
6070,2024-05-17,0.5146087,1,ROST
6071,2024-04-16,0.6947415,1,FITB
6072,2024-05-03,0.63077885,1,CCI
6073,2024-04-23,0.3871856,-1,DG
6074,2024-04-15,0.42103043,1,DAL
6075,2024-05-09,0.50571555,-1,VZ
6076,2024-05-23,0.4682565,1,BBWI
6077,2024-04-04,0.34864917,-1,LLY
6078,2024-04-11,0.36509404,-1,DAY
6079,2024-04-16,0.616606,1,KMB
6080,2024-04-01,0.47849673,1,NUE
6081,2024-04-08,0.57274246,-1,GDDY
6082,2024-04-10,0.8112789,1,KHC
6083,2024-05-22,0.34799927,1,BDX
6084,2024-04-17,0.44691935,1,RSG
6085,2024-04-04,0.40593767,-1,COO
6086,2024-05-10,0.47540072,-1,NKE
6087,2024-05-10,0.52233005,-1,AIG
6088,2024-05-06,0.4891365,1,DGX
6089,2024-04-10,0.4622222,-1,ZTS
6090,2024-04-23,0.4472589,1,NRG
6091,2024-05-22,0.7464629,-1,TDY
6092,2024-04-03,0.3588962,-1,PHM
6093,2024-04-12,0.28416646,1,WEC
6094,2024-04-16,0.5263337,1,AKAM
6095,2024-05-14,0.50868034,1,JCI
6096,2024-05-21,0.60826194,-1,SLB
6097,2024-05-14,0.5643472,1,INTC
6098,2024-05-23,0.4565861,-1,RF
6099,2024-04-30,0.52356243,1,AMGN
6100,2024-05-22,0.4610264,-1,KEYS
6101,2024-05-10,0.43739188,-1,PEP
6102,2024-03-28,0.6125862,-1,SWK
6103,2024-04-05,0.30087832,-1,RCL
6104,2024-04-24,0.67138034,-1,SWKS
6105,2024-03-28,0.45640364,-1,CINF
6106,2024-05-15,0.38090226,-1,C
6107,2024-04-11,0.4486528,-1,CMI
6108,2024-04-11,0.42514446,1,D
6109,2024-05-10,0.52028984,-1,SPG
6110,2024-04-23,0.548884,-1,CSGP
6111,2024-04-08,0.52861667,-1,DPZ
6112,2024-05-10,0.48842397,-1,BAX
6113,2024-04-29,0.5119652,1,NVDA
6114,2024-05-01,0.57283187,1,AON
6115,2024-05-15,0.46147332,1,PWR
6116,2024-04-08,0.5455106,-1,KKR
6117,2024-04-04,0.56079006,-1,CBOE
6118,2024-04-15,0.54773647,-1,EXR
6119,2024-04-29,0.554076,1,NXPI
6120,2024-05-17,0.51209635,-1,ON
6121,2024-05-08,0.5210161,1,INCY
6122,2024-04-02,0.5084766,-1,TRGP
6123,2024-04-04,0.60415775,-1,TGT
6124,2024-05-01,0.38803124,1,DHI
6125,2024-04-30,0.47237355,1,WST
6126,2024-04-16,0.5792778,1,BX
6127,2024-04-24,0.37178725,-1,USB
6128,2024-04-22,0.5453728,1,SNPS
6129,2024-04-22,0.45407924,-1,CINF
6130,2024-05-16,0.795443,1,PCAR
6131,2024-04-16,0.55154735,1,USB
6132,2024-04-23,0.47177348,1,AMZN
6133,2024-04-16,0.3994786,1,GNRC
6134,2024-04-09,0.4314063,-1,CVX
6135,2024-04-18,0.15564448,-1,AMCR
6136,2024-04-22,0.4842707,-1,UAL
6137,2024-05-03,0.57885474,1,TRV
6138,2024-04-18,0.43532246,1,FANG
6139,2024-05-09,0.58607906,1,ESS
6140,2024-05-02,0.48449558,1,LIN
6141,2024-04-01,0.49590948,-1,GILD
6142,2024-05-09,0.6185137,1,BRO
6143,2024-04-11,0.37519392,-1,ARE
6144,2024-04-08,0.21894345,-1,CTAS
6145,2024-04-08,0.5151792,-1,EQR
6146,2024-04-22,0.38849413,1,DOW
6147,2024-04-29,0.46123618,1,TT
6148,2024-05-22,0.4838949,-1,WY
6149,2024-04-08,0.4773113,-1,IBM
6150,2024-03-28,0.3415851,-1,WEC
6151,2024-05-06,0.47916502,-1,TTWO
6152,2024-05-01,0.4830857,1,NRG
6153,2024-05-14,0.52914244,-1,DRI
6154,2024-05-17,0.50161594,-1,AVGO
6155,2024-04-11,0.44730082,-1,GEHC
6156,2024-05-16,0.55740505,-1,KVUE
6157,2024-05-16,0.50224143,-1,CMI
6158,2024-04-02,0.5306705,1,COST
6159,2024-05-23,0.6725308,-1,IFF
6160,2024-04-30,0.29860723,1,AEP
6161,2024-05-06,0.23714061,-1,FRT
6162,2024-04-29,0.46707577,1,ECL
6163,2024-04-18,0.44262728,1,DTE
6164,2024-04-19,0.4043806,1,DOW
6165,2024-04-02,0.48108882,-1,APH
6166,2024-04-02,0.52590847,-1,QRVO
6167,2024-05-14,0.496119,1,FOXA
6168,2024-05-23,0.4668696,1,DRI
6169,2024-05-07,0.42727238,1,CNP
6170,2024-04-01,0.5078145,1,BSX
6171,2024-05-21,0.40756655,-1,ABBV
6172,2024-05-22,0.59793234,1,ATO
6173,2024-04-19,0.38928628,-1,BIO
6174,2024-04-29,0.38407964,-1,COF
6175,2024-05-03,0.5281329,1,WFC
6176,2024-05-09,0.6223539,-1,WBD
6177,2024-05-16,0.5684455,-1,CMG
6178,2024-04-26,0.52452254,-1,ADM
6179,2024-05-14,0.5889658,-1,CHTR
6180,2024-05-16,0.50379086,-1,BWA
6181,2024-04-12,0.31719315,1,ABBV
6182,2024-04-30,0.44057563,1,PCAR
6183,2024-04-11,0.51952296,1,PCG
6184,2024-04-09,0.46400055,-1,MHK
6185,2024-05-07,0.64223343,1,AEE
6186,2024-04-10,0.48969617,-1,EA
6187,2024-05-03,0.53572655,1,HAS
6188,2024-04-22,0.49715024,1,EVRG
6189,2024-04-19,0.49512854,1,NEE
6190,2024-04-04,0.40628773,-1,HOLX
6191,2024-05-08,0.37639567,-1,AXON
6192,2024-04-15,0.31120604,1,EIX
6193,2024-05-09,0.44812542,-1,JBHT
6194,2024-04-01,0.44045398,1,HWM
6195,2024-05-14,0.51731676,1,PCAR
6196,2024-05-06,0.6204,-1,FSLR
6197,2024-04-25,0.5534717,1,PFG
6198,2024-04-25,0.39384943,1,CNP
6199,2024-04-16,0.46331033,-1,QCOM
6200,2024-05-06,0.8384493,1,LIN
6201,2024-05-10,0.43681934,1,DGX
6202,2024-05-20,0.49084336,-1,LEN
6203,2024-04-18,0.39811426,1,CPT
6204,2024-04-12,0.42741394,1,ETR
6205,2024-04-02,0.49941945,-1,MNST
6206,2024-04-04,0.44082525,-1,OKE
6207,2024-04-05,0.5242693,-1,APH
6208,2024-05-07,0.5584216,1,GPC
6209,2024-04-10,0.63385457,-1,CPT
6210,2024-04-16,0.416276,1,EIX
6211,2024-05-06,0.35513562,1,AXP
6212,2024-05-10,0.5699738,-1,PFG
6213,2024-05-06,0.3624015,-1,VLO
6214,2024-04-02,0.35923475,-1,MHK
6215,2024-04-18,0.6495438,1,MCD
6216,2024-04-16,0.38695437,1,EBAY
6217,2024-05-01,0.36444056,1,DHR
6218,2024-04-12,0.5243543,1,XYL
6219,2024-05-23,0.43642792,1,CMS
6220,2024-04-15,0.4497338,1,JCI
6221,2024-04-19,0.05649501,1,TYL
6222,2024-04-02,0.40975422,1,EMR
6223,2024-05-16,0.59880024,-1,SYY
6224,2024-05-10,0.33153102,1,XEL
6225,2024-05-14,0.44149703,1,PAYX
6226,2024-05-01,0.6059177,1,HLT
6227,2024-05-09,0.29408178,-1,CPRT
6228,2024-04-05,0.2901544,-1,TSCO
6229,2024-05-01,0.38275328,1,CINF
6230,2024-04-12,0.4544357,1,BG
6231,2024-04-05,0.47608718,-1,BK
6232,2024-05-15,0.4497887,-1,V
6233,2024-05-08,0.4670212,1,NEE
6234,2024-04-17,0.4454392,1,ZBH
6235,2024-05-09,0.54683703,1,AJG
6236,2024-04-12,0.6369599,-1,POOL
6237,2024-05-03,0.52033883,1,BALL
6238,2024-04-24,0.30461422,1,TSCO
6239,2024-05-13,0.53730625,1,COST
6240,2024-04-02,0.59439766,1,DOC
6241,2024-04-23,0.44732982,-1,IQV
6242,2024-05-07,0.45457187,1,KLAC
6243,2024-04-19,0.55080724,1,MNST
6244,2024-04-16,0.39281592,1,HUBB
6245,2024-05-06,0.34052816,-1,APTV
6246,2024-05-08,0.50551444,-1,BG
6247,2024-04-24,0.6052811,-1,BEN
6248,2024-05-22,0.4733178,-1,HSIC
6249,2024-04-26,0.55696017,-1,COP
6250,2024-04-02,0.5011033,1,INTU
6251,2024-05-02,0.5044411,1,SLB
6252,2024-04-16,0.373444,1,CBOE
6253,2024-04-08,0.52252084,1,ETN
6254,2024-05-14,0.5647505,-1,AZO
6255,2024-05-13,0.5264226,-1,LVS
6256,2024-04-26,0.5801505,1,IVZ
6257,2024-05-13,0.5136698,1,JBL
6258,2024-05-07,0.5038929,1,MU
6259,2024-05-10,0.5043746,-1,LH
6260,2024-05-07,0.44425324,1,VZ
6261,2024-05-06,0.29468974,1,MAA
6262,2024-04-25,0.41604847,-1,GOOG
6263,2024-05-02,0.5485475,1,SBUX
6264,2024-04-22,0.42307058,-1,EL
6265,2024-04-08,0.4006486,-1,COF
6266,2024-05-14,0.46870083,1,IR
6267,2024-05-17,0.46368194,-1,EW
6268,2024-04-05,0.35900533,-1,ANSS
6269,2024-05-09,0.51156497,1,MSFT
6270,2024-05-15,0.5166998,1,ISRG
6271,2024-05-21,0.55394167,-1,INTC
6272,2024-05-21,0.31129417,-1,DXCM
6273,2024-05-13,0.5035196,1,ABBV
6274,2024-04-17,0.59600294,1,SYK
6275,2024-05-15,0.6671804,-1,AMCR
6276,2024-04-25,0.3861436,1,ROL
6277,2024-05-21,0.5769624,-1,JCI
6278,2024-04-19,0.6925421,1,EMR
6279,2024-04-02,0.40715212,-1,BDX
6280,2024-03-28,0.26559126,-1,MCD
6281,2024-05-14,0.4151288,-1,ZTS
6282,2024-04-02,0.4745469,-1,COF
6283,2024-04-03,0.608213,1,WDC
6284,2024-05-01,0.4852568,1,ZBRA
6285,2024-04-19,0.40445796,1,FITB
6286,2024-05-01,0.47369358,1,GM
6287,2024-04-26,0.25093725,1,GL
6288,2024-05-21,0.49132845,-1,ADM
6289,2024-05-06,0.4255115,-1,O
6290,2024-04-03,0.81940436,-1,SMCI
6291,2024-04-16,0.58265233,1,DFS
6292,2024-05-02,0.50616616,1,DD
6293,2024-05-07,0.48549804,1,CTAS
6294,2024-04-08,0.465579,-1,D
6295,2024-03-28,0.4556517,1,APH
6296,2024-05-08,0.4161465,1,TROW
6297,2024-05-23,0.5074027,-1,BLDR
6298,2024-04-29,0.66199934,1,WY
6299,2024-04-18,0.4397748,-1,BEN
6300,2024-05-22,0.4413995,1,TPR
6301,2024-05-10,0.55380416,1,IT
6302,2024-04-19,0.4456538,1,MLM
6303,2024-04-17,0.68285096,1,HWM
6304,2024-04-10,0.45087305,-1,OKE
6305,2024-05-01,0.22532402,1,ALL
6306,2024-05-15,0.51212436,-1,ANET
6307,2024-04-09,0.6051826,-1,FMC
6308,2024-04-04,0.2946211,-1,CAH
6309,2024-05-08,0.4712945,1,MRK
6310,2024-04-15,0.53012395,-1,SLB
6311,2024-05-03,0.43027893,1,BKR
6312,2024-04-16,0.65701634,1,F
6313,2024-05-10,0.6244041,1,STT
6314,2024-04-24,0.50062853,1,DAL
6315,2024-05-09,0.6074396,1,DAY
6316,2024-05-10,0.59130985,1,ROK
6317,2024-04-03,0.35003018,1,RVTY
6318,2024-04-26,0.39401463,-1,DVN
6319,2024-05-08,0.38353783,1,HCA
6320,2024-04-11,0.46522805,1,CME
6321,2024-05-07,0.5114258,1,TEL
6322,2024-04-16,0.58091,1,GM
6323,2024-05-02,0.4485039,-1,EQT
6324,2024-05-22,0.45825124,1,ED
6325,2024-05-14,0.518423,1,LMT
6326,2024-05-22,0.45688814,-1,FDS
6327,2024-05-01,0.5068948,1,APTV
6328,2024-05-01,0.4271134,1,JPM
6329,2024-04-16,0.470021,-1,MRO
6330,2024-04-18,0.5071691,1,GIS
6331,2024-05-06,0.4679598,1,LOW
6332,2024-05-22,0.6569715,-1,DXCM
6333,2024-05-03,0.620654,1,PCAR
6334,2024-05-21,0.61061907,-1,VMC
6335,2024-05-09,0.36845216,1,EA
6336,2024-04-23,0.51282495,-1,ETN
6337,2024-04-24,0.59668577,-1,SBAC
6338,2024-05-07,0.3901102,1,ANSS
6339,2024-05-21,0.49611244,-1,PFE
6340,2024-03-28,0.50147295,-1,LKQ
6341,2024-05-23,0.5557793,-1,FSLR
6342,2024-05-09,0.5887093,1,KEY
6343,2024-05-23,0.33343115,-1,AME
6344,2024-05-17,0.50288826,1,CDNS
6345,2024-05-17,0.4119862,-1,KEY
6346,2024-05-15,0.55340457,1,CEG
6347,2024-04-11,0.41599643,1,BRO
6348,2024-03-28,0.41065207,1,OKE
6349,2024-04-04,0.75799555,1,MPWR
6350,2024-05-20,0.25535485,-1,SMCI
6351,2024-05-09,0.4946359,-1,DIS
6352,2024-04-09,0.5310034,-1,CPT
6353,2024-05-02,0.48275843,1,STT
6354,2024-04-26,0.44859186,-1,KHC
6355,2024-03-28,0.5867389,-1,IDXX
6356,2024-05-14,0.6389909,-1,GS
6357,2024-04-05,0.48052216,-1,ACGL
6358,2024-04-26,0.57555884,-1,CDW
6359,2024-05-03,0.4859381,1,ACN
6360,2024-04-24,0.42272618,1,FSLR
6361,2024-04-24,0.4282052,-1,HUBB
6362,2024-05-03,0.54267204,-1,ORLY
6363,2024-04-09,0.8159983,-1,CRWD
6364,2024-05-09,0.69340163,1,ARE
6365,2024-04-23,0.49313727,1,CL
6366,2024-04-24,0.4644259,-1,FANG
6367,2024-05-06,0.43498582,1,SCHW
6368,2024-04-09,0.49569944,-1,WRB
6369,2024-04-16,0.6633771,1,LUV
6370,2024-05-23,0.5109687,-1,CSGP
6371,2024-04-19,0.42805836,1,ANET
6372,2024-05-09,0.57497793,1,FRT
6373,2024-04-10,0.4732037,-1,CEG
6374,2024-04-22,0.29098213,1,HES
6375,2024-05-07,0.49913496,1,CHRW
6376,2024-04-30,0.5474787,1,PGR
6377,2024-04-25,0.6202463,-1,ELV
6378,2024-05-08,0.5634348,-1,ALLE
6379,2024-05-10,0.5435286,-1,V
6380,2024-05-01,0.5195137,-1,AEE
6381,2024-03-28,0.30310538,1,INTU
6382,2024-04-19,0.5243755,1,RTX
6383,2024-05-06,0.559824,-1,WST
6384,2024-04-09,0.5474254,-1,RL
6385,2024-04-08,0.5375419,-1,EA
6386,2024-04-15,0.502895,-1,MRO
6387,2024-04-12,0.55570316,-1,MTD
6388,2024-04-25,0.478226,-1,WMB
6389,2024-05-01,0.46464708,1,PEP
6390,2024-04-03,0.34743366,1,BG
6391,2024-04-18,0.44495246,1,LHX
6392,2024-05-15,0.48382816,-1,K
6393,2024-05-07,0.44621447,1,LIN
6394,2024-04-10,0.41387224,-1,PLD
6395,2024-05-06,0.5660656,1,MET
6396,2024-05-01,0.4688899,-1,ODFL
6397,2024-04-23,0.48630232,-1,INTU
6398,2024-04-02,0.57285875,-1,DD
6399,2024-04-10,0.4348201,-1,NUE
6400,2024-05-23,0.5324813,1,AON
6401,2024-05-23,0.5318055,1,TJX
6402,2024-04-03,0.028787812,1,MSCI
6403,2024-05-21,0.54102516,-1,LMT
6404,2024-04-24,0.6263165,-1,UNP
6405,2024-05-10,0.39468065,1,RVTY
6406,2024-05-07,0.41294375,1,MAA
6407,2024-04-10,0.47091153,-1,V
6408,2024-04-19,0.4241614,1,UHS
6409,2024-05-13,0.5224013,1,EXC
6410,2024-04-25,0.47195396,-1,MRO
6411,2024-05-17,0.37617585,-1,GOOG
6412,2024-04-10,0.30417076,1,SBUX
6413,2024-04-08,0.34579355,-1,EL
6414,2024-04-03,0.48947337,1,CPAY
6415,2024-04-16,0.22156098,-1,VZ
6416,2024-05-02,0.43640465,-1,DLR
6417,2024-04-17,0.7906768,1,AWK
6418,2024-05-21,0.3825832,-1,WST
6419,2024-04-12,0.3914215,-1,TMO
6420,2024-04-10,0.5418129,-1,FCX
6421,2024-04-29,0.5588156,1,VRSK
6422,2024-04-25,0.4897653,-1,LUV
6423,2024-05-06,0.53467184,1,CB
6424,2024-04-16,0.5124043,1,BRO
6425,2024-04-05,0.46508145,-1,ROL
6426,2024-05-02,0.4937006,1,SWK
6427,2024-04-19,0.50109893,1,DRI
6428,2024-04-04,0.5053089,-1,GD
6429,2024-05-02,0.32805166,1,BKNG
6430,2024-05-22,0.26265284,1,ENPH
6431,2024-04-01,0.38668275,1,ABNB
6432,2024-04-02,0.5161891,-1,PH
6433,2024-04-11,0.49882552,-1,AOS
6434,2024-04-12,0.4825076,-1,DVN
6435,2024-04-03,0.4355197,-1,NOC
6436,2024-04-10,0.52469945,-1,BEN
6437,2024-04-22,0.44587868,-1,FI
6438,2024-04-11,0.32804617,1,KMI
6439,2024-03-28,0.48307234,-1,BAC
6440,2024-04-25,0.26570523,-1,C
6441,2024-04-19,0.44827044,1,PTC
6442,2024-04-24,0.39231625,-1,SLB
6443,2024-04-23,0.56840956,-1,ODFL
6444,2024-05-22,0.4907376,-1,DHR
6445,2024-04-23,0.48706174,1,AWK
6446,2024-04-01,0.5259886,-1,AMGN
6447,2024-04-09,0.5298592,-1,HD
6448,2024-04-19,0.35068503,1,GLW
6449,2024-05-03,0.48502824,1,OKE
6450,2024-05-10,0.45540312,1,BIO
6451,2024-05-09,0.38178828,-1,CTLT
6452,2024-04-15,0.3597957,1,SYY
6453,2024-04-17,0.4419722,1,FE
6454,2024-04-25,0.5149808,-1,BK
6455,2024-04-29,0.556481,1,BMY
6456,2024-04-09,0.5387369,-1,J
6457,2024-05-17,0.41525847,-1,MTD
6458,2024-05-02,0.61016667,1,CAH
6459,2024-05-07,0.25456816,1,FRT
6460,2024-04-19,0.46140525,-1,CB
6461,2024-04-09,0.39789182,-1,LULU
6462,2024-05-15,0.5818917,-1,SYK
6463,2024-04-17,0.63946354,-1,EQIX
6464,2024-05-03,0.47049472,1,AOS
6465,2024-04-12,0.48831227,1,PGR
6466,2024-04-19,0.46756744,1,CMG
6467,2024-04-10,0.42672336,-1,TFX
6468,2024-05-21,0.5824418,-1,CFG
6469,2024-05-16,0.4228234,-1,AES
6470,2024-04-16,0.42714548,-1,MPC
6471,2024-05-07,0.5658299,1,UNH
6472,2024-04-15,0.34595743,1,MSI
6473,2024-04-26,0.46490827,1,PPG
6474,2024-04-02,0.45110062,-1,FITB
6475,2024-04-11,0.3321842,-1,TJX
6476,2024-03-28,0.4146186,1,MA
6477,2024-04-08,0.64932424,-1,APA
6478,2024-04-09,0.5485326,1,NKE
6479,2024-04-12,0.52427393,1,ACN
6480,2024-05-08,0.29296935,1,ELV
6481,2024-05-01,0.55755776,1,PFE
6482,2024-04-19,0.46674594,-1,CDNS
6483,2024-04-16,0.33939332,1,CMI
6484,2024-05-22,0.50369626,1,SRE
6485,2024-05-14,0.5909436,1,WRB
6486,2024-04-08,0.5425481,-1,MMM
6487,2024-04-10,0.604915,-1,AIG
6488,2024-04-24,0.3731674,-1,TAP
6489,2024-04-09,0.14212392,-1,LEN
6490,2024-04-29,0.3528371,1,ROK
6491,2024-05-22,0.58776706,1,NVDA
6492,2024-04-12,0.6303034,1,VICI
6493,2024-04-23,0.5651884,1,PNW
6494,2024-04-29,0.62081695,1,MTD
6495,2024-04-08,0.41796508,-1,F
6496,2024-05-17,0.21212028,1,FOXA
6497,2024-05-17,0.4269233,-1,ES
6498,2024-05-21,0.5353278,-1,MPC
6499,2024-04-12,0.4125677,-1,CMG
6500,2024-04-09,0.6667783,-1,TDY
6501,2024-04-02,0.30154198,1,LMT
6502,2024-05-01,0.5182028,1,ORCL
6503,2024-04-05,0.26031947,-1,GPC
6504,2024-05-02,0.4946898,1,CAG
6505,2024-04-02,0.514335,-1,SRE
6506,2024-05-14,0.466398,1,HUM
6507,2024-04-18,0.46818644,-1,SLB
6508,2024-04-15,0.40406153,1,NWSA
6509,2024-04-22,0.5478288,-1,AAL
6510,2024-04-15,0.64919055,-1,PODD
6511,2024-05-03,0.49456525,1,FI
6512,2024-04-18,0.5378802,-1,LIN
6513,2024-04-23,0.4235786,-1,CPAY
6514,2024-04-24,0.5654429,-1,MRK
6515,2024-05-22,0.7009091,1,CINF
6516,2024-04-02,0.5116537,-1,NVDA
6517,2024-05-15,0.31681913,1,IP
6518,2024-05-06,0.5712471,-1,AMZN
6519,2024-04-18,0.51071763,-1,NVR
6520,2024-05-21,0.5056793,-1,HSIC
6521,2024-04-12,0.5458917,1,CNC
6522,2024-04-02,0.50140387,-1,RL
6523,2024-05-01,0.5465623,1,AVB
6524,2024-04-08,0.4002331,-1,RCL
6525,2024-05-03,0.5837225,1,KIM
6526,2024-05-21,0.59562975,-1,EIX
6527,2024-05-14,0.62833023,-1,MAS
6528,2024-05-16,0.5310596,-1,LVS
6529,2024-04-15,0.4064382,1,CARR
6530,2024-05-08,0.49179554,1,JNPR
6531,2024-04-12,0.40393585,-1,NXPI
6532,2024-05-08,0.5148091,-1,FOXA
6533,2024-04-12,0.572594,1,VRTX
6534,2024-04-02,0.4301633,-1,MDT
6535,2024-05-08,0.5490734,1,CNP
6536,2024-05-14,0.61936176,-1,CBRE
6537,2024-05-20,0.5433453,-1,NXPI
6538,2024-05-08,0.36837682,-1,CNC
6539,2024-05-06,0.46066117,1,CL
6540,2024-04-02,0.4283097,-1,DIS
6541,2024-04-04,0.50203604,-1,ETR
6542,2024-04-10,0.53122765,-1,BLK
6543,2024-04-24,0.3764667,1,NFLX
6544,2024-05-06,0.34861234,1,AFL
6545,2024-05-23,0.50941086,1,RCL
6546,2024-05-07,0.17282411,-1,IFF
6547,2024-04-19,0.61820227,1,APD
6548,2024-04-29,0.52521294,1,ORCL
6549,2024-05-06,0.51962274,1,CMI
6550,2024-04-18,0.28717986,1,GNRC
6551,2024-04-08,0.46231756,-1,AMAT
6552,2024-04-26,0.5375586,1,MTCH
6553,2024-05-09,0.5986813,-1,LRCX
6554,2024-05-09,0.4960226,1,LW
6555,2024-05-22,0.51761097,1,HUM
6556,2024-05-21,0.56440604,-1,IFF
6557,2024-04-10,0.44374225,1,BG
6558,2024-05-02,0.52624404,-1,HOLX
6559,2024-05-02,0.62245554,1,FFIV
6560,2024-05-03,0.38895437,1,SO
6561,2024-05-10,0.5971107,1,EXPD
6562,2024-04-16,0.40062296,1,GEHC
6563,2024-04-19,0.33256775,1,SRE
6564,2024-04-22,0.42967218,1,SMCI
6565,2024-04-29,0.63367516,1,BKNG
6566,2024-04-15,0.36108044,1,AXP
6567,2024-04-29,0.26501483,1,ROP
6568,2024-05-10,0.5105212,1,RMD
6569,2024-05-15,0.33497718,-1,GPN
6570,2024-04-03,0.28221315,1,NEE
6571,2024-04-02,0.5755106,-1,LUV
6572,2024-04-16,0.39915344,1,GPC
6573,2024-05-02,0.37506986,1,SBAC
6574,2024-04-19,0.4143265,-1,JBHT
6575,2024-04-29,0.41955307,1,MRNA
6576,2024-04-24,0.3186412,-1,AXP
6577,2024-04-29,0.47158316,-1,HAS
6578,2024-04-26,0.3626684,-1,CCL
6579,2024-03-28,0.4673769,-1,AJG
6580,2024-04-03,0.5126877,-1,MMC
6581,2024-04-08,0.56207997,-1,WMB
6582,2024-05-14,0.46711716,1,AAPL
6583,2024-04-01,0.52766716,1,DVN
6584,2024-05-13,0.48202932,1,WDC
6585,2024-05-23,0.43762013,-1,CFG
6586,2024-05-20,0.57183295,-1,PAYC
6587,2024-04-15,0.4957995,1,FOXA
6588,2024-04-17,0.3746929,1,NDAQ
6589,2024-04-19,0.60444874,1,AEP
6590,2024-04-18,0.27867353,-1,LMT
6591,2024-05-10,0.4080099,1,MPWR
6592,2024-04-15,0.54302204,-1,INTC
6593,2024-04-25,0.6002204,-1,LHX
6594,2024-05-06,0.33665487,1,CPT
6595,2024-04-29,0.54375595,1,KMX
6596,2024-05-16,0.26094645,-1,TMO
6597,2024-04-17,0.58568615,1,ALL
6598,2024-04-10,0.5319472,-1,ADBE
6599,2024-03-28,0.34463456,-1,YUM
6600,2024-05-10,0.5120142,1,FTNT
6601,2024-04-11,0.22284672,-1,DGX
6602,2024-04-17,0.5665422,1,L
6603,2024-05-23,0.7093416,-1,SNA
6604,2024-04-02,0.4885033,-1,GL
6605,2024-05-16,0.43984592,1,CDNS
6606,2024-05-22,0.49451727,-1,IBM
6607,2024-04-26,0.4327367,1,ROL
6608,2024-05-16,0.4962203,-1,ACN
6609,2024-05-03,0.54982424,1,SWKS
6610,2024-04-17,0.18629041,-1,NOW
6611,2024-04-30,0.41357124,1,KVUE
6612,2024-05-15,0.5177394,-1,ORLY
6613,2024-04-11,0.4193624,-1,ROP
6614,2024-04-19,0.48355356,-1,LOW
6615,2024-04-01,0.5744834,1,D
6616,2024-05-13,0.4941559,-1,WYNN
6617,2024-04-09,0.57587487,-1,DOV
6618,2024-04-18,0.495605,1,TER
6619,2024-05-03,0.47781307,1,GOOGL
6620,2024-04-10,0.5172606,-1,WRB
6621,2024-04-17,0.5125449,-1,DLTR
6622,2024-04-09,0.52635235,-1,WBD
6623,2024-04-04,0.27653083,-1,PARA
6624,2024-04-18,0.44498256,-1,GPC
6625,2024-04-05,0.44136772,-1,NTAP
6626,2024-04-12,0.48571393,-1,JKHY
6627,2024-04-09,0.42316553,-1,K
6628,2024-05-07,0.44977692,-1,ADM
6629,2024-04-11,0.49840406,-1,CSGP
6630,2024-04-02,0.48107708,-1,TYL
6631,2024-05-23,0.42362472,-1,AOS
6632,2024-05-07,0.4970086,1,PWR
6633,2024-05-09,0.3204354,1,PLD
6634,2024-05-02,0.50270516,1,TRMB
6635,2024-04-08,0.5084239,-1,CPAY
6636,2024-05-09,0.51561445,1,JNJ
6637,2024-04-02,0.2014406,-1,PM
6638,2024-04-24,0.43580154,-1,APA
6639,2024-04-15,0.5973594,-1,JNPR
6640,2024-05-08,0.4501386,-1,HES
6641,2024-05-16,0.18088906,-1,LKQ
6642,2024-04-29,0.47223103,1,WM
6643,2024-04-08,0.5638949,-1,SO
6644,2024-04-15,0.47467464,1,AZO
6645,2024-04-25,0.36768478,1,FOXA
6646,2024-04-05,0.56610644,-1,HSIC
6647,2024-04-03,0.49263993,1,CAT
6648,2024-05-15,0.5354453,-1,WAT
6649,2024-04-26,0.5389142,1,POOL
6650,2024-04-15,0.44245616,1,TDY
6651,2024-04-01,0.5010124,1,NKE
6652,2024-04-17,0.43562177,-1,LKQ
6653,2024-05-06,0.41696295,1,EIX
6654,2024-05-03,0.46842006,1,V
6655,2024-03-28,0.47847623,1,ETSY
6656,2024-04-11,0.3450092,-1,CTLT
6657,2024-04-22,0.60260683,-1,NOW
6658,2024-05-09,0.3737114,1,ECL
6659,2024-05-13,0.5841322,1,BA
6660,2024-04-15,0.4630369,1,BAC
6661,2024-05-10,0.6033842,1,DVA
6662,2024-04-30,0.30839625,1,BK
6663,2024-05-02,0.5205278,1,BWA
6664,2024-04-01,0.40989545,1,ODFL
6665,2024-04-04,0.35598463,-1,BDX
6666,2024-05-07,0.5546007,1,ALLE
6667,2024-04-18,0.47484264,1,GLW
6668,2024-05-23,0.5779615,-1,STX
6669,2024-05-13,0.43518248,-1,BEN
6670,2024-05-21,0.4576496,-1,UAL
6671,2024-04-10,0.4718219,-1,FTNT
6672,2024-04-10,0.29141384,1,UAL
6673,2024-05-13,0.42804897,-1,RSG
6674,2024-04-18,0.5586332,-1,CHTR
6675,2024-03-28,0.39978603,-1,IPG
6676,2024-05-10,0.064869605,1,PODD
6677,2024-04-26,0.5229916,1,DTE
6678,2024-04-10,0.3796265,-1,HD
6679,2024-04-15,0.5347104,-1,WYNN
6680,2024-05-16,0.4378673,-1,DAY
6681,2024-04-01,0.5133693,1,LNT
6682,2024-05-08,0.47523627,1,DHR
6683,2024-04-26,0.66008484,1,PANW
6684,2024-04-25,0.07260211,1,PAYX
6685,2024-04-11,0.40412453,1,AAL
6686,2024-05-17,0.5254271,-1,SBAC
6687,2024-05-02,0.59505415,1,CCI
6688,2024-05-06,0.513737,1,SWK
6689,2024-04-29,0.56513256,1,AIZ
6690,2024-04-26,0.389355,1,TDG
6691,2024-04-02,0.5683703,1,PODD
6692,2024-04-05,0.42401096,-1,CI
6693,2024-05-16,0.59406424,-1,ALLE
6694,2024-04-22,0.78413177,1,UNP
6695,2024-04-09,0.6947726,-1,KEYS
6696,2024-05-15,0.52633345,-1,PCG
6697,2024-05-20,0.40110314,-1,EQIX
6698,2024-04-17,0.32751256,1,AKAM
6699,2024-04-25,0.49518713,-1,EMR
6700,2024-04-25,0.3491783,1,MMC
6701,2024-05-06,0.41739303,1,AWK
6702,2024-04-19,0.456192,1,DE
6703,2024-05-22,0.024944846,-1,GIS
6704,2024-05-20,0.58225924,-1,CVS
6705,2024-04-30,0.6771455,1,TECH
6706,2024-05-15,0.5060594,-1,SJM
6707,2024-04-03,0.4583834,-1,SNPS
6708,2024-04-12,0.5151178,1,WTW
6709,2024-04-29,0.5588467,1,SPGI
6710,2024-04-16,0.55347514,1,AEP
6711,2024-04-05,0.2665992,-1,UHS
6712,2024-04-22,0.4847509,-1,AIZ
6713,2024-05-15,0.46388513,-1,WMB
6714,2024-05-14,0.4266862,1,ECL
6715,2024-04-25,0.5646124,1,COST
6716,2024-04-09,0.24464959,-1,BMY
6717,2024-04-10,0.5654434,-1,HRL
6718,2024-04-26,0.4303023,-1,IRM
6719,2024-05-22,0.42925212,-1,EMR
6720,2024-04-19,0.41733208,1,TRGP
6721,2024-04-15,0.46796462,-1,IVZ
6722,2024-05-23,0.24559398,-1,CEG
6723,2024-05-17,0.49597162,-1,FITB
6724,2024-05-20,0.4798156,1,MU
6725,2024-04-25,0.4617529,-1,TFX
6726,2024-05-14,0.4789481,-1,BMY
6727,2024-04-19,0.35303333,-1,PAYX
6728,2024-05-20,0.4719757,-1,HWM
6729,2024-04-05,0.64473796,-1,PSA
6730,2024-04-30,0.43590337,-1,COR
6731,2024-05-21,0.54379684,-1,PCG
6732,2024-04-12,0.02119103,1,NWS
6733,2024-05-03,0.32451558,1,IDXX
6734,2024-04-18,0.49535638,1,GE
6735,2024-05-16,0.42083257,-1,MHK
6736,2024-04-04,0.31593665,-1,BSX
6737,2024-05-02,0.4483181,1,JPM
6738,2024-03-28,0.5330526,-1,GL
6739,2024-04-23,0.44935077,-1,COST
6740,2024-04-05,0.47850028,-1,FDS
6741,2024-05-06,0.2529639,1,AEE
6742,2024-04-23,0.26236123,1,FRT
6743,2024-04-24,0.5643623,1,PODD
6744,2024-05-13,0.45210144,-1,CMG
6745,2024-04-22,0.3977689,-1,ODFL
6746,2024-04-02,0.6559736,1,PCG
6747,2024-04-08,0.41364455,-1,BALL
6748,2024-04-26,0.57441944,-1,NUE
6749,2024-05-06,0.2875826,-1,ORLY
6750,2024-05-06,0.54419696,1,STE
6751,2024-05-20,0.4310671,-1,AAL
6752,2024-04-11,0.5054435,-1,DOW
6753,2024-04-17,0.46761417,1,CRM
6754,2024-05-03,0.50107104,-1,NDAQ
6755,2024-05-20,0.5279806,-1,ETN
6756,2024-05-17,0.5586349,-1,MSCI
6757,2024-05-17,0.74832636,1,LLY
6758,2024-04-01,0.51238686,-1,UBER
6759,2024-04-26,0.43624097,-1,TMO
6760,2024-05-07,0.41619217,-1,HOLX
6761,2024-04-17,0.53488094,1,KMI
6762,2024-05-03,0.5261428,1,CVS
6763,2024-04-02,0.5403204,-1,VST
6764,2024-04-23,0.39673042,1,EVRG
6765,2024-05-06,0.3123899,1,DFS
6766,2024-04-23,0.62344277,-1,IDXX
6767,2024-04-24,0.42970854,-1,WY
6768,2024-05-14,0.23713237,1,ORCL
6769,2024-04-02,0.072913714,-1,ACN
6770,2024-04-09,0.530045,1,HUM
6771,2024-04-18,0.5093624,1,STE
6772,2024-05-06,0.48299712,-1,CLX
6773,2024-05-20,0.64554995,-1,PNR
6774,2024-05-02,0.6619115,-1,ROK
6775,2024-04-10,0.69436145,-1,DAY
6776,2024-04-11,0.35246098,-1,ESS
6777,2024-05-16,0.5137028,-1,DAL
6778,2024-04-02,0.49763313,1,D
6779,2024-04-09,0.55195576,-1,PFG
6780,2024-04-05,0.37885818,-1,UAL
6781,2024-04-01,0.5364138,-1,LVS
6782,2024-04-09,0.4937229,-1,AXON
6783,2024-04-25,0.38581476,-1,CPAY
6784,2024-05-16,0.2781479,1,ISRG
6785,2024-04-10,0.27216253,1,FE
6786,2024-04-22,0.47471952,1,ETN
6787,2024-05-02,0.53524786,1,COF
6788,2024-04-10,0.56083614,-1,YUM
6789,2024-04-04,0.32252842,-1,CMS
6790,2024-04-19,0.5720812,1,ISRG
6791,2024-05-06,0.6058808,-1,JNPR
6792,2024-04-08,0.5170967,-1,SPGI
6793,2024-04-19,0.34468633,1,LYB
6794,2024-05-08,0.49806154,1,EXC
6795,2024-05-02,0.513101,1,VLTO
6796,2024-05-03,0.44621933,-1,HST
6797,2024-04-04,0.498504,-1,EBAY
6798,2024-05-06,0.47596818,1,ROST
6799,2024-04-15,0.533005,1,CAT
6800,2024-05-23,0.4868009,1,FCX
6801,2024-04-24,0.52326673,-1,BMY
6802,2024-04-19,0.46799654,1,COST
6803,2024-03-28,0.59096265,-1,SBAC
6804,2024-05-07,0.4945136,1,GIS
6805,2024-05-20,0.38017708,-1,CMI
6806,2024-04-11,0.41942608,-1,MCHP
6807,2024-04-11,0.06599,1,NOC
6808,2024-04-05,0.48450476,-1,EXR
6809,2024-04-10,0.45852512,-1,RSG
6810,2024-04-02,0.4895635,1,MSFT
6811,2024-04-26,0.51616716,-1,EW
6812,2024-04-10,0.5497519,-1,GEN
6813,2024-05-16,0.38599494,-1,WRB
6814,2024-04-23,0.39536703,-1,JPM
6815,2024-04-08,0.35596618,-1,CTLT
6816,2024-05-21,0.5522057,1,MU
6817,2024-04-09,0.46335453,-1,GL
6818,2024-05-03,0.4882341,1,META
6819,2024-05-02,0.6813005,1,TROW
6820,2024-05-20,0.6797779,-1,JPM
6821,2024-04-10,0.62012625,-1,EFX
6822,2024-04-26,0.50639606,-1,GM
6823,2024-04-10,0.44140464,-1,HPE
6824,2024-05-20,0.55921984,-1,TDY
6825,2024-04-10,0.4899018,-1,ADSK
6826,2024-04-24,0.1729462,1,ATO
6827,2024-04-08,0.3884465,-1,HII
6828,2024-05-06,0.4885861,-1,PH
6829,2024-04-25,0.10215379,1,AMCR
6830,2024-04-26,0.5034543,1,NTAP
6831,2024-03-28,0.7416834,1,BSX
6832,2024-05-22,0.27038026,-1,KEY
6833,2024-04-25,0.54605883,-1,SWK
6834,2024-05-15,0.39313024,-1,GL
6835,2024-03-28,0.451424,-1,MTCH
6836,2024-04-05,0.4882347,-1,NVDA
6837,2024-05-03,0.51888925,1,ROP
6838,2024-05-13,0.5058606,1,KLAC
6839,2024-05-03,0.5455768,1,RMD
6840,2024-05-08,0.48346686,1,CB
6841,2024-05-10,0.4805474,1,WRB
6842,2024-04-16,0.53993374,1,HD
6843,2024-04-15,0.49343228,1,DVN
6844,2024-04-01,0.500406,1,EMN
6845,2024-04-25,0.40255752,-1,LYB
6846,2024-04-11,0.46544725,1,MCD
6847,2024-04-17,0.3147177,1,ANET
6848,2024-05-16,0.3243873,1,AMP
6849,2024-04-01,0.26389727,-1,IP
6850,2024-05-07,0.5011165,1,PFG
6851,2024-04-04,0.47358188,-1,XOM
6852,2024-05-07,0.59391624,1,NTRS
6853,2024-05-08,0.5553748,1,RF
6854,2024-04-22,0.4869786,-1,ALGN
6855,2024-05-23,0.8191904,-1,SLB
6856,2024-04-17,0.5368824,1,SNA
6857,2024-05-23,0.3879354,1,WYNN
6858,2024-05-10,0.5909564,1,BR
6859,2024-04-24,0.42791012,1,NXPI
6860,2024-04-02,0.4431563,-1,BAC
6861,2024-04-30,0.49506494,1,EMN
6862,2024-05-06,0.49395162,1,TXN
6863,2024-04-03,0.48794407,-1,PWR
6864,2024-04-09,0.77607125,-1,MAA
6865,2024-04-02,0.48950192,-1,AZO
6866,2024-05-02,0.078533754,-1,WST
6867,2024-05-15,0.545676,-1,OXY
6868,2024-05-22,0.4641296,-1,AMAT
6869,2024-05-10,0.43210503,1,DUK
6870,2024-05-22,0.63277143,1,YUM
6871,2024-04-15,0.18923433,1,FE
6872,2024-04-03,0.40402216,1,HAL
6873,2024-04-03,0.53946656,1,IFF
6874,2024-04-18,0.46925256,1,BK
6875,2024-05-21,0.6051251,-1,D
6876,2024-04-16,0.6404097,-1,SHW
6877,2024-05-17,0.56305224,1,LRCX
6878,2024-04-16,0.51083493,1,DHR
6879,2024-05-02,0.6576519,1,LHX
6880,2024-05-16,0.5018015,-1,HON
6881,2024-04-11,0.34697676,-1,ODFL
6882,2024-03-28,0.44464108,1,UPS
6883,2024-05-23,0.40083528,-1,RJF
6884,2024-04-25,0.19077466,-1,APA
6885,2024-05-08,0.47413102,1,WDC
6886,2024-04-18,0.456379,1,SNPS
6887,2024-05-06,0.5034371,-1,CTAS
6888,2024-04-08,0.40669513,-1,BAX
6889,2024-05-02,0.41123825,1,GD
6890,2024-04-24,0.46151894,-1,ODFL
6891,2024-04-08,0.41749462,-1,XYL
6892,2024-04-02,0.42175937,-1,ALB
6893,2024-04-19,0.3832637,1,HAL
6894,2024-04-26,0.554142,-1,HLT
6895,2024-05-13,0.51105124,-1,KDP
6896,2024-04-02,0.49946943,1,AXON
6897,2024-05-01,0.5268731,1,ROL
6898,2024-04-03,0.5492819,1,NTAP
6899,2024-05-03,0.5034885,-1,MGM
6900,2024-05-06,0.39471415,1,CEG
6901,2024-04-19,0.41773295,-1,CAG
6902,2024-05-17,0.6823025,1,TTWO
6903,2024-04-11,0.39618164,-1,DOV
6904,2024-04-12,0.40456283,1,MET
6905,2024-04-15,0.55111665,1,EA
6906,2024-05-16,0.4797751,-1,EPAM
6907,2024-04-10,0.5223604,-1,PODD
6908,2024-05-15,0.44415563,-1,BBY
6909,2024-04-16,0.6377986,-1,ROK
6910,2024-05-08,0.47954828,1,BK
6911,2024-05-22,0.47640762,1,SBUX
6912,2024-05-14,0.5972102,-1,HLT
6913,2024-04-18,0.5098175,1,MPWR
6914,2024-04-26,0.49817702,1,APD
6915,2024-03-28,0.4713706,1,CMG
6916,2024-04-29,0.4529855,1,PARA
6917,2024-05-16,0.2638553,-1,EXC
6918,2024-05-08,0.59766054,1,STT
6919,2024-04-03,0.5320046,1,STZ
6920,2024-05-22,0.22803353,1,AEE
6921,2024-05-15,0.43945792,-1,NWSA
6922,2024-04-17,0.26069698,1,WEC
6923,2024-05-23,0.76900125,-1,EBAY
6924,2024-04-18,0.46616998,1,TJX
6925,2024-04-05,0.39772663,-1,GM
6926,2024-05-07,0.44798857,1,OKE
6927,2024-04-25,0.46004263,-1,HAS
6928,2024-05-20,0.49175596,-1,ON
6929,2024-04-18,0.3144265,-1,FOX
6930,2024-03-28,0.5248326,1,EOG
6931,2024-05-15,0.5342242,-1,BR
6932,2024-05-14,0.54926693,1,GNRC
6933,2024-04-08,0.5134944,-1,PRU
6934,2024-04-16,0.44978085,1,ABT
6935,2024-04-19,0.35943732,-1,COF
6936,2024-04-19,0.2312356,1,HES
6937,2024-05-16,0.28320825,-1,DTE
6938,2024-05-16,0.37843445,-1,FE
6939,2024-04-24,0.35979015,1,K
6940,2024-05-06,0.47097698,1,WBD
6941,2024-05-06,0.37256533,1,EVRG
6942,2024-05-07,0.52795565,-1,COR
6943,2024-04-26,0.54734814,1,BIO
6944,2024-05-03,0.28026527,-1,TTWO
6945,2024-04-01,0.45012042,-1,BBWI
6946,2024-04-04,0.49175337,1,FANG
6947,2024-04-09,0.4795155,-1,NXPI
6948,2024-05-01,0.5164329,1,AMT
6949,2024-04-01,0.24055587,1,DXCM
6950,2024-05-22,0.46147224,1,DGX
6951,2024-04-17,0.41966978,1,MPWR
6952,2024-05-06,0.4579114,1,RJF
6953,2024-04-25,0.43181548,-1,PNR
6954,2024-05-16,0.3600417,-1,TEL
6955,2024-04-09,0.40675443,-1,MA
6956,2024-05-10,0.47391903,1,PANW
6957,2024-04-22,0.59614384,1,SWKS
6958,2024-04-01,0.531465,-1,MA
6959,2024-05-14,0.3514154,1,BG
6960,2024-04-25,0.42779747,1,DOC
6961,2024-04-29,0.24389295,1,MSI
6962,2024-04-12,0.44617218,-1,GILD
6963,2024-05-09,0.5534546,1,NKE
6964,2024-05-23,0.33683187,1,LMT
6965,2024-05-21,0.51478136,-1,MPWR
6966,2024-04-24,0.42859322,1,CTVA
6967,2024-05-14,0.43670478,-1,LULU
6968,2024-04-01,0.53483456,1,NI
6969,2024-05-07,0.5483537,1,RL
6970,2024-04-26,0.12151013,-1,CSX
6971,2024-04-15,0.44821557,-1,LIN
6972,2024-04-11,0.45999858,-1,AAPL
6973,2024-04-16,0.4172209,-1,ORLY
6974,2024-05-23,0.30117345,-1,CPB
6975,2024-05-07,0.35284007,1,DVA
6976,2024-04-05,0.4594128,-1,ED
6977,2024-04-01,0.4611799,1,SCHW
6978,2024-04-08,0.60084623,-1,ZTS
6979,2024-05-06,0.55647284,1,FI
6980,2024-04-18,0.5624799,-1,NUE
6981,2024-04-03,0.50858545,-1,PGR
6982,2024-05-15,0.49611413,-1,PANW
6983,2024-04-30,0.47603506,1,PPG
6984,2024-05-03,0.5354735,1,HWM
6985,2024-04-10,0.45632982,-1,AMZN
6986,2024-05-02,0.26878825,1,PFG
6987,2024-04-26,0.6619365,1,BK
6988,2024-04-23,0.4617524,1,VLTO
6989,2024-04-18,0.41956866,1,SPG
6990,2024-05-14,0.5242976,-1,ABNB
6991,2024-05-08,0.6358145,-1,SPG
6992,2024-05-17,0.107947595,1,STLD
6993,2024-05-01,0.38936767,1,NDAQ
6994,2024-04-29,0.5828995,1,SLB
6995,2024-05-08,0.42495126,1,PPL
6996,2024-04-18,0.32275006,-1,KVUE
6997,2024-04-04,0.77559966,-1,KVUE
6998,2024-04-04,0.45397997,-1,EXC
6999,2024-04-29,0.56848484,1,DOC
7000,2024-05-14,0.5345415,1,CME
7001,2024-03-28,0.48987585,1,DOC
7002,2024-05-02,0.5546601,1,HUM
7003,2024-04-22,0.43313193,1,LLY
7004,2024-04-08,0.2813326,-1,CHTR
7005,2024-05-15,0.61514115,-1,IEX
7006,2024-04-26,0.31578687,-1,GIS
7007,2024-04-19,0.46180665,1,TT
7008,2024-04-05,0.48686564,-1,SBUX
7009,2024-04-10,0.6148789,-1,TTWO
7010,2024-04-03,0.44179606,1,TECH
7011,2024-05-20,0.6153829,-1,FMC
7012,2024-04-01,0.46997976,1,HOLX
7013,2024-04-02,0.7184338,-1,CNC
7014,2024-05-16,0.45756212,1,JBL
7015,2024-05-02,0.55067796,1,MRK
7016,2024-04-26,0.49282566,1,WEC
7017,2024-05-07,0.5079059,1,DOC
7018,2024-04-10,0.50972295,-1,DLR
7019,2024-05-01,0.41375774,1,VLO
7020,2024-05-13,0.5563525,-1,NUE
7021,2024-05-08,0.5901272,1,MHK
7022,2024-05-17,0.61532015,-1,ARE
7023,2024-05-02,0.4691577,1,BSX
7024,2024-04-25,0.5153016,-1,LULU
7025,2024-04-19,0.41708767,1,PEG
7026,2024-04-08,0.4265576,-1,MLM
7027,2024-05-08,0.46535262,-1,GPN
7028,2024-04-04,0.45745713,-1,ALL
7029,2024-05-22,0.4635343,-1,GOOG
7030,2024-05-02,0.42974135,1,DVA
7031,2024-05-02,0.5688605,-1,WBA
7032,2024-04-16,0.34392858,-1,MU
7033,2024-05-13,0.5639595,1,MCHP
7034,2024-05-09,0.6261418,-1,VRSN
7035,2024-04-25,0.44382277,-1,IBM
7036,2024-04-19,0.49226937,1,VST
7037,2024-04-22,0.5335976,-1,PH
7038,2024-05-10,0.50142604,1,NTAP
7039,2024-05-03,0.5130071,1,MA
7040,2024-04-12,0.4131392,-1,CRWD
7041,2024-04-23,0.20040546,-1,ISRG
7042,2024-05-03,0.36477095,1,PEP
7043,2024-05-03,0.5913447,1,MOH
7044,2024-05-16,0.56785756,-1,LHX
7045,2024-04-17,0.36928236,1,HAL
7046,2024-04-22,0.5554404,-1,C
7047,2024-05-02,0.5506041,1,MU
7048,2024-04-01,0.50802904,-1,RSG
7049,2024-04-02,0.70770395,1,ESS
7050,2024-04-02,0.5701145,-1,APD
7051,2024-04-22,0.4910611,1,T
7052,2024-05-20,0.42631,-1,RF
7053,2024-05-07,0.7237252,-1,GL
7054,2024-05-15,0.54536587,-1,MDLZ
7055,2024-05-13,0.5376349,1,PNR
7056,2024-05-16,0.43136677,1,QCOM
7057,2024-04-04,0.61152536,-1,FCX
7058,2024-04-11,0.5892398,1,TMUS
7059,2024-04-02,0.5018397,1,EBAY
7060,2024-04-22,0.70628804,-1,CTSH
7061,2024-04-26,0.4793088,-1,STZ
7062,2024-04-29,0.72507167,1,CTSH
7063,2024-05-10,0.4626056,1,CNP
7064,2024-04-19,0.52475077,-1,CTSH
7065,2024-04-15,0.50989765,1,BXP
7066,2024-05-15,0.46274933,-1,DIS
7067,2024-05-17,0.55681026,-1,ADBE
7068,2024-05-06,0.59545475,-1,LKQ
7069,2024-03-28,0.42920235,-1,IT
7070,2024-04-09,0.61799496,-1,ESS
7071,2024-04-11,0.50569284,-1,EXR
7072,2024-04-01,0.44799873,1,COP
7073,2024-03-28,0.3277869,1,NEE
7074,2024-05-10,0.552082,1,ABBV
7075,2024-04-03,0.28806505,1,FRT
7076,2024-04-03,0.48118222,1,DLR
7077,2024-05-02,0.115659975,1,TYL
7078,2024-05-01,0.17475148,-1,MGM
7079,2024-04-30,0.5782338,1,BXP
7080,2024-05-21,0.54174453,-1,AMAT
7081,2024-04-01,0.47433227,-1,AEP
7082,2024-05-08,0.4807649,1,DFS
7083,2024-04-11,0.50450414,1,HIG
7084,2024-04-04,0.49816862,-1,NOW
7085,2024-04-02,0.4868839,-1,MAS
7086,2024-04-22,0.4452206,1,EIX
7087,2024-04-19,0.3328351,-1,HIG
7088,2024-04-25,0.530536,1,AAPL
7089,2024-04-08,0.25633144,-1,WY
7090,2024-04-02,0.55773723,1,MKTX
7091,2024-04-11,0.2495662,-1,BALL
7092,2024-04-25,0.5604643,1,AWK
7093,2024-04-12,0.58024865,1,HSIC
7094,2024-04-02,0.54299223,-1,MU
7095,2024-05-08,0.55691546,1,FFIV
7096,2024-04-09,0.70577985,-1,KIM
7097,2024-04-05,0.5610842,-1,XEL
7098,2024-05-21,0.49883112,-1,CSGP
7099,2024-04-30,0.52663165,1,HSY
7100,2024-04-03,0.4781118,-1,TPR
7101,2024-04-17,0.52717286,-1,TEL
7102,2024-04-19,0.56113505,-1,FDX
7103,2024-04-10,0.5978076,1,MMC
7104,2024-04-24,0.20288728,1,RF
7105,2024-04-30,0.49219802,-1,ES
7106,2024-04-02,0.5540344,1,HAL
7107,2024-05-17,0.49080932,-1,AEP
7108,2024-03-28,0.4446995,1,FOX
7109,2024-04-19,0.49975225,-1,COO
7110,2024-04-10,0.55436945,1,MCD
7111,2024-05-14,0.44454667,-1,AVB
7112,2024-05-10,0.59360313,1,PEG
7113,2024-05-10,0.08848692,1,FIS
7114,2024-05-17,0.02981217,-1,LYB
7115,2024-04-18,0.47746807,1,IRM
7116,2024-03-28,0.54414415,1,PODD
7117,2024-04-02,0.5550408,-1,LEN
7118,2024-04-26,0.4060052,-1,BKR
7119,2024-05-15,0.62381476,1,LRCX
7120,2024-04-18,0.3336653,-1,ALLE
7121,2024-04-24,0.5109492,1,TRMB
7122,2024-04-09,0.43459812,-1,BRO
7123,2024-05-20,0.68889046,-1,T
7124,2024-05-14,0.2642671,-1,CAH
7125,2024-04-12,0.52383715,1,CTAS
7126,2024-05-10,0.38363722,-1,FANG
7127,2024-04-08,0.5564405,-1,LYB
7128,2024-05-02,0.5320412,1,EBAY
7129,2024-05-21,0.53658116,1,NWS
7130,2024-04-03,0.5039308,1,PH
7131,2024-04-22,0.46664652,-1,DVN
7132,2024-04-18,0.113001525,1,BALL
7133,2024-03-28,0.47231954,1,BG
7134,2024-04-19,0.45234427,1,STZ
7135,2024-05-01,0.40387952,1,MRO
7136,2024-04-10,0.29173553,-1,JBL
7137,2024-04-18,0.22501077,-1,ROP
7138,2024-05-13,0.31008852,1,TTWO
7139,2024-04-29,0.42894977,1,MCHP
7140,2024-05-23,0.3418921,-1,PH
7141,2024-04-11,0.44825348,1,TSCO
7142,2024-04-26,0.5677142,1,KIM
7143,2024-05-20,0.49616054,-1,IR
7144,2024-05-17,0.5046983,-1,ABBV
7145,2024-04-17,0.28521064,1,LRCX
7146,2024-04-05,0.48888046,-1,PAYX
7147,2024-05-02,0.48035946,1,SO
7148,2024-04-11,0.43432406,-1,DIS
7149,2024-04-30,0.38087046,1,CNC
7150,2024-04-09,0.4653423,-1,WYNN
7151,2024-04-26,0.4818391,1,CCI
7152,2024-05-13,0.41757014,1,MSI
7153,2024-04-02,0.43553048,1,COP
7154,2024-05-02,0.47567537,-1,CE
7155,2024-05-10,0.68709016,1,ADBE
7156,2024-04-24,0.80170155,1,LKQ
7157,2024-03-28,0.45829287,1,VLTO
7158,2024-04-15,0.66079307,1,BWA
7159,2024-05-16,0.46379182,-1,MAS
7160,2024-05-15,0.64960855,-1,SLB
7161,2024-04-22,0.5172082,-1,PHM
7162,2024-04-29,0.1792111,1,MMC
7163,2024-03-28,0.15936837,1,TYL
7164,2024-05-20,0.5262172,-1,EW
7165,2024-05-20,0.572692,-1,ETR
7166,2024-05-15,0.50687397,-1,PNC
7167,2024-05-22,0.6342008,1,IFF
7168,2024-04-30,0.37735102,1,MTB
7169,2024-05-17,0.5397024,-1,BEN
7170,2024-04-24,0.44617057,-1,CAG
7171,2024-04-03,0.5382119,-1,WTW
7172,2024-05-10,0.59203583,1,JBL
7173,2024-05-21,0.5144001,1,AMD
7174,2024-05-22,0.3886712,1,SWKS
7175,2024-04-24,0.41312912,1,CRWD
7176,2024-05-03,0.48405492,1,ANET
7177,2024-04-16,0.62861365,1,CRWD
7178,2024-04-12,0.4838507,-1,PH
7179,2024-04-29,0.48549533,1,PCAR
7180,2024-05-07,0.463904,1,JCI
7181,2024-04-02,0.46772897,1,EXPD
7182,2024-05-06,0.49300176,-1,NVR
7183,2024-04-02,0.41594943,-1,EQIX
7184,2024-04-03,0.4919311,1,VRSN
7185,2024-04-23,0.46654728,1,TDG
7186,2024-04-05,0.38522464,-1,PM
7187,2024-04-12,0.39478508,1,RJF
7188,2024-04-08,0.6128104,-1,PSA
7189,2024-05-13,0.6255374,1,EW
7190,2024-04-05,0.5129214,-1,AZO
7191,2024-05-08,0.616336,1,KKR
7192,2024-03-28,0.30679896,-1,CNC
7193,2024-05-09,0.29083657,1,TSN
7194,2024-04-11,0.47953415,-1,HUBB
7195,2024-05-23,0.57810754,-1,DXCM
7196,2024-04-04,0.4528446,-1,QCOM
7197,2024-05-08,0.51575327,1,CHRW
7198,2024-04-16,0.47075808,1,GIS
7199,2024-05-22,0.40915078,1,WYNN
7200,2024-04-23,0.48047778,-1,GNRC
7201,2024-04-02,0.34403953,1,ROK
7202,2024-04-10,0.54038155,-1,BK
7203,2024-05-17,0.4265773,1,MPC
7204,2024-05-09,0.5062368,-1,J
7205,2024-04-30,0.52856725,1,USB
7206,2024-04-04,0.5147459,-1,MDT
7207,2024-03-28,0.43285632,1,RVTY
7208,2024-05-23,0.536313,-1,CBRE
7209,2024-04-24,0.76679605,1,BDX
7210,2024-05-22,0.5064874,1,PYPL
7211,2024-05-03,0.35629907,1,NOC
7212,2024-04-15,0.46947932,1,UDR
7213,2024-03-28,0.35425094,-1,FOXA
7214,2024-04-08,0.6669387,-1,CHRW
7215,2024-04-05,0.4529596,-1,DD
7216,2024-05-08,0.52052766,1,AON
7217,2024-05-23,0.6503576,1,WMT
7218,2024-04-04,0.504413,-1,HLT
7219,2024-03-28,0.18432453,-1,MGM
7220,2024-04-04,0.3258112,1,EQT
7221,2024-05-14,0.45895642,1,CNC
7222,2024-05-23,0.44545633,1,EXR
7223,2024-04-26,0.3842865,1,WST
7224,2024-05-13,0.53186935,1,NI
7225,2024-04-17,0.3463738,1,FIS
7226,2024-05-01,0.48790282,1,STLD
7227,2024-04-12,0.611578,-1,TTWO
7228,2024-04-04,0.12872687,-1,EQR
7229,2024-04-29,0.5289689,1,MRK
7230,2024-05-13,0.47103357,1,EXPD
7231,2024-05-13,0.57869154,1,MA
7232,2024-04-03,0.69380915,-1,FICO
7233,2024-05-07,0.545099,1,VRTX
7234,2024-05-13,0.47157702,1,CBOE
7235,2024-04-08,0.42122763,-1,NWSA
7236,2024-04-23,0.5193744,-1,FOXA
7237,2024-05-17,0.36210817,1,WMT
7238,2024-04-23,0.4957535,-1,FICO
7239,2024-05-02,0.4932581,1,CRWD
7240,2024-04-15,0.4273647,1,CHRW
7241,2024-05-03,0.4889994,1,KO
7242,2024-04-18,0.2393358,1,EIX
7243,2024-04-16,0.6025278,1,CLX
7244,2024-04-24,0.6428766,-1,ICE
7245,2024-04-24,0.113403,-1,MTB
7246,2024-04-29,0.49202445,1,LOW
7247,2024-04-23,0.4175224,-1,WST
7248,2024-04-16,0.40690705,1,EMN
7249,2024-04-08,0.37852305,-1,TSCO
7250,2024-04-08,0.6350074,-1,NTRS
7251,2024-04-05,0.58174586,-1,EFX
7252,2024-04-04,0.47930068,-1,ZTS
7253,2024-05-06,0.57615286,1,BK
7254,2024-05-01,0.4696923,-1,MCD
7255,2024-05-23,0.50944126,-1,LIN
7256,2024-05-08,0.5739184,1,DAY
7257,2024-04-22,0.37229544,1,FE
7258,2024-04-23,0.3585811,-1,WBA
7259,2024-04-08,0.51996243,-1,GEHC
7260,2024-04-26,0.35245088,1,TJX
7261,2024-04-04,0.47452,1,AVGO
7262,2024-04-17,0.24872476,1,FRT
7263,2024-04-01,0.51571524,1,URI
7264,2024-04-16,0.51547265,1,O
7265,2024-04-10,0.45455518,-1,DIS
7266,2024-04-15,0.42085356,-1,KEYS
7267,2024-05-15,0.49524188,1,LMT
7268,2024-04-08,0.4626767,-1,NUE
7269,2024-05-14,0.5205677,1,VLTO
7270,2024-04-12,0.5010697,-1,AMT
7271,2024-04-09,0.50447947,-1,WDC
7272,2024-04-18,0.3861191,1,HRL
7273,2024-04-04,0.53937334,-1,GDDY
7274,2024-04-18,0.46413666,1,PWR
7275,2024-05-06,0.4468356,1,PCAR
7276,2024-03-28,0.44495606,-1,DAL
7277,2024-04-23,0.5442651,-1,DRI
7278,2024-05-21,0.58406323,-1,CZR
7279,2024-05-07,0.51897335,1,DAY
7280,2024-05-03,0.39335102,1,CFG
7281,2024-04-12,0.4991227,1,BEN
7282,2024-04-18,0.6002527,-1,ULTA
7283,2024-05-09,0.5085797,-1,ABT
7284,2024-04-23,0.529289,-1,KMI
7285,2024-05-10,0.4280303,1,ZBRA
7286,2024-05-15,0.5066867,-1,FE
7287,2024-05-14,0.481036,-1,DPZ
7288,2024-05-20,0.5305585,-1,IDXX
7289,2024-05-16,0.5742741,-1,BBY
7290,2024-04-02,0.4832089,-1,MMC
7291,2024-05-03,0.49301988,-1,BLDR
7292,2024-04-23,0.51891065,1,GOOGL
7293,2024-04-22,0.57718045,-1,MNST
7294,2024-04-05,0.48275888,-1,PGR
7295,2024-05-01,0.6144702,1,HPQ
7296,2024-05-09,0.76668644,1,MMC
7297,2024-04-22,0.46949127,-1,TRGP
7298,2024-04-30,0.48909515,1,AAL
7299,2024-04-10,0.50155336,-1,PANW
7300,2024-04-12,0.5009378,-1,AAPL
7301,2024-04-08,0.46421188,-1,GWW
7302,2024-04-15,0.48037404,-1,NVDA
7303,2024-04-22,0.54395586,-1,LOW
7304,2024-05-14,0.5164021,-1,AON
7305,2024-05-07,0.43578318,1,EQR
7306,2024-04-18,0.48565271,1,CTRA
7307,2024-04-30,0.5011117,-1,KMB
7308,2024-04-11,0.39733878,1,GPC
7309,2024-05-16,0.46395954,-1,BDX
7310,2024-04-03,0.4220261,1,OKE
7311,2024-03-28,0.49035078,-1,GEHC
7312,2024-04-23,0.31131184,1,TECH
7313,2024-04-19,0.7534104,1,PANW
7314,2024-04-04,0.79214394,-1,NWSA
7315,2024-04-01,0.45983785,-1,GD
7316,2024-04-22,0.50050807,-1,WYNN
7317,2024-05-07,0.48125643,1,PKG
7318,2024-05-23,0.5619976,1,NTAP
7319,2024-05-20,0.53573275,-1,HRL
7320,2024-04-17,0.581809,1,FOX
7321,2024-05-09,0.63049656,-1,PCAR
7322,2024-04-18,0.7217847,1,APTV
7323,2024-05-14,0.37512487,-1,CVX
7324,2024-05-01,0.4489962,1,OKE
7325,2024-05-13,0.6728006,-1,ROST
7326,2024-05-10,0.4373606,-1,OMC
7327,2024-03-28,0.619389,-1,CHTR
7328,2024-05-06,0.38775796,-1,MPC
7329,2024-04-11,0.31093907,-1,BAX
7330,2024-05-07,0.54835397,1,TXT
7331,2024-05-07,0.49739385,1,BSX
7332,2024-05-06,0.56834984,-1,CAH
7333,2024-04-01,0.49082088,1,ALB
7334,2024-05-15,0.52482104,-1,WFC
7335,2024-04-08,0.37443128,-1,LYV
7336,2024-04-10,0.44135666,-1,EBAY
7337,2024-05-22,0.45952365,-1,CTLT
7338,2024-05-22,0.6372041,-1,MU
7339,2024-05-17,0.40477216,1,NWS
7340,2024-05-10,0.2145975,1,INVH
7341,2024-04-09,0.5379397,-1,PCG
7342,2024-04-12,0.5269998,1,LDOS
7343,2024-04-22,0.47887132,-1,BWA
7344,2024-05-22,0.8049295,1,ABBV
7345,2024-05-08,0.581488,1,TDY
7346,2024-04-29,0.5127788,1,VRSN
7347,2024-04-16,0.5834567,-1,ULTA
7348,2024-03-28,0.41074672,-1,CTVA
7349,2024-05-10,0.20182501,-1,EL
7350,2024-05-20,0.2786132,-1,TYL
7351,2024-05-08,0.4921627,-1,MAS
7352,2024-04-15,0.44236618,-1,TER
7353,2024-04-18,0.21230823,1,RCL
7354,2024-04-02,0.5408939,1,HRL
7355,2024-04-24,0.40718308,-1,RCL
7356,2024-05-20,0.49639842,-1,VMC
7357,2024-04-10,0.434912,1,ACGL
7358,2024-05-10,0.5051617,1,GRMN
7359,2024-04-30,0.44323474,1,PARA
7360,2024-04-17,0.33484256,1,APTV
7361,2024-04-10,0.40631056,-1,FDX
7362,2024-04-24,0.54160607,-1,LIN
7363,2024-05-17,0.70986396,-1,DHR
7364,2024-05-03,0.58671385,1,EXPD
7365,2024-05-07,0.5534956,1,AON
7366,2024-05-08,0.40352932,1,AAPL
7367,2024-04-09,0.5493008,-1,MCHP
7368,2024-04-09,0.48819068,-1,SNPS
7369,2024-04-18,0.18708192,-1,IP
7370,2024-05-21,0.62678874,-1,EVRG
7371,2024-04-22,0.53439045,1,BIIB
7372,2024-04-25,0.5247649,1,MCO
7373,2024-05-09,0.508269,1,F
7374,2024-04-19,0.52786195,1,MSI
7375,2024-05-15,0.5108467,1,ADP
7376,2024-05-08,0.4992338,1,DTE
7377,2024-04-22,0.23712692,-1,NFLX
7378,2024-05-07,0.49184075,1,EMR
7379,2024-05-02,0.5116026,1,PFE
7380,2024-05-20,0.5641074,-1,WY
7381,2024-04-29,0.49823985,1,FANG
7382,2024-05-07,0.52102154,1,ETN
7383,2024-04-24,0.47098705,1,EXR
7384,2024-04-12,0.50105023,-1,DXCM
7385,2024-05-23,0.24811302,-1,BLK
7386,2024-04-16,0.45345038,1,SCHW
7387,2024-05-08,0.5150315,-1,GE
7388,2024-04-16,0.3192289,1,SPG
7389,2024-04-16,0.47403097,1,TGT
7390,2024-05-16,0.39173523,-1,DOW
7391,2024-05-07,0.40353453,1,MCHP
7392,2024-05-10,0.5248953,1,IRM
7393,2024-04-02,0.4965993,1,EXPE
7394,2024-05-07,0.45197296,-1,NSC
7395,2024-04-12,0.47289997,1,TSN
7396,2024-04-05,0.5342079,1,PODD
7397,2024-03-28,0.6332205,1,ADM
7398,2024-04-18,0.53933823,1,CRWD
7399,2024-05-13,0.47007245,-1,AAL
7400,2024-05-14,0.38790447,-1,CMS
7401,2024-05-15,0.4783188,1,TER
7402,2024-04-25,0.48309317,1,NTAP
7403,2024-04-01,0.4823244,1,FOX
7404,2024-05-22,0.4496481,1,LMT
7405,2024-05-09,0.41832268,1,GS
7406,2024-04-17,0.36841363,1,TXN
7407,2024-04-08,0.546182,-1,NTAP
7408,2024-04-15,0.39118665,1,C
7409,2024-05-23,0.25417927,-1,BX
7410,2024-04-19,0.49072018,-1,NUE
7411,2024-04-10,0.5156288,-1,AVB
7412,2024-04-24,0.37854847,-1,F
7413,2024-04-24,0.59503204,-1,FICO
7414,2024-04-16,0.92389643,1,KKR
7415,2024-05-10,0.6202184,1,ROL
7416,2024-04-03,0.6402784,-1,XEL
7417,2024-04-03,0.262316,-1,TMUS
7418,2024-05-16,0.40626448,-1,DXCM
7419,2024-04-22,0.42939526,-1,WY
7420,2024-04-03,0.5991311,-1,WY
7421,2024-05-01,0.55528015,1,ALB
7422,2024-04-30,0.5147515,1,OMC
7423,2024-04-17,0.41818613,1,CFG
7424,2024-05-02,0.45203125,1,MCO
7425,2024-05-03,0.51383805,-1,CTRA
7426,2024-04-05,0.5296679,-1,CME
7427,2024-04-03,0.66802555,-1,CHTR
7428,2024-04-16,0.65194535,1,AIZ
7429,2024-05-08,0.6293159,1,VRSN
7430,2024-04-26,0.4235846,1,NEE
7431,2024-05-21,0.42095235,-1,ORLY
7432,2024-04-18,0.2691478,-1,RJF
7433,2024-05-22,0.42784867,-1,TT
7434,2024-05-21,0.5896165,-1,STZ
7435,2024-04-24,0.4848261,-1,ABBV
7436,2024-04-01,0.43587446,1,KKR
7437,2024-04-25,0.46421933,-1,FANG
7438,2024-04-15,0.5550558,1,HSY
7439,2024-04-05,0.39765143,-1,AMAT
7440,2024-04-26,0.3894927,1,J
7441,2024-05-15,0.55888754,-1,UNP
7442,2024-04-01,0.6462938,-1,ATO
7443,2024-04-17,0.4847354,1,PM
7444,2024-04-19,0.45314604,1,MRO
7445,2024-05-22,0.42714894,-1,IPG
7446,2024-05-01,0.48786348,1,GWW
7447,2024-05-03,0.5846729,1,TMUS
7448,2024-05-03,0.5996437,1,GDDY
7449,2024-05-20,0.5569755,-1,PLD
7450,2024-05-15,0.54020554,-1,TRV
7451,2024-04-23,0.36792454,1,KLAC
7452,2024-05-09,0.61566144,1,NSC
7453,2024-05-16,0.50864816,-1,WEC
7454,2024-04-17,0.19794041,1,AVY
7455,2024-04-11,0.47640893,1,SBUX
7456,2024-05-16,0.46762577,1,MU
7457,2024-05-02,0.53434056,1,APH
7458,2024-05-06,0.5255816,1,TDY
7459,2024-05-07,0.5421554,1,BLK
7460,2024-05-06,0.49937505,1,EXPE
7461,2024-05-22,0.51929605,1,BKR
7462,2024-04-05,0.39333373,-1,C
7463,2024-04-16,0.606935,1,CE
7464,2024-04-30,0.60853475,-1,IQV
7465,2024-04-01,0.5215857,-1,COR
7466,2024-04-04,0.5675621,-1,STT
7467,2024-04-01,0.48491195,1,WAT
7468,2024-05-07,0.5592333,1,BEN
7469,2024-04-24,0.67457896,-1,QRVO
7470,2024-04-18,0.33957925,-1,LH
7471,2024-04-12,0.52482754,-1,DOV
7472,2024-05-20,0.738696,-1,MTCH
7473,2024-04-23,0.61354035,-1,HCA
7474,2024-05-15,0.4122148,-1,MNST
7475,2024-04-04,0.5328467,1,DPZ
7476,2024-04-19,0.49144664,1,GEHC
7477,2024-04-29,0.6574242,1,GLW
7478,2024-04-08,0.5513388,-1,ISRG
7479,2024-05-15,0.49764276,-1,APA
7480,2024-04-17,0.46113187,-1,PCAR
7481,2024-05-10,0.50593626,1,BBWI
7482,2024-04-19,0.530838,1,IT
7483,2024-04-23,0.5371591,-1,HPE
7484,2024-04-24,0.44368955,-1,CMI
7485,2024-05-21,0.5275376,1,VTR
7486,2024-04-03,0.5326643,-1,ADBE
7487,2024-05-22,0.59095174,1,NVR
7488,2024-04-26,0.5979756,-1,URI
7489,2024-04-26,0.50673914,-1,VZ
7490,2024-05-06,0.3777702,1,TT
7491,2024-04-16,0.57984555,1,CCI
7492,2024-04-08,0.53546447,-1,VLO
7493,2024-04-22,0.53396034,-1,CBRE
7494,2024-04-22,0.29649058,-1,NI
7495,2024-04-19,0.46545887,1,MU
7496,2024-04-12,0.3997347,-1,GDDY
7497,2024-04-05,0.7238741,-1,HES
7498,2024-05-13,0.46034974,1,COO
7499,2024-05-08,0.51150197,1,AMGN
7500,2024-05-23,0.49106696,-1,EOG
7501,2024-04-26,0.57138115,1,TTWO
7502,2024-05-21,0.59222025,-1,UNP
7503,2024-04-03,0.5174801,1,KDP
7504,2024-04-25,0.47708714,1,EFX
7505,2024-05-15,0.3053009,-1,STT
7506,2024-04-29,0.49395823,1,TFC
7507,2024-05-03,0.443165,-1,ADBE
7508,2024-04-23,0.47606194,-1,DAY
7509,2024-04-24,0.06835094,-1,FOXA
7510,2024-05-20,0.6047008,-1,REG
7511,2024-04-10,0.2919508,1,TMUS
7512,2024-04-05,0.44034737,-1,PFG
7513,2024-05-07,0.57431436,1,BMY
7514,2024-05-09,0.5344292,1,TPR
7515,2024-05-03,0.51247054,-1,AXON
7516,2024-05-15,0.48616368,-1,MGM
7517,2024-05-15,0.5225035,-1,TGT
7518,2024-04-16,0.642467,1,JKHY
7519,2024-05-17,0.4480744,1,ENPH
7520,2024-05-03,0.46274614,1,ITW
7521,2024-05-21,0.5986264,-1,MSI
7522,2024-04-26,0.46714643,1,MPWR
7523,2024-05-10,0.63172716,-1,PRU
7524,2024-04-04,0.5173391,-1,CB
7525,2024-05-16,0.3693469,-1,STT
7526,2024-03-28,0.5437263,-1,FICO
7527,2024-05-14,0.55930454,-1,TPR
7528,2024-05-01,0.45883852,1,LULU
7529,2024-04-12,0.41504604,-1,BKNG
7530,2024-05-20,0.5305015,-1,APD
7531,2024-04-02,0.6715299,-1,UNH
7532,2024-05-07,0.41645622,1,PLD
7533,2024-05-10,0.5221144,1,CRWD
7534,2024-04-19,0.4601054,-1,IEX
7535,2024-04-03,0.49850515,1,CME
7536,2024-04-16,0.44861048,1,FOX
7537,2024-05-01,0.459177,1,HWM
7538,2024-04-09,0.51594955,-1,GDDY
7539,2024-05-20,0.4061942,-1,ATO
7540,2024-05-15,0.57577664,-1,FRT
7541,2024-04-11,0.47450545,1,SO
7542,2024-05-07,0.544566,1,RJF
7543,2024-04-05,0.5134879,-1,ABNB
7544,2024-04-08,0.55654734,-1,HUM
7545,2024-04-04,0.52358097,-1,O
7546,2024-04-12,0.24403182,1,AMCR
7547,2024-04-19,0.51457053,1,DAL
7548,2024-04-02,0.55580646,1,GEN
7549,2024-04-19,0.48456642,1,TMUS
7550,2024-04-29,0.45796677,1,ORLY
7551,2024-04-29,0.53222996,1,PKG
7552,2024-05-23,0.5342019,-1,C
7553,2024-04-23,0.7614666,-1,BLK
7554,2024-04-03,0.5168063,-1,PCAR
7555,2024-04-19,0.48510855,1,MAR
7556,2024-04-10,0.5541169,-1,BBY
7557,2024-05-01,0.3776895,1,LUV
7558,2024-04-30,0.22055149,1,CDNS
7559,2024-04-16,0.4952551,1,GOOG
7560,2024-04-05,0.46348217,-1,CF
7561,2024-04-01,0.6244317,1,CCL
7562,2024-04-05,0.45477292,-1,EXPE
7563,2024-04-04,0.31206527,-1,ARE
7564,2024-04-22,0.69959253,-1,TEL
7565,2024-05-16,0.47534317,-1,VRSK
7566,2024-05-16,0.5494455,-1,NOW
7567,2024-05-09,0.4539836,1,EPAM
7568,2024-04-16,0.49127415,1,LDOS
7569,2024-05-20,0.44397774,-1,FDX
7570,2024-04-15,0.48845392,1,MCHP
7571,2024-04-10,0.5403896,-1,UBER
7572,2024-04-19,0.3983509,1,RMD
7573,2024-04-09,0.60424066,1,WFC
7574,2024-04-11,0.37844166,-1,LRCX
7575,2024-05-09,0.6044029,1,LH
7576,2024-04-04,0.4710253,-1,DVA
7577,2024-05-17,0.5651673,-1,WBA
7578,2024-05-13,0.5100742,-1,EQR
7579,2024-05-21,0.47639897,-1,NI
7580,2024-04-09,0.45080635,-1,AON
7581,2024-05-16,0.51787436,1,KLAC
7582,2024-04-12,0.32792717,1,COR
7583,2024-04-16,0.49692592,1,ALGN
7584,2024-04-05,0.5207235,-1,FDX
7585,2024-05-01,0.45195034,1,CAT
7586,2024-04-09,0.49920684,-1,STT
7587,2024-04-05,0.48670062,-1,SBAC
7588,2024-04-12,0.47910488,1,WMB
7589,2024-05-15,0.4448633,-1,AVB
7590,2024-04-19,0.67327327,-1,LUV
7591,2024-05-08,0.51633984,1,CHTR
7592,2024-04-04,0.5282183,-1,CTSH
7593,2024-04-16,0.47207898,1,APD
7594,2024-05-15,0.38494098,-1,BAX
7595,2024-04-11,0.24907717,1,TFC
7596,2024-04-26,0.49467888,1,KMX
7597,2024-04-24,0.63942754,1,MDT
7598,2024-05-10,0.4258353,-1,CTLT
7599,2024-04-23,0.5108398,-1,DHI
7600,2024-05-09,0.59651726,1,AIG
7601,2024-05-15,0.50859106,-1,LEN
7602,2024-04-15,0.4960201,-1,CSX
7603,2024-04-22,0.8441741,-1,AMCR
7604,2024-05-15,0.5667097,1,LDOS
7605,2024-05-06,0.5230349,1,DRI
7606,2024-04-19,0.3918416,1,TXN
7607,2024-04-19,0.45702296,1,KKR
7608,2024-05-07,0.47718668,-1,FMC
7609,2024-04-15,0.48428348,1,FANG
7610,2024-05-10,0.5659161,-1,PCAR
7611,2024-04-29,0.5180258,1,SHW
7612,2024-05-14,0.2970513,-1,IFF
7613,2024-05-08,0.51744324,1,OTIS
7614,2024-04-11,0.34814265,-1,SWK
7615,2024-04-25,0.64536965,1,CMS
7616,2024-04-01,0.41273364,1,A
7617,2024-04-19,0.55479336,1,KMX
7618,2024-05-01,0.29916242,1,BKR
7619,2024-05-01,0.45710507,1,ACN
7620,2024-05-07,0.39464888,1,HST
7621,2024-04-23,0.44447285,-1,COP
7622,2024-04-18,0.33837894,1,HUBB
7623,2024-04-16,0.49517122,1,PGR
7624,2024-04-17,0.39302891,-1,IVZ
7625,2024-04-18,0.48710293,1,ISRG
7626,2024-05-17,0.23656769,-1,HES
7627,2024-05-07,0.52870375,1,CMI
7628,2024-05-22,0.50397134,-1,PEP
7629,2024-05-23,0.5548643,-1,EFX
7630,2024-04-26,0.6658433,1,AMT
7631,2024-04-10,0.6572416,-1,HPQ
7632,2024-05-13,0.4014641,1,TSCO
7633,2024-05-23,0.51975256,1,EVRG
7634,2024-04-01,0.51756775,1,RTX
7635,2024-05-14,0.51068795,-1,KEYS
7636,2024-05-03,0.5273337,1,ECL
7637,2024-05-08,0.91774875,1,HBAN
7638,2024-05-16,0.5373363,-1,OXY
7639,2024-04-25,0.44943815,1,VRTX
7640,2024-04-23,0.53673846,-1,IEX
7641,2024-04-01,0.49843884,1,EXPD
7642,2024-05-07,0.5961059,1,SJM
7643,2024-05-01,0.4784047,1,EQT
7644,2024-05-03,0.4799816,-1,VLO
7645,2024-04-10,0.4715855,-1,REGN
7646,2024-04-03,0.4227469,1,BKR
7647,2024-05-16,0.44379318,-1,AOS
7648,2024-05-10,0.6035824,1,CNC
7649,2024-05-13,0.50475824,-1,TMO
7650,2024-05-01,0.53181213,-1,NSC
7651,2024-04-24,0.44981295,1,TXN
7652,2024-04-16,0.6289268,-1,FTV
7653,2024-04-16,0.46471304,1,HSIC
7654,2024-05-08,0.4725719,1,VTR
7655,2024-04-12,0.5207657,-1,STLD
7656,2024-05-20,0.40006772,1,UBER
7657,2024-05-16,0.51188064,1,PWR
7658,2024-04-08,0.5689736,-1,IT
7659,2024-05-16,0.49830714,-1,ZTS
7660,2024-05-06,0.46796605,1,CHRW
7661,2024-04-22,0.5089636,1,IR
7662,2024-04-01,0.40010563,-1,HIG
7663,2024-05-01,0.6189973,1,COO
7664,2024-05-15,0.5454858,1,INTU
7665,2024-04-17,0.5247604,1,ALLE
7666,2024-04-11,0.6203833,-1,EBAY
7667,2024-04-02,0.3785935,-1,LIN
7668,2024-05-10,0.6696104,1,DHR
7669,2024-04-03,0.6566679,-1,IEX
7670,2024-04-15,0.34056196,-1,AVGO
7671,2024-05-07,0.4933692,1,TT
7672,2024-05-06,0.5334908,1,JBL
7673,2024-05-23,0.4287174,-1,MRK
7674,2024-04-30,0.57445526,1,MSFT
7675,2024-04-12,0.48414713,-1,WDC
7676,2024-04-05,0.4516439,-1,QRVO
7677,2024-05-20,0.4635134,-1,GOOGL
7678,2024-04-16,0.5152791,1,TMO
7679,2024-04-08,0.49483758,-1,EQT
7680,2024-03-28,0.473374,-1,FITB
7681,2024-05-08,0.53218555,1,WTW
7682,2024-04-05,0.6139045,-1,FICO
7683,2024-05-23,0.5892344,1,BA
7684,2024-04-01,0.46687654,-1,WMB
7685,2024-04-02,0.5687488,-1,EXR
7686,2024-04-03,0.46065488,1,NSC
7687,2024-04-26,0.49979663,-1,T
7688,2024-04-10,0.441464,-1,AIZ
7689,2024-04-11,0.46042556,-1,ABNB
7690,2024-05-21,0.64929396,-1,PTC
7691,2024-05-23,0.52603924,1,INCY
7692,2024-05-16,0.49204397,-1,GPC
7693,2024-04-08,0.4128583,-1,TEL
7694,2024-04-26,0.4869146,1,BA
7695,2024-05-07,0.4425501,1,LLY
7696,2024-04-26,0.49946296,-1,MCD
7697,2024-05-09,0.54240173,1,KMI
7698,2024-04-11,0.39617383,-1,BEN
7699,2024-04-05,0.25637305,-1,DTE
7700,2024-05-02,0.45398986,1,URI
7701,2024-04-08,0.48375702,-1,FI
7702,2024-04-26,0.6324541,1,PFG
7703,2024-05-10,0.35606736,1,DOV
7704,2024-05-20,0.4052279,-1,LDOS
7705,2024-04-03,0.5224048,1,MAR
7706,2024-04-25,0.34710684,1,HBAN
7707,2024-05-13,0.6310722,-1,ROK
7708,2024-05-23,0.43250546,1,IVZ
7709,2024-05-08,0.4627856,1,DLR
7710,2024-04-29,0.56516534,1,TXT
7711,2024-03-28,0.528993,-1,AMCR
7712,2024-05-20,0.59337455,-1,CDW
7713,2024-05-22,0.52957994,1,EVRG
7714,2024-05-15,0.44538426,-1,SBAC
7715,2024-04-24,0.5120778,-1,BAX
7716,2024-04-11,0.21140194,1,CINF
7717,2024-05-03,0.51598173,-1,EW
7718,2024-05-02,0.38025907,1,WMT
7719,2024-05-09,0.571726,-1,LIN
7720,2024-04-17,0.45259997,1,CMI
7721,2024-05-16,0.44583207,-1,WAT
7722,2024-05-17,0.48085442,1,DECK
7723,2024-05-01,0.36784682,-1,IR
7724,2024-05-09,0.49099812,1,BAC
7725,2024-04-24,0.1738952,1,ISRG
7726,2024-04-18,0.5918313,1,NWS
7727,2024-04-08,0.31352445,1,LMT
7728,2024-04-23,0.6411609,1,STE
7729,2024-05-01,0.36002338,1,CHD
7730,2024-05-21,0.49385193,-1,DPZ
7731,2024-05-20,0.4795608,-1,CFG
7732,2024-04-10,0.35943913,-1,LYV
7733,2024-05-23,0.67483294,-1,IDXX
7734,2024-05-02,0.48734036,-1,NDAQ
7735,2024-05-07,0.503238,-1,EG
7736,2024-04-10,0.5310848,-1,EMN
7737,2024-05-21,0.48540065,-1,FFIV
7738,2024-04-17,0.6480026,1,CRL
7739,2024-05-16,0.50347775,-1,CI
7740,2024-05-16,0.40110683,-1,EW
7741,2024-04-10,0.586576,1,KVUE
7742,2024-04-24,0.46730098,1,AOS
7743,2024-04-29,0.44212133,1,BAC
7744,2024-04-29,0.4114346,-1,KHC
7745,2024-04-04,0.49077952,-1,PGR
7746,2024-05-01,0.45479324,-1,CPAY
7747,2024-05-17,0.5065158,-1,LH
7748,2024-04-08,0.54621303,-1,AVB
7749,2024-04-19,0.5393571,1,SYK
7750,2024-05-07,0.5782995,-1,KR
7751,2024-04-12,0.3434923,1,AMP
7752,2024-04-09,0.49632716,-1,COO
7753,2024-04-02,0.5204102,-1,LNT
7754,2024-05-23,0.35847148,1,WBD
7755,2024-04-05,0.4738314,-1,MNST
7756,2024-05-02,0.52424234,1,PANW
7757,2024-04-09,0.6740777,-1,AIZ
7758,2024-05-01,0.28080675,1,ZBH
7759,2024-05-21,0.5668004,1,LULU
7760,2024-04-04,0.4716568,-1,TMUS
7761,2024-04-05,0.020276684,-1,UPS
7762,2024-04-30,0.5902087,1,FDS
7763,2024-04-25,0.49447882,1,ALB
7764,2024-05-08,0.45448595,-1,PWR
7765,2024-04-18,0.43071985,1,TROW
7766,2024-05-06,0.42975345,1,SNPS
7767,2024-05-03,0.4690877,1,FRT
7768,2024-04-11,0.6348963,1,MDLZ
7769,2024-05-14,0.51213163,-1,BDX
7770,2024-05-17,0.6274201,-1,TXT
7771,2024-04-04,0.4559541,-1,PFG
7772,2024-04-23,0.42216182,-1,WMB
7773,2024-05-15,0.4252139,-1,ZTS
7774,2024-05-22,0.55739695,-1,CPRT
7775,2024-05-14,0.45212013,1,AVY
7776,2024-04-16,0.44482034,1,J
7777,2024-05-01,0.4534087,1,REGN
7778,2024-05-17,0.5465172,-1,NOC
7779,2024-05-03,0.655864,-1,ABT
7780,2024-04-04,0.5352128,-1,TPR
7781,2024-04-03,0.24982007,1,HON
7782,2024-04-30,0.59154624,1,COO
7783,2024-05-06,0.602592,1,HLT
7784,2024-05-06,0.5009918,-1,UBER
7785,2024-04-08,0.5416637,-1,QCOM
7786,2024-04-26,0.41001856,1,MU
7787,2024-04-01,0.5271195,1,DD
7788,2024-04-04,0.45338917,-1,CRWD
7789,2024-05-01,0.5706207,1,CBRE
7790,2024-04-30,0.5296545,1,LYV
7791,2024-04-12,0.4694118,1,UAL
7792,2024-05-17,0.5210731,-1,MA
7793,2024-05-20,0.54902077,-1,KIM
7794,2024-04-18,0.451294,-1,GWW
7795,2024-03-28,0.47177845,-1,KVUE
7796,2024-05-08,0.10069322,-1,POOL
7797,2024-05-17,0.58986896,-1,BXP
7798,2024-04-09,0.60819966,-1,PODD
7799,2024-04-16,0.47293925,1,CNP
7800,2024-05-08,0.48888123,1,CRM
7801,2024-04-08,0.7150552,-1,MKTX
7802,2024-03-28,0.46246246,1,HRL
7803,2024-04-01,0.5664468,-1,LULU
7804,2024-04-30,0.8427251,-1,EOG
7805,2024-04-17,0.5088424,1,CHRW
7806,2024-05-17,0.43701407,-1,MDT
7807,2024-04-01,0.42314312,-1,MET
7808,2024-04-26,0.3481537,-1,TROW
7809,2024-04-04,0.37194088,-1,PKG
7810,2024-04-26,0.42849725,1,AMZN
7811,2024-05-10,0.6059762,-1,AIZ
7812,2024-04-30,0.6098869,1,EQR
7813,2024-05-23,0.5242327,1,SYK
7814,2024-05-15,0.40918761,-1,UPS
7815,2024-05-08,0.27989444,1,PCG
7816,2024-04-25,0.41416124,-1,WDC
7817,2024-04-22,0.5227657,1,CDW
7818,2024-04-08,0.4397572,-1,BRO
7819,2024-05-13,0.42959902,-1,CSGP
7820,2024-05-09,0.5749947,1,EFX
7821,2024-04-24,0.58475995,1,T
7822,2024-04-17,0.32900828,-1,AMZN
7823,2024-04-17,0.5314531,1,BEN
7824,2024-04-12,0.54968846,1,KVUE
7825,2024-04-05,0.5811024,-1,DLR
7826,2024-05-20,0.993222,-1,UPS
7827,2024-04-02,0.3005471,1,CVX
7828,2024-04-23,0.4856124,-1,RF
7829,2024-04-09,0.42532992,-1,RTX
7830,2024-04-19,0.15433456,-1,EPAM
7831,2024-04-01,0.6161461,-1,CHTR
7832,2024-04-01,0.49739507,1,DE
7833,2024-04-15,0.24071291,-1,ECL
7834,2024-04-29,0.5598016,1,AMT
7835,2024-05-01,0.55085444,1,DECK
7836,2024-05-10,0.4306396,1,DOC
7837,2024-04-12,0.46864313,1,CME
7838,2024-05-21,0.53616714,-1,SYY
7839,2024-04-02,0.5494811,-1,FTV
7840,2024-04-01,0.4635739,-1,BALL
7841,2024-04-03,0.47917682,1,CPRT
7842,2024-04-30,0.5380821,-1,TRMB
7843,2024-04-30,0.07101369,1,WEC
7844,2024-05-02,0.43434513,-1,JNPR
7845,2024-05-15,0.66573864,1,TROW
7846,2024-05-16,0.5426612,-1,UHS
7847,2024-05-23,0.5047315,-1,GIS
7848,2024-05-16,0.51018703,-1,CCI
7849,2024-04-02,0.45519564,-1,EW
7850,2024-05-15,0.67067057,-1,EG
7851,2024-05-07,0.11322789,-1,CE
7852,2024-05-13,0.5911495,-1,SWKS
7853,2024-05-21,0.4447643,1,GE
7854,2024-05-06,0.396692,1,AVGO
7855,2024-05-09,0.4477584,-1,TGT
7856,2024-05-15,0.14864339,-1,WST
7857,2024-05-01,0.5282674,-1,PARA
7858,2024-05-22,0.5181205,1,MRO
7859,2024-05-03,0.5498284,1,APD
7860,2024-05-14,0.50372744,-1,PEG
7861,2024-05-21,0.551931,-1,ADBE
7862,2024-04-29,0.42803246,-1,AME
7863,2024-04-17,0.5674169,1,MDT
7864,2024-04-16,0.44156536,1,BMY
7865,2024-05-06,0.48290676,-1,RL
7866,2024-05-20,0.32159966,-1,MET
7867,2024-04-04,0.2590419,-1,T
7868,2024-04-25,0.2747859,-1,YUM
7869,2024-04-05,0.6883384,-1,INTU
7870,2024-05-21,0.66499555,-1,FI
7871,2024-04-01,0.5213246,1,APTV
7872,2024-05-02,0.50045365,1,HLT
7873,2024-04-15,0.59521425,1,LDOS
7874,2024-05-15,0.7425373,-1,AVGO
7875,2024-04-18,0.69338,-1,CSCO
7876,2024-04-17,0.2498009,-1,MKTX
7877,2024-04-16,0.4910082,1,CPAY
7878,2024-04-23,0.5030709,-1,AZO
7879,2024-04-15,0.5241282,-1,CTSH
7880,2024-05-01,0.54542613,1,MU
7881,2024-03-28,0.558603,-1,AON
7882,2024-05-20,0.48761585,-1,V
7883,2024-04-25,0.48943478,1,WTW
7884,2024-05-02,0.5399591,1,IR
7885,2024-04-30,0.44091272,1,CINF
7886,2024-04-02,0.37658963,-1,ZBH
7887,2024-04-30,0.38866848,1,AVY
7888,2024-05-07,0.46285623,-1,SYF
7889,2024-04-26,0.6335313,1,VRTX
7890,2024-05-17,0.493673,-1,BX
7891,2024-04-11,0.3067213,-1,MTCH
7892,2024-04-23,0.4241718,-1,PLD
7893,2024-04-23,0.5593492,-1,BR
7894,2024-04-25,0.35700718,-1,RCL
7895,2024-04-17,0.5268179,-1,STLD
7896,2024-05-22,0.61469376,1,LYV
7897,2024-03-28,0.4652031,-1,NVDA
7898,2024-04-18,0.42747563,1,PCG
7899,2024-05-09,0.1665394,1,GLW
7900,2024-04-10,0.5929408,-1,MRNA
7901,2024-05-22,0.53195655,1,HON
7902,2024-05-20,0.34330347,-1,RSG
7903,2024-04-04,0.6019904,1,MMM
7904,2024-04-23,0.3441892,-1,JBHT
7905,2024-05-03,0.36612603,1,MTB
7906,2024-04-10,0.4665967,-1,CRWD
7907,2024-05-08,0.6274124,1,KO
7908,2024-05-08,0.4969775,-1,DAL
7909,2024-04-24,0.50527316,-1,HII
7910,2024-04-26,0.38275927,-1,PAYC
7911,2024-04-17,0.4613563,1,AVB
7912,2024-04-09,0.502672,-1,MRO
7913,2024-05-22,0.48882964,-1,ZTS
7914,2024-05-21,0.32983992,-1,IQV
7915,2024-04-18,0.31621867,-1,WFC
7916,2024-04-23,0.4539807,1,ANET
7917,2024-04-29,0.47355607,1,CMCSA
7918,2024-04-11,0.3789748,-1,KLAC
7919,2024-05-21,0.49330816,-1,PNC
7920,2024-04-04,0.5139195,1,AMAT
7921,2024-05-03,0.54899764,-1,SCHW
7922,2024-04-03,0.5172237,1,GM
7923,2024-05-14,0.622008,1,RCL
7924,2024-03-28,0.5297427,-1,LOW
7925,2024-05-14,0.52528566,-1,CTRA
7926,2024-05-10,0.4037187,1,OKE
7927,2024-03-28,0.11594229,1,PYPL
7928,2024-05-03,0.48849037,1,MTD
7929,2024-05-16,0.39213744,-1,EXR
7930,2024-04-15,0.40439042,1,PARA
7931,2024-04-17,0.47368422,1,TT
7932,2024-04-11,0.49967393,1,CPB
7933,2024-05-21,0.46083444,-1,LW
7934,2024-04-15,0.4643348,1,GS
7935,2024-05-06,0.53543174,-1,BDX
7936,2024-04-29,0.73490536,-1,FTNT
7937,2024-04-04,0.4292415,-1,MTCH
7938,2024-04-11,0.48250407,-1,MSCI
7939,2024-05-14,0.5014846,1,YUM
7940,2024-05-13,0.3680952,1,PAYC
7941,2024-05-10,0.5360033,1,WAT
7942,2024-04-22,0.45167542,-1,OXY
7943,2024-04-23,0.5069702,1,GE
7944,2024-05-17,0.52808106,-1,IPG
7945,2024-05-21,0.7460629,-1,COF
7946,2024-05-02,0.6551177,1,PEG
7947,2024-05-07,0.52962756,-1,JBL
7948,2024-03-28,0.4697381,1,DXCM
7949,2024-03-28,0.5381297,-1,GS
7950,2024-05-02,0.48472217,1,EXPD
7951,2024-04-26,0.49087092,1,FOXA
7952,2024-04-18,0.5211864,-1,JNJ
7953,2024-04-08,0.54148406,-1,VST
7954,2024-04-15,0.44574946,1,OMC
7955,2024-05-20,0.57220465,-1,CTAS
7956,2024-04-30,0.32133693,1,ROK
7957,2024-04-11,0.4544863,-1,AMD
7958,2024-04-09,0.55154145,-1,NEM
7959,2024-04-05,0.30284765,-1,ATO
7960,2024-04-17,0.4569485,1,TROW
7961,2024-04-16,0.44159606,1,TECH
7962,2024-04-22,0.44883272,-1,HD
7963,2024-04-22,0.5160554,-1,WM
7964,2024-04-10,0.5320835,-1,EXPE
7965,2024-04-30,0.42042944,-1,FDX
7966,2024-05-02,0.49329433,1,MSFT
7967,2024-05-07,0.4789336,1,HUM
7968,2024-05-07,0.4989318,1,STT
7969,2024-04-12,0.36334985,1,KMB
7970,2024-04-15,0.5103791,1,EOG
7971,2024-05-03,0.455685,1,EMR
7972,2024-05-07,0.4784685,-1,KMB
7973,2024-05-13,0.36576527,-1,CHRW
7974,2024-04-01,0.21609768,-1,GIS
7975,2024-05-07,0.5771362,1,BX
7976,2024-04-08,0.5034927,-1,HST
7977,2024-04-01,0.62518764,-1,AVY
7978,2024-05-15,0.40424928,1,VLO
7979,2024-04-18,0.281563,1,UDR
7980,2024-04-23,0.55845314,-1,CTAS
7981,2024-05-16,0.42758915,1,HAS
7982,2024-05-21,0.51650786,1,NTAP
7983,2024-04-18,0.118879355,-1,WRB
7984,2024-04-15,0.49145007,1,PTC
7985,2024-05-10,0.57298374,-1,KVUE
7986,2024-04-16,0.48212096,-1,FAST
7987,2024-05-23,0.5544145,-1,TDY
7988,2024-05-14,0.43203428,1,LLY
7989,2024-04-19,0.5019486,1,COR
7990,2024-04-29,0.40835503,-1,ALL
7991,2024-04-05,0.40430826,-1,CINF
7992,2024-04-17,0.41363928,1,KMB
7993,2024-05-15,0.45477697,-1,LYV
7994,2024-04-30,0.50855696,1,AOS
7995,2024-05-23,0.47229826,-1,MKC
7996,2024-04-16,0.58622324,1,CPRT
7997,2024-04-01,0.41869694,1,EXPE
7998,2024-05-15,0.51546633,1,WRB
7999,2024-04-22,0.49030814,-1,EOG
8000,2024-03-28,0.5009373,1,CPT
8001,2024-04-02,0.4750662,-1,FAST
8002,2024-04-30,0.83869106,1,SYK
8003,2024-04-15,0.3891945,1,MCK
8004,2024-04-01,0.5302917,1,TSLA
8005,2024-04-26,0.6064624,-1,COF
8006,2024-04-24,0.32755828,-1,NWSA
8007,2024-05-15,0.48048693,-1,MLM
8008,2024-04-22,0.50610065,1,AXON
8009,2024-05-06,0.40132144,1,CNC
8010,2024-05-21,0.83500963,1,CHRW
8011,2024-04-16,0.34411925,1,NOW
8012,2024-05-13,0.3597615,1,D
8013,2024-04-03,0.7019528,1,ENPH
8014,2024-05-08,0.38798755,1,HSIC
8015,2024-04-24,0.46046352,1,TXT
8016,2024-05-01,0.64689016,1,META
8017,2024-03-28,0.28136444,-1,MTB
8018,2024-04-09,0.6187568,-1,WY
8019,2024-04-04,0.54746747,-1,AEE
8020,2024-05-06,0.62525076,1,GILD
8021,2024-05-03,0.22728124,-1,O
8022,2024-05-20,0.512905,-1,JBL
8023,2024-05-16,0.53659666,-1,INTC
8024,2024-04-24,0.4071373,-1,BG
8025,2024-03-28,0.48552507,-1,KMB
8026,2024-05-03,0.23703787,1,DLTR
8027,2024-04-09,0.42106465,-1,APD
8028,2024-05-08,0.47917214,-1,MPC
8029,2024-04-05,0.52571326,-1,GNRC
8030,2024-04-18,0.5355905,1,URI
8031,2024-05-22,0.64618903,-1,FTV
8032,2024-05-06,0.3322477,1,TYL
8033,2024-04-15,0.4858588,-1,SNPS
8034,2024-05-03,0.4961716,1,MCO
8035,2024-05-02,0.51417065,1,IP
8036,2024-04-11,0.46133444,1,CAG
8037,2024-05-09,0.48687902,1,BR
8038,2024-04-24,0.33368996,-1,EOG
8039,2024-05-21,0.7739895,-1,ICE
8040,2024-05-13,0.64465755,-1,SYY
8041,2024-04-18,0.5352898,-1,FDS
8042,2024-05-07,0.5293537,1,OMC
8043,2024-04-12,0.50803894,-1,MTCH
8044,2024-04-12,0.4291101,1,CPB
8045,2024-04-02,0.4964852,-1,MTB
8046,2024-04-30,0.57902145,1,PODD
8047,2024-04-15,0.4235547,-1,WY
8048,2024-05-14,0.6043483,-1,HRL
8049,2024-05-20,0.43524203,1,COST
8050,2024-04-01,0.6130654,-1,L
8051,2024-05-13,0.5162878,1,PKG
8052,2024-04-10,0.6113521,-1,INCY
8053,2024-05-02,0.49139994,1,RSG
8054,2024-04-24,0.4400109,-1,EMN
8055,2024-05-22,0.57807004,1,ULTA
8056,2024-04-15,0.48972988,1,MAS
8057,2024-05-02,0.66980916,-1,ABT
8058,2024-04-30,0.57218754,-1,MCD
8059,2024-05-03,0.489465,-1,MRO
8060,2024-04-09,0.7015701,-1,IT
8061,2024-04-08,0.45802942,1,MCK
8062,2024-05-13,0.5938395,-1,ALGN
8063,2024-04-19,0.47771695,1,AXON
8064,2024-04-16,0.60476846,1,WBD
8065,2024-05-15,0.38582197,-1,RF
8066,2024-05-01,0.41614106,1,ORLY
8067,2024-04-19,0.5251778,1,AMAT
8068,2024-05-23,0.2846366,1,SYF
8069,2024-04-30,0.42921498,1,STLD
8070,2024-05-22,0.52019715,-1,STE
8071,2024-05-01,0.4711925,1,STZ
8072,2024-05-23,0.62687397,1,SBUX
8073,2024-05-03,0.54117244,-1,AIG
8074,2024-04-04,0.54048437,-1,FDS
8075,2024-04-02,0.48355561,-1,SBAC
8076,2024-04-08,0.44606978,-1,ABNB
8077,2024-04-23,0.5873156,-1,KHC
8078,2024-04-09,0.5543447,-1,RF
8079,2024-05-01,0.5442637,1,UNH
8080,2024-04-30,0.4933144,1,AWK
8081,2024-05-17,0.5812788,-1,ORLY
8082,2024-04-02,0.31094226,-1,IDXX
8083,2024-04-11,0.524695,1,FDS
8084,2024-05-01,0.45132914,1,EMN
8085,2024-04-18,0.5043985,1,UNP
8086,2024-05-02,0.503775,1,NXPI
8087,2024-04-26,0.51544666,-1,ETSY
8088,2024-04-03,0.58003426,-1,CE
8089,2024-05-23,0.4647154,1,AIG
8090,2024-04-24,0.4735001,-1,CCL
8091,2024-05-15,0.2981479,-1,DAL
8092,2024-05-20,0.50992924,-1,KR
8093,2024-04-01,0.5504528,-1,ADSK
8094,2024-04-29,0.49253535,1,GOOG
8095,2024-04-03,0.5956761,-1,GL
8096,2024-04-22,0.16254716,-1,BG
8097,2024-04-08,0.48778427,-1,EBAY
8098,2024-05-13,0.56467676,1,AJG
8099,2024-05-09,0.58771557,1,AVB
8100,2024-04-03,0.49232703,1,AMAT
8101,2024-05-16,0.39311603,-1,AMCR
8102,2024-05-15,0.5793254,-1,ALGN
8103,2024-05-07,0.59009176,-1,MPC
8104,2024-04-05,0.55560726,-1,EQR
8105,2024-05-15,0.5606255,-1,VICI
8106,2024-04-19,0.52094793,1,ANSS
8107,2024-05-14,0.34169185,-1,LNT
8108,2024-03-28,0.5064564,-1,NDSN
8109,2024-04-30,0.49026814,-1,INTC
8110,2024-04-24,0.18967107,1,CMG
8111,2024-05-21,0.6560172,-1,WY
8112,2024-05-17,0.5759319,-1,REGN
8113,2024-05-22,0.5117253,-1,UNH
8114,2024-04-11,0.5075519,1,PG
8115,2024-04-10,0.25529313,-1,GEHC
8116,2024-05-21,0.49365565,1,AES
8117,2024-05-14,0.45008007,1,VRTX
8118,2024-05-10,0.4450873,1,APA
8119,2024-05-09,0.35883093,1,D
8120,2024-05-03,0.41974202,1,BKNG
8121,2024-05-06,0.23138888,1,AMCR
8122,2024-05-16,0.42809156,-1,ELV
8123,2024-04-03,0.30919152,-1,BLDR
8124,2024-04-11,0.51727945,-1,ROL
8125,2024-04-19,0.53587633,1,KO
8126,2024-05-17,0.47279507,-1,CHTR
8127,2024-04-19,0.39981648,1,RF
8128,2024-04-30,0.23458022,1,LHX
8129,2024-04-16,0.53753877,1,MMC
8130,2024-05-20,0.58474916,-1,BEN
8131,2024-04-01,0.44784683,-1,KR
8132,2024-04-25,0.38219014,-1,CTSH
8133,2024-04-22,0.5195416,-1,CHTR
8134,2024-05-17,0.4710917,-1,WAB
8135,2024-04-10,0.49369127,-1,IFF
8136,2024-04-04,0.3760366,-1,CNP
8137,2024-04-11,0.46009487,1,PPL
8138,2024-03-28,0.4700779,1,WAB
8139,2024-04-18,0.44434682,-1,DXCM
8140,2024-04-10,0.46682304,-1,CAH
8141,2024-05-14,0.47715798,1,WMT
8142,2024-04-04,0.4124618,-1,A
8143,2024-04-04,0.49779963,-1,FDX
8144,2024-04-26,0.42942235,1,PODD
8145,2024-04-10,0.14233127,1,NI
8146,2024-04-05,0.60934573,-1,ALB
8147,2024-05-01,0.5327729,1,SWKS
8148,2024-04-19,0.15933381,1,HBAN
8149,2024-04-16,0.46525306,1,GEN
8150,2024-05-17,0.5048798,-1,PLD
8151,2024-04-04,0.291576,1,FSLR
8152,2024-05-02,0.4530985,1,MRO
8153,2024-05-07,0.46740234,-1,PH
8154,2024-04-02,0.5122659,-1,DOV
8155,2024-04-02,0.5201805,-1,UHS
8156,2024-04-10,0.56162703,-1,OMC
8157,2024-05-23,0.48096934,-1,HUBB
8158,2024-05-20,0.6740908,-1,GS
8159,2024-04-11,0.50311345,1,BA
8160,2024-04-26,0.47795865,-1,OKE
8161,2024-04-30,0.4576862,-1,DIS
8162,2024-04-05,0.31353465,-1,CARR
8163,2024-04-26,0.5495982,-1,XEL
8164,2024-05-01,0.6322286,1,SLB
8165,2024-04-11,0.49486575,1,DAL
8166,2024-04-26,0.6217845,-1,HOLX
8167,2024-04-29,0.34316337,1,WELL
8168,2024-05-22,0.57716537,1,PFG
8169,2024-04-08,0.5554087,-1,OXY
8170,2024-04-11,0.61805636,-1,EPAM
8171,2024-05-01,0.31727582,1,CDW
8172,2024-05-21,0.47015607,-1,FAST
8173,2024-03-28,0.5625275,-1,SNA
8174,2024-04-22,0.48858905,-1,XEL
8175,2024-04-30,0.51798517,1,CME
8176,2024-04-30,0.52198535,1,MNST
8177,2024-05-20,0.509015,-1,QRVO
8178,2024-05-20,0.55430746,-1,SPG
8179,2024-04-02,0.44441438,-1,PHM
8180,2024-05-22,0.55474573,1,HES
8181,2024-04-29,0.5547005,1,ES
8182,2024-04-18,0.3987009,1,CCL
8183,2024-04-04,0.32325777,-1,PHM
8184,2024-04-19,0.4082097,-1,NWS
8185,2024-05-07,0.5763819,1,WBD
8186,2024-05-15,0.5145814,-1,TECH
8187,2024-05-21,0.6532586,-1,DTE
8188,2024-04-19,0.4743224,1,ADBE
8189,2024-04-05,0.53067803,-1,MPC
8190,2024-05-02,0.2293163,1,DGX
8191,2024-05-10,0.54985315,1,DECK
8192,2024-05-09,0.52984375,-1,MOH
8193,2024-04-15,0.29567525,1,MMM
8194,2024-04-12,0.5833977,-1,TRMB
8195,2024-05-16,0.52851427,1,WAB
8196,2024-04-23,0.45157346,1,BALL
8197,2024-05-02,0.53607535,1,ALLE
8198,2024-04-03,0.5030428,-1,CRL
8199,2024-05-10,0.51843625,1,CB
8200,2024-04-01,0.5423192,-1,EVRG
8201,2024-04-23,0.39153698,-1,TSN
8202,2024-04-09,0.4296482,-1,JPM
8203,2024-04-09,0.5728558,-1,ICE
8204,2024-04-10,0.46773222,-1,CTLT
8205,2024-04-25,0.16880494,1,ZBH
8206,2024-04-05,0.28884083,-1,TMUS
8207,2024-05-01,0.50243664,1,EXR
8208,2024-05-16,0.45638785,-1,FITB
8209,2024-05-06,0.4332523,1,KDP
8210,2024-05-01,0.549809,-1,MPWR
8211,2024-04-26,0.756594,1,ED
8212,2024-04-05,0.30924478,-1,TAP
8213,2024-04-03,0.47785357,-1,AON
8214,2024-04-12,0.4771806,1,LOW
8215,2024-04-09,0.51859903,-1,MOH
8216,2024-05-02,0.59601974,-1,BAX
8217,2024-04-01,0.41327816,1,JBL
8218,2024-05-20,0.40281373,1,HPE
8219,2024-04-18,0.29829088,1,COF
8220,2024-04-10,0.6388407,-1,CRL
8221,2024-04-15,0.293539,-1,TROW
8222,2024-05-16,0.4539965,-1,TGT
8223,2024-04-29,0.56722385,1,OMC
8224,2024-05-23,0.54492635,-1,TER
8225,2024-05-21,0.505968,-1,DOC
8226,2024-04-11,0.594736,-1,CAT
8227,2024-05-21,0.56740993,-1,CTVA
8228,2024-05-09,0.6044112,1,COST
8229,2024-04-12,0.5031145,-1,AMZN
8230,2024-05-23,0.49537143,-1,BKR
8231,2024-05-22,0.57755005,1,NKE
8232,2024-04-04,0.38927624,-1,CF
8233,2024-05-23,0.5774082,-1,QRVO
8234,2024-04-15,0.5202701,-1,PKG
8235,2024-04-16,0.50959027,1,AXP
8236,2024-04-17,0.46147305,1,JPM
8237,2024-05-14,0.36890748,1,FSLR
8238,2024-04-25,0.51141965,1,RF
8239,2024-04-15,0.43444666,1,BDX
8240,2024-04-08,0.45892414,-1,VRSN
8241,2024-04-17,0.54499435,1,APD
8242,2024-04-09,0.5021507,-1,CMG
8243,2024-05-15,0.50902,-1,KO
8244,2024-04-22,0.83907753,-1,ABT
8245,2024-04-16,0.5256547,-1,ROL
8246,2024-04-17,0.52568614,-1,DE
8247,2024-05-03,0.53335655,1,LOW
8248,2024-04-12,0.52522147,-1,PAYX
8249,2024-05-09,0.21678174,1,MCHP
8250,2024-04-30,0.5952551,-1,BAX
8251,2024-03-28,0.3303173,-1,PNR
8252,2024-04-02,0.487224,1,NOW
8253,2024-05-15,0.59488785,-1,META
8254,2024-04-12,0.341788,1,TSCO
8255,2024-04-18,0.5436068,1,ADSK
8256,2024-05-09,0.5074351,1,GOOGL
8257,2024-05-07,0.45768732,1,TMO
8258,2024-04-03,0.5410281,1,PAYC
8259,2024-04-15,0.45361796,-1,ROK
8260,2024-05-13,0.5808003,1,BKNG
8261,2024-05-23,0.45181015,1,MSI
8262,2024-04-19,0.37808222,1,PNW
8263,2024-04-04,0.52546215,-1,DXCM
8264,2024-05-14,0.5426509,1,MPC
8265,2024-04-22,0.45794314,1,BDX
8266,2024-04-09,0.52149016,-1,LLY
8267,2024-05-23,0.43280602,-1,MPWR
8268,2024-05-23,0.4850056,1,TPR
8269,2024-04-10,0.43826672,1,LMT
8270,2024-05-23,0.39212802,1,YUM
8271,2024-04-01,0.5068657,-1,ABBV
8272,2024-04-17,0.32620624,1,EA
8273,2024-05-14,0.41983274,-1,AEE
8274,2024-04-02,0.52294856,-1,UBER
8275,2024-04-03,0.3868254,1,CTAS
8276,2024-05-09,0.59536505,-1,WRB
8277,2024-05-23,0.5598101,-1,LVS
8278,2024-05-22,0.45190018,1,XEL
8279,2024-04-09,0.62838644,-1,F
8280,2024-05-21,0.58198816,-1,CRM
8281,2024-05-21,0.573871,-1,FE
8282,2024-05-16,0.49014986,1,CHRW
8283,2024-04-22,0.47796378,-1,JPM
8284,2024-04-19,0.6895288,1,AFL
8285,2024-05-20,0.4997014,-1,ADBE
8286,2024-04-02,0.689705,-1,JNJ
8287,2024-04-04,0.64483684,1,AVB
8288,2024-04-09,0.5258004,-1,SJM
8289,2024-04-11,0.20630646,-1,STX
8290,2024-05-15,0.4101289,-1,F
8291,2024-04-01,0.30250588,-1,MMM
8292,2024-04-18,0.5247895,1,RMD
8293,2024-05-20,0.5046452,-1,MCHP
8294,2024-05-10,0.3915598,1,VICI
8295,2024-04-23,0.4626188,-1,SNA
8296,2024-05-06,0.5878778,1,SNA
8297,2024-03-28,0.4922345,-1,V
8298,2024-05-07,0.76985705,1,PCG
8299,2024-04-04,0.54463226,-1,VTR
8300,2024-05-21,0.38088882,-1,RMD
8301,2024-05-13,0.3439772,1,PCG
8302,2024-04-01,0.49731737,-1,EG
8303,2024-03-28,0.5094981,1,MKTX
8304,2024-05-02,0.4180768,-1,KIM
8305,2024-04-15,0.22372293,1,AJG
8306,2024-04-04,0.5271856,-1,GL
8307,2024-04-15,0.29389802,-1,ZBH
8308,2024-04-30,0.4913775,1,HAS
8309,2024-04-18,0.30539656,-1,NSC
8310,2024-05-22,0.51279193,-1,KHC
8311,2024-04-04,0.47093758,-1,MCO
8312,2024-05-21,0.6686945,1,AIZ
8313,2024-05-13,0.6435814,-1,RJF
8314,2024-04-05,0.4732309,-1,KHC
8315,2024-04-11,0.3529283,-1,CMG
8316,2024-04-18,0.4113739,-1,HAL
8317,2024-03-28,0.5467785,-1,ABBV
8318,2024-04-16,0.53974867,-1,SNA
8319,2024-04-11,0.51498646,1,KHC
8320,2024-05-09,0.5120429,-1,HD
8321,2024-05-02,0.103215784,-1,BBY
8322,2024-04-05,0.46618214,-1,REGN
8323,2024-04-15,0.29198575,-1,CPRT
8324,2024-05-22,0.3816877,-1,ECL
8325,2024-04-03,0.3213824,-1,KO
8326,2024-04-26,0.52502626,1,ZBRA
8327,2024-04-02,0.4944124,-1,ABBV
8328,2024-04-03,0.39692077,-1,DG
8329,2024-04-03,0.57031906,-1,GWW
8330,2024-05-10,0.4414745,1,EOG
8331,2024-05-02,0.43882954,-1,DIS
8332,2024-04-23,0.60168076,-1,FTNT
8333,2024-05-22,0.5183332,1,TAP
8334,2024-05-01,0.43148497,1,WM
8335,2024-05-10,0.16194607,-1,NOC
8336,2024-04-25,0.3578622,-1,SBAC
8337,2024-04-11,0.17505531,1,CVS
8338,2024-04-15,0.52995014,1,UNP
8339,2024-05-01,0.5354597,1,CHRW
8340,2024-05-14,0.71742505,1,CDW
8341,2024-04-04,0.53988695,-1,NUE
8342,2024-04-15,0.5148231,-1,PLD
8343,2024-05-07,0.47035193,1,HLT
8344,2024-05-09,0.49691075,1,PM
8345,2024-04-23,0.31430516,-1,SPG
8346,2024-05-21,0.5482829,-1,MCO
8347,2024-04-22,0.28071165,1,EXC
8348,2024-04-26,0.50680774,1,ENPH
8349,2024-04-19,0.59193075,1,INTU
8350,2024-04-25,0.48253208,1,VMC
8351,2024-04-16,0.5190824,1,C
8352,2024-04-19,0.5145741,-1,VRTX
8353,2024-05-03,0.5757913,1,STE
8354,2024-04-10,0.48519313,-1,MSI
8355,2024-04-11,0.46833277,1,T
8356,2024-04-23,0.4446299,-1,LOW
8357,2024-04-29,0.48785305,-1,IQV
8358,2024-04-19,0.48678082,1,EQR
8359,2024-04-02,0.3940751,-1,BLDR
8360,2024-04-23,0.369289,1,MAA
8361,2024-05-13,0.5002429,-1,AMCR
8362,2024-04-23,0.50127506,-1,EQT
8363,2024-04-29,0.60437137,1,MA
8364,2024-05-02,0.397194,-1,ODFL
8365,2024-04-08,0.45299122,-1,LEN
8366,2024-04-02,0.49163994,1,TECH
8367,2024-05-15,0.37444896,-1,EXPD
8368,2024-05-09,0.54509115,-1,AON
8369,2024-04-04,0.53727865,-1,IBM
8370,2024-05-02,0.421548,1,CINF
8371,2024-04-16,0.14923449,-1,NUE
8372,2024-04-02,0.5490497,-1,V
8373,2024-05-14,0.53005457,-1,NI
8374,2024-04-04,0.5159877,-1,TXN
8375,2024-05-23,0.39781642,-1,NSC
8376,2024-04-05,0.29080567,-1,KMX
8377,2024-04-23,0.5556914,1,TMUS
8378,2024-04-05,0.54127294,-1,WMB
8379,2024-04-29,0.49522796,1,AVY
8380,2024-04-08,0.27583537,-1,NCLH
8381,2024-04-10,0.5805258,-1,UNP
8382,2024-05-08,0.3602235,-1,CTRA
8383,2024-04-19,0.3592663,1,KEY
8384,2024-03-28,0.48832065,1,MOS
8385,2024-04-22,0.4922906,1,HSY
8386,2024-04-17,0.35361123,1,CMS
8387,2024-05-01,0.46654928,1,TMO
8388,2024-05-06,0.5961443,1,TJX
8389,2024-04-05,0.54434866,-1,L
8390,2024-04-26,0.6745473,1,PSA
8391,2024-04-03,0.5133651,-1,CLX
8392,2024-04-16,0.20565043,1,MMM
8393,2024-04-10,0.50036025,-1,EPAM
8394,2024-05-07,0.5568808,1,EFX
8395,2024-04-30,0.33800113,1,BG
8396,2024-04-05,0.33537808,-1,DOV
8397,2024-05-06,0.5399846,-1,PAYC
8398,2024-05-21,0.5476505,-1,ATO
8399,2024-04-19,0.50154436,-1,NSC
8400,2024-05-09,0.6097214,1,T
8401,2024-03-28,0.37049878,-1,GOOG
8402,2024-05-16,0.30706182,-1,NVR
8403,2024-05-03,0.22990318,1,EXR
8404,2024-05-01,0.5356696,1,MAR
8405,2024-04-24,0.5711057,-1,BBY
8406,2024-04-12,0.27236018,-1,IR
8407,2024-04-24,0.46941257,-1,CAT
8408,2024-04-10,0.4800911,-1,HWM
8409,2024-05-08,0.13082387,1,STX
8410,2024-04-01,0.43753093,-1,T
8411,2024-04-15,0.67611045,1,LUV
8412,2024-04-25,0.3085144,1,WRB
8413,2024-04-11,0.5615115,-1,CBRE
8414,2024-04-04,0.617202,-1,BLK
8415,2024-04-04,0.3920112,1,YUM
8416,2024-04-04,0.5654214,-1,MS
8417,2024-05-16,0.5048226,-1,PSA
8418,2024-05-03,0.6884942,1,HPQ
8419,2024-04-24,0.5324702,1,CHTR
8420,2024-04-19,0.4247855,1,YUM
8421,2024-05-03,0.4657685,1,ADM
8422,2024-04-18,0.37193412,1,ARE
8423,2024-04-18,0.2935668,1,HPQ
8424,2024-04-01,0.5215004,-1,AIZ
8425,2024-05-16,0.5201259,-1,WFC
8426,2024-05-08,0.51600015,1,UNH
8427,2024-05-20,0.52187216,-1,WBD
8428,2024-04-17,0.5284752,1,WAT
8429,2024-04-30,0.44298768,-1,ABBV
8430,2024-05-10,0.29909757,1,COST
8431,2024-04-19,0.40081924,1,ECL
8432,2024-04-15,0.6434589,-1,ANET
8433,2024-05-10,0.41253927,1,KEYS
8434,2024-04-03,0.5028867,-1,SYK
8435,2024-05-01,0.41814262,1,UNP
8436,2024-05-03,0.20363624,1,COO
8437,2024-04-22,0.40611112,1,APD
8438,2024-04-16,0.36321187,-1,FDS
8439,2024-05-16,0.26533735,-1,MS
8440,2024-04-10,0.5216341,-1,IBM
8441,2024-04-11,0.6630456,-1,WST
8442,2024-04-22,0.58914834,1,TXN
8443,2024-05-02,0.4478521,1,PNW
8444,2024-04-10,0.48593795,-1,CZR
8445,2024-05-10,0.42436078,1,AFL
8446,2024-03-28,0.3747502,-1,LVS
8447,2024-04-03,0.4849278,1,NVDA
8448,2024-04-25,0.40943557,1,AIZ
8449,2024-04-01,0.4784028,-1,DLTR
8450,2024-04-05,0.34011886,-1,CRL
8451,2024-05-06,0.5022002,1,ROP
8452,2024-04-04,0.585923,-1,CMI
8453,2024-04-11,0.33418247,-1,BBWI
8454,2024-05-02,0.44316542,1,CHTR
8455,2024-05-03,0.3226999,1,VZ
8456,2024-05-08,0.56486964,1,BBWI
8457,2024-04-16,0.6223511,1,PAYC
8458,2024-04-11,0.48432392,-1,MDT
8459,2024-05-21,0.5091251,-1,ADP
8460,2024-05-01,0.47380844,1,DTE
8461,2024-05-09,0.49289083,-1,NOC
8462,2024-05-02,0.54243237,-1,CTLT
8463,2024-04-25,0.54430765,-1,ROST
8464,2024-05-07,0.5648319,1,TER
8465,2024-04-02,0.5685212,-1,SWK
8466,2024-04-16,0.46513775,1,EQR
8467,2024-03-28,0.08752609,-1,IBM
8468,2024-04-17,0.100395165,1,JKHY
8469,2024-04-12,0.6200104,-1,LH
8470,2024-05-21,0.47343394,1,VST
8471,2024-04-11,0.32199147,-1,BIO
8472,2024-04-01,0.46374178,-1,BLK
8473,2024-04-02,0.46604967,-1,ACGL
8474,2024-04-16,0.58609784,1,AWK
8475,2024-05-06,0.5358427,-1,ISRG
8476,2024-05-01,0.24109896,-1,HOLX
8477,2024-05-03,0.5577521,1,RSG
8478,2024-04-17,0.44161707,1,TECH
8479,2024-05-10,0.49258867,1,SCHW
8480,2024-04-29,0.47954336,1,UNH
8481,2024-05-17,0.5374571,-1,MGM
8482,2024-04-15,0.5761154,1,CBOE
8483,2024-04-15,0.37527442,-1,ITW
8484,2024-05-02,0.48239747,-1,GE
8485,2024-05-15,0.48955926,-1,AMD
8486,2024-04-12,0.54591715,-1,LKQ
8487,2024-04-01,0.20709842,1,DHR
8488,2024-05-22,0.4859057,1,CFG
8489,2024-05-17,0.4950146,-1,VICI
8490,2024-03-28,0.4575757,-1,STLD
8491,2024-05-01,0.34214896,1,LMT
8492,2024-04-01,0.46679628,-1,MU
8493,2024-04-03,0.30238545,1,AME
8494,2024-04-16,0.6041854,1,MAA
8495,2024-05-07,0.6511578,-1,DLTR
8496,2024-05-09,0.47119886,-1,FITB
8497,2024-05-20,0.6152217,-1,NVR
8498,2024-04-19,0.36793303,1,AVB
8499,2024-04-15,0.27114782,1,AMCR
8500,2024-04-30,0.2724782,1,SYY
8501,2024-05-07,0.42625177,1,ARE
8502,2024-05-13,0.6084052,1,CDNS
8503,2024-04-17,0.19991681,1,LNT
8504,2024-04-19,0.38454118,-1,GILD
8505,2024-04-30,0.4984599,1,TRV
8506,2024-04-08,0.52159095,-1,NOC
8507,2024-05-15,0.40363017,-1,MTD
8508,2024-03-28,0.29029185,-1,OMC
8509,2024-05-13,0.5113975,-1,IEX
8510,2024-05-14,0.5545203,-1,CAT
8511,2024-05-02,0.46231532,1,PRU
8512,2024-04-25,0.34972328,-1,CSX
8513,2024-04-12,0.4532594,-1,UBER
8514,2024-04-12,0.5400955,-1,HPE
8515,2024-04-02,0.49355772,1,PANW
8516,2024-03-28,0.53445643,-1,REG
8517,2024-04-11,0.5392313,1,AJG
8518,2024-04-18,0.4879074,1,ROK
8519,2024-05-02,0.5382232,1,ADI
8520,2024-04-01,0.6159716,1,SWK
8521,2024-03-28,0.48956344,-1,SO
8522,2024-05-09,0.47600856,-1,ZBH
8523,2024-05-14,0.5163332,-1,ULTA
8524,2024-05-08,0.33607772,-1,CVX
8525,2024-04-05,0.5002647,-1,WM
8526,2024-04-11,0.46804717,1,JNJ
8527,2024-05-13,0.6787334,1,MAR
8528,2024-04-10,0.22045904,-1,AWK
8529,2024-04-19,0.39167675,1,AES
8530,2024-05-16,0.7249626,-1,PAYC
8531,2024-03-28,0.4841524,-1,C
8532,2024-04-19,0.6005771,-1,ULTA
8533,2024-04-15,0.2376458,1,L
8534,2024-04-11,0.41986033,1,EIX
8535,2024-04-15,0.46801394,-1,LYV
8536,2024-05-01,0.4778941,1,DUK
8537,2024-04-23,0.6292927,-1,CE
8538,2024-05-01,0.51749474,1,NWSA
8539,2024-04-02,0.549874,-1,ATO
8540,2024-05-06,0.40727526,1,CMS
8541,2024-04-29,0.67341864,1,FITB
8542,2024-04-25,0.48121315,-1,BBWI
8543,2024-05-20,0.50617003,-1,EOG
8544,2024-05-20,0.622142,-1,CBRE
8545,2024-04-08,0.37222317,-1,UNP
8546,2024-04-01,0.46921062,1,BIO
8547,2024-05-21,0.610835,-1,IT
8548,2024-05-17,0.5007575,1,GNRC
8549,2024-05-23,0.31711164,1,PFE
8550,2024-03-28,0.29237658,-1,A
8551,2024-04-12,0.44546816,-1,KEYS
8552,2024-04-25,0.45803455,1,DD
8553,2024-05-21,0.49000496,-1,APD
8554,2024-04-22,0.46353248,1,ATO
8555,2024-04-12,0.41035938,1,EQT
8556,2024-04-25,0.46039945,-1,PCAR
8557,2024-05-23,0.3623646,1,PNC
8558,2024-05-08,0.6052597,-1,GWW
8559,2024-05-13,0.30204448,1,DGX
8560,2024-03-28,0.5093177,-1,DVA
8561,2024-05-14,0.51998323,-1,WEC
8562,2024-04-05,0.490078,-1,AMCR
8563,2024-04-09,0.5231997,-1,ROP
8564,2024-04-16,0.5126116,-1,FSLR
8565,2024-04-04,0.38879153,-1,AFL
8566,2024-05-02,0.27355465,1,CVX
8567,2024-04-25,0.5639611,1,CPT
8568,2024-05-08,0.552711,1,EBAY
8569,2024-04-23,0.46148428,-1,CF
8570,2024-05-16,0.4403721,-1,JBHT
8571,2024-04-02,0.53917944,-1,HD
8572,2024-04-04,0.38985023,-1,CPB
8573,2024-04-19,0.35589007,1,IRM
8574,2024-05-14,0.59589326,-1,JBHT
8575,2024-04-04,0.35778067,-1,STZ
8576,2024-04-24,0.5175005,-1,MCHP
8577,2024-04-23,0.7297839,-1,TPR
8578,2024-05-17,0.5303376,1,TXN
8579,2024-03-28,0.4492838,-1,ANET
8580,2024-04-17,0.5102065,1,ALGN
8581,2024-04-25,0.44831178,1,CTVA
8582,2024-04-10,0.34922293,1,ED
8583,2024-05-14,0.6571156,-1,LOW
8584,2024-04-23,0.25718537,-1,CMI
8585,2024-04-04,0.5104758,-1,CAG
8586,2024-05-10,0.4200352,1,GD
8587,2024-03-28,0.1690473,-1,UNP
8588,2024-04-17,0.44423065,1,NEM
8589,2024-05-14,0.6148602,1,BAC
8590,2024-03-28,0.5027116,-1,ICE
8591,2024-05-17,0.35863554,-1,IBM
8592,2024-04-03,0.5217519,-1,MRO
8593,2024-04-11,0.5146678,1,IPG
8594,2024-04-24,0.33133724,1,CMS
8595,2024-04-25,0.4008355,1,CTAS
8596,2024-05-03,0.49433616,-1,CPRT
8597,2024-05-09,0.46341616,1,FCX
8598,2024-05-22,0.3832937,-1,MNST
8599,2024-04-22,0.5651853,1,KO
8600,2024-04-19,0.5798137,-1,WBA
8601,2024-04-11,0.2543232,-1,EMR
8602,2024-04-12,0.39951614,-1,HAL
8603,2024-04-22,0.46283638,1,AVY
8604,2024-05-23,0.3624829,1,VTR
8605,2024-03-28,0.47405717,-1,ECL
8606,2024-04-01,0.54160506,1,EOG
8607,2024-04-12,0.4512564,1,AIZ
8608,2024-04-02,0.30825642,-1,CSGP
8609,2024-05-23,0.50185335,-1,DAY
8610,2024-05-23,0.31929743,-1,TSCO
8611,2024-05-08,0.64799815,1,EW
8612,2024-04-03,0.57556516,-1,PRU
8613,2024-05-21,0.45523074,-1,J
8614,2024-04-18,0.6045057,1,ETSY
8615,2024-04-11,0.48483455,-1,EW
8616,2024-05-13,0.49034357,1,HBAN
8617,2024-05-08,0.6877599,1,COO
8618,2024-05-22,0.32898113,1,RCL
8619,2024-04-11,0.45664048,-1,BKR
8620,2024-05-03,0.36255693,1,STX
8621,2024-05-22,0.3763812,1,CTVA
8622,2024-05-08,0.466459,1,BR
8623,2024-04-15,0.4625154,1,ETR
8624,2024-04-09,0.43357402,-1,PG
8625,2024-04-15,0.4584814,1,COP
8626,2024-05-07,0.617801,1,CPT
8627,2024-04-26,0.54752284,-1,DRI
8628,2024-04-10,0.35059983,-1,PPG
8629,2024-04-09,0.4446058,-1,BIO
8630,2024-05-15,0.5099411,-1,MKC
8631,2024-05-03,0.49919164,-1,EXPE
8632,2024-04-10,0.49665904,1,COF
8633,2024-05-08,0.535603,1,ON
8634,2024-05-08,0.60370743,-1,TAP
8635,2024-05-02,0.4494554,1,DPZ
8636,2024-04-01,0.4574643,-1,RJF
8637,2024-04-05,0.46615133,-1,AMGN
8638,2024-04-16,0.51013273,1,NOC
8639,2024-05-20,0.49379998,-1,INTC
8640,2024-04-12,0.45432037,1,JNJ
8641,2024-04-22,0.5998157,1,PG
8642,2024-05-01,0.56507534,1,SBUX
8643,2024-05-20,0.5169576,1,NRG
8644,2024-05-20,0.56915087,1,ENPH
8645,2024-04-23,0.3235804,1,KO
8646,2024-05-17,0.59253675,1,IP
8647,2024-05-09,0.48319644,-1,GE
8648,2024-05-03,0.34897143,1,FITB
8649,2024-05-22,0.45863402,-1,CDNS
8650,2024-05-08,0.5453286,1,NDAQ
8651,2024-05-08,0.53278255,-1,KR
8652,2024-04-05,0.51381564,-1,ADM
8653,2024-05-02,0.5646386,1,EQR
8654,2024-05-10,0.3602325,1,PNR
8655,2024-04-05,0.42764422,-1,RSG
8656,2024-04-11,0.42884272,1,PFG
8657,2024-04-08,0.35927698,-1,MPWR
8658,2024-03-28,0.4728728,1,NOW
8659,2024-04-23,0.5456507,-1,CRWD
8660,2024-04-18,0.17786112,-1,CB
8661,2024-05-20,0.45063335,-1,MCO
8662,2024-04-15,0.40142524,1,SCHW
8663,2024-05-09,0.62229466,1,PSX
8664,2024-05-21,0.6243225,-1,HAS
8665,2024-05-08,0.5214461,1,TSN
8666,2024-05-01,0.50418013,-1,WRB
8667,2024-05-10,0.32142535,1,CRM
8668,2024-05-22,0.6760965,1,ALL
8669,2024-05-21,0.5085782,-1,VLO
8670,2024-04-26,0.4290523,-1,CF
8671,2024-04-17,0.31053388,1,TRMB
8672,2024-04-10,0.6248918,1,AOS
8673,2024-05-13,0.579254,1,WAB
8674,2024-05-06,0.4540525,-1,FMC
8675,2024-04-03,0.33173156,-1,CNP
8676,2024-04-03,0.658708,-1,PARA
8677,2024-05-13,0.4999477,1,PANW
8678,2024-05-16,0.60475826,1,NWS
8679,2024-04-15,0.231496,1,AIZ
8680,2024-04-25,0.4241737,-1,DOV
8681,2024-05-01,0.5375438,1,MKC
8682,2024-04-09,0.4613797,-1,TJX
8683,2024-04-26,0.56055266,1,COO
8684,2024-04-09,0.546322,-1,AMT
8685,2024-03-28,0.38598415,-1,ON
8686,2024-05-13,0.6520053,-1,BMY
8687,2024-04-12,0.6270121,-1,AMD
8688,2024-05-23,0.53881264,1,BIO
8689,2024-05-21,0.53515863,-1,DUK
8690,2024-04-10,0.50020945,-1,MNST
8691,2024-04-17,0.43552077,1,KIM
8692,2024-05-07,0.46486175,1,SNPS
8693,2024-04-05,0.4379371,1,ROK
8694,2024-04-15,0.09528131,1,ABBV
8695,2024-04-19,0.41905293,1,CL
8696,2024-04-15,0.5156514,1,NVR
8697,2024-05-16,0.5362218,-1,MLM
8698,2024-04-05,0.5394638,-1,PNW
8699,2024-04-23,0.3768209,-1,PGR
8700,2024-05-13,0.49487242,1,MPWR
8701,2024-05-09,0.51180977,1,ISRG
8702,2024-05-13,0.43273464,1,DD
8703,2024-04-10,0.42561936,-1,AON
8704,2024-05-10,0.3881006,1,PTC
8705,2024-04-23,0.50721115,1,MO
8706,2024-04-01,0.29205224,-1,KMX
8707,2024-04-16,0.5489506,1,BK
8708,2024-04-26,0.45888597,1,EA
8709,2024-05-21,0.39961737,1,RL
8710,2024-05-01,0.43136033,-1,HAS
8711,2024-05-06,0.5731492,-1,SHW
8712,2024-05-16,0.517852,1,RVTY
8713,2024-05-10,0.486977,1,LUV
8714,2024-04-24,0.29739067,1,AMGN
8715,2024-04-09,0.48861063,-1,CPRT
8716,2024-05-09,0.5196085,-1,FOX
8717,2024-05-23,0.58834046,1,PHM
8718,2024-04-01,0.4481465,-1,SMCI
8719,2024-05-06,0.55472016,1,ARE
8720,2024-04-11,0.40555865,-1,QRVO
8721,2024-05-09,0.6873918,1,ENPH
8722,2024-04-04,0.26326668,-1,ADP
8723,2024-04-24,0.55731165,-1,VRSN
8724,2024-04-17,0.49917284,1,CTAS
8725,2024-04-02,0.63689727,-1,MET
8726,2024-05-22,0.22975326,-1,ROK
8727,2024-04-02,0.32455763,-1,UAL
8728,2024-04-29,0.7535298,1,MKTX
8729,2024-05-02,0.47428587,1,BDX
8730,2024-05-23,0.3988622,-1,MCO
8731,2024-04-23,0.68352664,1,GRMN
8732,2024-05-07,0.39200306,1,BALL
8733,2024-05-15,0.6687324,-1,TAP
8734,2024-05-16,0.5151192,-1,BK
8735,2024-04-04,0.44885176,-1,WAT
8736,2024-04-01,0.48016667,1,GWW
8737,2024-05-23,0.37645513,-1,SNPS
8738,2024-05-16,0.5029445,1,MOS
8739,2024-04-02,0.48633182,1,ES
8740,2024-05-09,0.51445395,1,SBAC
8741,2024-04-29,0.5443502,1,TECH
8742,2024-04-11,0.49572718,1,NKE
8743,2024-04-19,0.406425,-1,TGT
8744,2024-04-22,0.5465439,1,TYL
8745,2024-04-17,0.6091191,1,MRNA
8746,2024-05-07,0.5409398,1,BK
8747,2024-04-08,0.42191458,-1,ON
8748,2024-04-17,0.45102197,1,AFL
8749,2024-04-30,0.53562546,1,FICO
8750,2024-04-09,0.54889,-1,TMO
8751,2024-05-14,0.57297456,-1,CRM
8752,2024-04-16,0.50512993,1,KR
8753,2024-04-01,0.5129455,-1,ICE
8754,2024-04-19,0.44586706,1,DUK
8755,2024-05-22,0.5012532,1,NFLX
8756,2024-04-12,0.45494977,1,CLX
8757,2024-04-03,0.5631475,-1,HD
8758,2024-04-12,0.3844931,1,CINF
8759,2024-05-16,0.4648073,1,ENPH
8760,2024-05-02,0.43492916,-1,AXON
8761,2024-04-08,0.5767694,-1,O
8762,2024-04-29,0.54543126,1,GNRC
8763,2024-04-30,0.47919825,1,VZ
8764,2024-05-20,0.5245705,-1,BIIB
8765,2024-05-16,0.70245993,-1,ABNB
8766,2024-05-07,0.5287376,1,OTIS
8767,2024-05-02,0.3932725,1,BALL
8768,2024-04-08,0.35807142,-1,MS
8769,2024-04-23,0.44559315,-1,URI
8770,2024-04-19,0.6747061,1,LHX
8771,2024-05-03,0.5600726,1,ETSY
8772,2024-05-06,0.5657996,1,FTV
8773,2024-04-01,0.564238,1,PLD
8774,2024-04-23,0.5350157,-1,FI
8775,2024-05-08,0.33771744,1,DGX
8776,2024-04-04,0.65368974,-1,HUM
8777,2024-04-29,0.529443,-1,NOC
8778,2024-05-13,0.5613329,-1,DIS
8779,2024-04-18,0.6404371,-1,GILD
8780,2024-05-07,0.5188044,1,GILD
8781,2024-04-23,0.41744575,-1,BLDR
8782,2024-05-17,0.5455511,-1,SNA
8783,2024-04-11,0.5681565,-1,TDG
8784,2024-05-23,0.49464598,1,PYPL
8785,2024-04-17,0.45593888,-1,LYV
8786,2024-04-03,0.42560965,-1,STX
8787,2024-04-10,0.72074264,-1,VTR
8788,2024-05-20,0.4752909,-1,BMY
8789,2024-04-23,0.55389595,1,VICI
8790,2024-05-06,0.57216954,-1,ABT
8791,2024-05-13,0.6495166,-1,SWK
8792,2024-04-09,0.5279312,-1,DG
8793,2024-03-28,0.42193475,-1,NDAQ
8794,2024-05-08,0.45182595,-1,AWK
8795,2024-05-06,0.4932874,-1,EA
8796,2024-04-09,0.5708041,-1,FCX
8797,2024-05-10,0.63182265,-1,CMG
8798,2024-04-24,0.55915666,-1,SMCI
8799,2024-05-15,0.5591179,1,REGN
8800,2024-04-12,0.41532335,-1,DHI
8801,2024-04-26,0.3661738,-1,OXY
8802,2024-04-18,0.461654,1,SYK
8803,2024-05-13,0.39604005,-1,EMN
8804,2024-05-02,0.63936806,1,APTV
8805,2024-05-03,0.52985024,1,CHRW
8806,2024-04-26,0.5204551,1,A
8807,2024-05-17,0.5783293,-1,SJM
8808,2024-05-06,0.51502794,1,OMC
8809,2024-04-26,0.50386244,-1,FANG
8810,2024-05-08,0.5647297,-1,PNR
8811,2024-03-28,0.43735918,1,ADP
8812,2024-04-29,0.52025074,1,HWM
8813,2024-05-16,0.42842352,-1,MET
8814,2024-04-17,0.31596813,1,EQR
8815,2024-04-02,0.49421737,1,INVH
8816,2024-04-18,0.3126963,1,INVH
8817,2024-04-12,0.57994586,-1,ODFL
8818,2024-05-13,0.48379916,1,PAYX
8819,2024-05-10,0.4033413,1,BIIB
8820,2024-05-14,0.12011487,-1,VTRS
8821,2024-05-21,0.4972033,-1,ED
8822,2024-04-09,0.15674412,-1,PHM
8823,2024-05-03,0.44789603,1,HRL
8824,2024-03-28,0.4382855,-1,INTC
8825,2024-04-18,0.73408526,1,CL
8826,2024-03-28,0.39841655,-1,NSC
8827,2024-04-04,0.55277646,-1,CDW
8828,2024-05-23,0.43559998,-1,AMAT
8829,2024-04-30,0.26282153,1,IVZ
8830,2024-04-23,0.680189,-1,EFX
8831,2024-04-23,0.57254034,-1,LH
8832,2024-04-05,0.5370454,-1,DIS
8833,2024-04-29,0.64622056,1,K
8834,2024-04-24,0.4779553,1,DE
8835,2024-05-02,0.55338985,1,JBL
8836,2024-04-24,0.49563196,1,MU
8837,2024-03-28,0.49899203,-1,CDNS
8838,2024-04-29,0.5953047,1,MCO
8839,2024-04-16,0.36030662,1,BAX
8840,2024-04-09,0.45725426,-1,IRM
8841,2024-05-08,0.5510679,-1,AZO
8842,2024-05-06,0.41667795,1,HIG
8843,2024-04-15,0.50078243,1,FOX
8844,2024-04-24,0.53757703,-1,KDP
8845,2024-04-17,0.12645529,1,ROK
8846,2024-04-16,0.4045619,1,CHTR
8847,2024-04-08,0.43158352,-1,BSX
8848,2024-05-02,0.40759918,-1,CPRT
8849,2024-05-14,0.47500893,-1,MLM
8850,2024-04-11,0.46421131,1,CL
8851,2024-05-21,0.36774284,-1,ALB
8852,2024-04-03,0.47316462,-1,GPN
8853,2024-04-30,0.50099117,1,MPC
8854,2024-04-18,0.3146397,1,NTRS
8855,2024-05-15,0.47319278,1,SNPS
8856,2024-04-11,0.5435948,-1,WDC
8857,2024-04-16,0.44006574,1,ALL
8858,2024-04-11,0.49092463,-1,DHR
8859,2024-05-02,0.5487557,1,AEE
8860,2024-04-25,0.41548866,1,UHS
8861,2024-04-04,0.46627307,-1,META
8862,2024-05-06,0.4078641,1,STT
8863,2024-05-17,0.3715445,-1,CAT
8864,2024-04-16,0.5210316,-1,WDC
8865,2024-04-08,0.47266206,-1,PCAR
8866,2024-03-28,0.5118219,-1,CAH
8867,2024-04-25,0.50385433,1,LMT
8868,2024-04-11,0.5126008,1,PFE
8869,2024-04-19,0.15425129,-1,BX
8870,2024-05-13,0.71786225,-1,WST
8871,2024-05-20,0.43136513,-1,CTRA
8872,2024-05-03,0.51214176,1,XYL
8873,2024-05-09,0.41728386,1,PPL
8874,2024-04-11,0.4856836,-1,ETN
8875,2024-05-02,0.4645982,1,MTB
8876,2024-05-10,0.51036596,1,VRTX
8877,2024-05-17,0.52489245,1,APTV
8878,2024-04-26,0.45863086,1,NRG
8879,2024-05-08,0.7869665,1,PSA
8880,2024-05-23,0.75941944,-1,PWR
8881,2024-05-01,0.3865769,1,MCO
8882,2024-04-12,0.50202775,1,JPM
8883,2024-04-22,0.4514289,1,MDLZ
8884,2024-03-28,0.54121196,-1,ALL
8885,2024-04-24,0.46536717,1,FRT
8886,2024-04-11,0.5478232,-1,WY
8887,2024-05-07,0.5513062,1,RMD
8888,2024-04-29,0.7947292,1,TYL
8889,2024-04-25,0.4848111,1,GRMN
8890,2024-05-15,0.5320986,-1,NEE
8891,2024-05-20,0.62637687,-1,ES
8892,2024-05-17,0.35422173,-1,F
8893,2024-05-02,0.40757886,-1,VTRS
8894,2024-05-13,0.63268584,-1,IVZ
8895,2024-04-01,0.49046746,1,MAR
8896,2024-04-18,0.44082624,1,C
8897,2024-05-06,0.49233097,1,NUE
8898,2024-05-07,0.49650174,1,UAL
8899,2024-04-08,0.5816052,-1,ENPH
8900,2024-05-10,0.55349255,1,TER
8901,2024-04-25,0.47682506,1,AJG
8902,2024-05-21,0.5566844,-1,FICO
8903,2024-05-02,0.46468282,-1,AMGN
8904,2024-04-19,0.43843746,1,DOV
8905,2024-05-09,0.49277237,1,SWK
8906,2024-04-10,0.57228005,-1,MO
8907,2024-04-08,0.4447266,-1,DG
8908,2024-04-25,0.32730746,-1,JCI
8909,2024-04-16,0.7358483,1,EQIX
8910,2024-04-16,0.6791646,1,ANSS
8911,2024-04-02,0.49149698,1,CPT
8912,2024-05-14,0.5591393,1,DOV
8913,2024-05-20,0.27407318,-1,INTU
8914,2024-04-02,0.5494329,-1,INCY
8915,2024-04-30,0.19814631,1,AMCR
8916,2024-04-23,0.40467635,1,CMS
8917,2024-05-16,0.46109444,-1,AWK
8918,2024-04-10,0.50576437,-1,COST
8919,2024-04-29,0.5609053,1,LH
8920,2024-04-22,0.4931695,1,TSCO
8921,2024-05-09,0.40647146,1,MU
8922,2024-05-23,0.55688226,-1,K
8923,2024-04-16,0.46003523,1,AVB
8924,2024-05-08,0.5386789,-1,FDX
8925,2024-04-01,0.4594204,-1,CINF
8926,2024-04-29,0.4779771,-1,TSCO
8927,2024-04-02,0.4326597,-1,INTC
8928,2024-04-18,0.40306363,-1,CNC
8929,2024-04-22,0.4887706,-1,ABNB
8930,2024-04-30,0.3397942,1,MO
8931,2024-04-19,0.21382624,-1,MTB
8932,2024-04-15,0.4782834,1,ICE
8933,2024-04-03,0.4591951,-1,STE
8934,2024-04-26,0.6346896,1,AES
8935,2024-04-12,0.47991392,-1,BR
8936,2024-04-30,0.43026954,-1,ALL
8937,2024-04-04,0.5985103,-1,STLD
8938,2024-05-16,0.58957684,1,AVY
8939,2024-05-21,0.44328576,-1,V
8940,2024-05-10,0.42480317,1,FSLR
8941,2024-04-23,0.5865575,-1,HBAN
8942,2024-05-23,0.7389464,-1,MAS
8943,2024-05-02,0.41563386,1,HUBB
8944,2024-05-15,0.54911774,1,DECK
8945,2024-04-12,0.50640666,-1,PCAR
8946,2024-05-16,0.4543719,-1,GRMN
8947,2024-04-29,0.54256797,1,FOXA
8948,2024-04-01,0.44202343,1,MRNA
8949,2024-05-13,0.5208136,1,SBUX
8950,2024-04-09,0.55978626,-1,SYK
8951,2024-05-10,0.48240098,1,D
8952,2024-04-12,0.49339595,-1,PSX
8953,2024-03-28,0.68090624,-1,JNJ
8954,2024-03-28,0.45391622,1,QCOM
8955,2024-04-16,0.63148886,1,CARR
8956,2024-04-25,0.47072092,-1,ETN
8957,2024-04-23,0.48145217,1,TER
8958,2024-04-22,0.43532333,-1,CTRA
8959,2024-04-17,0.48262587,1,PH
8960,2024-04-02,0.5588202,-1,QCOM
8961,2024-04-11,0.4268757,1,XEL
8962,2024-05-09,0.28944913,1,EW
8963,2024-04-04,0.4522736,-1,ZBRA
8964,2024-04-24,0.45924896,-1,MMC
8965,2024-05-06,0.409216,1,F
8966,2024-04-24,0.4769672,1,ORCL
8967,2024-05-22,0.39185172,-1,CRL
8968,2024-04-22,0.5232713,-1,XYL
8969,2024-04-24,0.44619432,1,BWA
8970,2024-04-22,0.6585542,-1,ARE
8971,2024-04-19,0.4352797,-1,BG
8972,2024-05-16,0.55506843,1,HWM
8973,2024-04-16,0.45524687,1,AMT
8974,2024-04-19,0.48244137,1,TER
8975,2024-03-28,0.401481,-1,MS
8976,2024-05-17,0.49730378,-1,AMGN
8977,2024-05-15,0.5953274,-1,VRSK
8978,2024-05-02,0.6657106,1,HCA
8979,2024-05-16,0.48029006,1,TROW
8980,2024-05-09,0.58546096,-1,LOW
8981,2024-04-30,0.24914104,1,KEY
8982,2024-04-10,0.36084795,-1,XYL
8983,2024-05-08,0.27048275,1,ARE
8984,2024-04-10,0.5229621,-1,HOLX
8985,2024-04-22,0.34921896,1,CSGP
8986,2024-05-10,0.39803,1,VRSK
8987,2024-04-09,0.64096385,-1,GNRC
8988,2024-04-19,0.27795953,-1,XOM
8989,2024-04-11,0.44644156,-1,ICE
8990,2024-05-13,0.66479355,-1,KMX
8991,2024-05-13,0.35255757,-1,PGR
8992,2024-05-15,0.52463996,-1,MMM
8993,2024-04-16,0.5402604,1,ES
8994,2024-05-16,0.3145129,-1,AEE
8995,2024-04-30,0.45221487,1,CAT
8996,2024-04-30,0.48724195,1,WM
8997,2024-05-06,0.6022121,1,NEM
8998,2024-05-22,0.45766434,1,TTWO
8999,2024-04-08,0.4650896,-1,HCA
9000,2024-04-30,0.13724841,1,SRE
9001,2024-05-17,0.26256263,1,QCOM
9002,2024-05-14,0.5159241,1,ENPH
9003,2024-04-19,0.5221191,1,KLAC
9004,2024-05-15,0.19498718,-1,TFC
9005,2024-05-06,0.3717804,1,PAYX
9006,2024-04-23,0.49745044,-1,NKE
9007,2024-04-23,0.5785206,-1,OMC
9008,2024-04-09,0.54023945,-1,KVUE
9009,2024-04-18,0.4055033,-1,MTCH
9010,2024-05-14,0.46203732,1,HWM
9011,2024-05-22,0.8529808,1,WRB
9012,2024-04-30,0.63926667,1,WAT
9013,2024-04-25,0.40641043,1,SPGI
9014,2024-05-21,0.47901985,-1,BDX
9015,2024-04-04,0.458494,-1,HCA
9016,2024-05-15,0.520274,-1,FANG
9017,2024-04-23,0.41198677,-1,ALGN
9018,2024-05-20,0.3494212,-1,DRI
9019,2024-05-14,0.39566088,1,BK
9020,2024-05-20,0.5689351,-1,KO
9021,2024-03-28,0.30120838,1,ADI
9022,2024-04-01,0.46678257,-1,GL
9023,2024-05-22,0.47328168,1,STLD
9024,2024-04-19,0.51029617,1,GM
9025,2024-05-09,0.46517348,-1,UNP
9026,2024-05-14,0.49950632,1,XYL
9027,2024-04-19,0.26857877,1,NCLH
9028,2024-04-30,0.3990622,1,PNR
9029,2024-04-30,0.33503768,-1,AEE
9030,2024-04-02,0.5278032,-1,PNW
9031,2024-04-17,0.3842414,1,BK
9032,2024-04-05,0.45189032,-1,SYY
9033,2024-04-19,0.45339695,1,GS
9034,2024-05-22,0.48807546,1,AXP
9035,2024-05-09,0.48750916,-1,AME
9036,2024-05-17,0.3445019,-1,CNP
9037,2024-04-29,0.5147394,-1,JCI
9038,2024-04-08,0.48185527,-1,GRMN
9039,2024-04-17,0.60983527,1,ACGL
9040,2024-05-22,0.6306467,-1,AVGO
9041,2024-04-24,0.499453,1,RJF
9042,2024-04-23,0.29539576,1,HWM
9043,2024-04-18,0.49292278,-1,FDX
9044,2024-05-06,0.439841,1,VST
9045,2024-04-18,0.30627084,1,TECH
9046,2024-05-17,0.5998561,-1,FI
9047,2024-05-08,0.53156775,1,EFX
9048,2024-04-10,0.5774152,-1,GPN
9049,2024-05-08,0.5665535,-1,AVY
9050,2024-04-25,0.49719048,1,MTD
9051,2024-04-16,0.5780306,1,TAP
9052,2024-05-17,0.5034771,-1,CNC
9053,2024-04-05,0.49882317,-1,WAB
9054,2024-05-06,0.4525985,1,DOW
9055,2024-05-08,0.5659465,1,PRU
9056,2024-05-23,0.39038086,-1,TFC
9057,2024-04-15,0.47144714,1,MKTX
9058,2024-04-09,0.5126056,-1,EMN
9059,2024-05-01,0.43807837,1,RTX
9060,2024-04-08,0.5608147,-1,DHI
9061,2024-04-08,0.36727658,-1,PYPL
9062,2024-05-06,0.57644045,1,ADSK
9063,2024-04-16,0.27900007,1,SO
9064,2024-04-17,0.32343176,1,LYB
9065,2024-05-09,0.6935376,1,VLTO
9066,2024-05-16,0.5006041,-1,HRL
9067,2024-04-30,0.72887033,1,TDY
9068,2024-04-30,0.59411705,-1,VRSN
9069,2024-04-10,0.4262763,-1,TJX
9070,2024-04-17,0.63600534,1,HCA
9071,2024-04-02,0.46246544,-1,AMCR
9072,2024-05-23,0.4435421,1,SPG
9073,2024-04-16,0.5165469,1,MHK
9074,2024-04-24,0.49914327,-1,BSX
9075,2024-03-28,0.45491788,-1,SYK
9076,2024-05-03,0.4979764,1,HSY
9077,2024-05-06,0.45602307,1,A
9078,2024-05-06,0.42258754,-1,NDAQ
9079,2024-05-10,0.4660162,-1,AEE
9080,2024-05-09,0.5719101,1,MCO
9081,2024-05-20,0.56889594,-1,CME
9082,2024-04-04,0.5105425,-1,PNC
9083,2024-05-01,0.7155166,1,GL
9084,2024-04-09,0.57343024,-1,TXN
9085,2024-04-23,0.10697915,-1,CNC
9086,2024-04-08,0.5370703,-1,DIS
9087,2024-04-18,0.4147081,1,HLT
9088,2024-05-10,0.586661,1,FDS
9089,2024-04-16,0.5820456,1,BXP
9090,2024-04-12,0.5321297,-1,ENPH
9091,2024-04-11,0.45845658,-1,VST
9092,2024-05-16,0.78591156,-1,SPGI
9093,2024-04-04,0.46321157,-1,ULTA
9094,2024-05-03,0.47548828,1,FIS
9095,2024-04-18,0.12400118,1,ESS
9096,2024-05-03,0.4382782,1,MLM
9097,2024-05-16,0.5179588,-1,RSG
9098,2024-04-25,0.6085696,-1,INVH
9099,2024-04-05,0.4686243,-1,TPR
9100,2024-03-28,0.54939765,-1,PANW
9101,2024-05-01,0.5338643,1,CVS
9102,2024-04-02,0.46461985,1,ELV
9103,2024-05-10,0.6245287,-1,MHK
9104,2024-05-22,0.4282725,-1,RSG
9105,2024-04-25,0.5742208,-1,CLX
9106,2024-04-04,0.42875335,-1,ITW
9107,2024-05-09,0.47189298,-1,HLT
9108,2024-05-08,0.53286046,1,JNJ
9109,2024-04-24,0.75485027,1,AMCR
9110,2024-05-15,0.42290384,-1,EMN
9111,2024-05-10,0.06280268,1,ADP
9112,2024-05-22,0.41994798,1,ROST
9113,2024-04-16,0.58217746,-1,CTLT
9114,2024-05-10,0.46962056,-1,BWA
9115,2024-05-16,0.5271568,1,APH
9116,2024-05-10,0.3989708,1,ECL
9117,2024-04-05,0.2976603,-1,LRCX
9118,2024-04-17,0.39358783,1,BALL
9119,2024-05-23,0.47880024,-1,GPC
9120,2024-04-24,0.46104425,1,NI
9121,2024-04-05,0.47244525,-1,SO
9122,2024-05-22,0.48471394,-1,CPAY
9123,2024-04-23,0.4407384,-1,HOLX
9124,2024-04-09,0.44801942,-1,TRGP
9125,2024-05-14,0.62158084,-1,COF
9126,2024-04-16,0.5167441,-1,DE
9127,2024-05-21,0.4456916,1,NKE
9128,2024-04-08,0.46914628,-1,URI
9129,2024-04-24,0.7020648,-1,PEP
9130,2024-05-22,0.31544158,1,KMB
9131,2024-05-23,0.46866325,-1,PANW
9132,2024-04-29,0.497422,1,NFLX
9133,2024-05-13,0.62416756,-1,STLD
9134,2024-05-03,0.34610233,1,ZTS
9135,2024-05-20,0.47482857,-1,CMG
9136,2024-04-19,0.3408354,-1,ALL
9137,2024-05-14,0.6109599,1,EA
9138,2024-05-22,0.44918635,1,LOW
9139,2024-05-15,0.4454872,-1,AAL
9140,2024-04-30,0.581922,1,ORCL
9141,2024-04-02,0.56521034,-1,CSX
9142,2024-04-22,0.5835966,-1,RVTY
9143,2024-05-03,0.5859936,1,MRK
9144,2024-04-25,0.29816988,-1,PYPL
9145,2024-05-03,0.5429577,-1,EPAM
9146,2024-05-02,0.3885438,1,AON
9147,2024-04-30,0.5254081,1,DHR
9148,2024-05-22,0.49601144,1,PM
9149,2024-04-11,0.44853714,1,BG
9150,2024-05-21,0.5960925,-1,NOW
9151,2024-04-25,0.5409798,1,HON
9152,2024-04-30,0.44940826,1,FCX
9153,2024-05-01,0.4978097,1,STE
9154,2024-05-13,0.27377823,-1,FOX
9155,2024-04-19,0.51631266,1,MRK
9156,2024-04-08,0.5118412,-1,PPG
9157,2024-05-17,0.5399337,-1,T
9158,2024-04-09,0.53179044,-1,HSY
9159,2024-04-08,0.62617123,-1,MOS
9160,2024-04-16,0.6684015,1,RVTY
9161,2024-05-15,0.5336471,1,XYL
9162,2024-05-23,0.3834408,-1,GOOG
9163,2024-04-03,0.54063565,-1,EIX
9164,2024-05-20,0.5442313,-1,ABT
9165,2024-05-10,0.4626107,-1,FOXA
9166,2024-05-08,0.52236396,1,EL
9167,2024-05-02,0.4461134,1,NEE
9168,2024-05-23,0.3371438,1,PARA
9169,2024-04-01,0.45617315,1,WDC
9170,2024-05-10,0.4760622,-1,DG
9171,2024-04-15,0.3805057,1,MHK
9172,2024-04-18,0.38485852,1,LDOS
9173,2024-04-01,0.5186635,-1,INTC
9174,2024-04-09,0.46643835,-1,ALGN
9175,2024-04-17,0.40214545,-1,AON
9176,2024-04-16,0.41977942,1,BSX
9177,2024-04-25,0.44881466,-1,MAS
9178,2024-04-15,0.5111464,1,IDXX
9179,2024-04-26,0.48161137,1,GRMN
9180,2024-05-02,0.68050694,1,CSCO
9181,2024-05-03,0.5206446,1,POOL
9182,2024-04-24,0.40934137,-1,EFX
9183,2024-05-01,0.49312696,1,TYL
9184,2024-05-15,0.5396609,-1,PRU
9185,2024-04-29,0.5446858,-1,DFS
9186,2024-04-11,0.47726429,1,MCK
9187,2024-04-16,0.48821226,1,VTR
9188,2024-05-20,0.2770842,-1,HOLX
9189,2024-04-18,0.55741435,1,AMGN
9190,2024-05-16,0.440109,-1,SBAC
9191,2024-05-22,0.44307774,-1,REGN
9192,2024-04-03,0.25452182,1,LYV
9193,2024-04-09,0.3326196,-1,L
9194,2024-05-03,0.47844404,-1,MPC
9195,2024-04-15,0.52854,1,LULU
9196,2024-05-13,0.61474484,1,GNRC
9197,2024-04-26,0.4865911,1,MAS
9198,2024-05-01,0.47911012,1,CSCO
9199,2024-04-29,0.690206,1,AZO
9200,2024-04-12,0.42715865,-1,MA
9201,2024-04-15,0.53459734,1,AMT
9202,2024-04-29,0.60995936,-1,ULTA
9203,2024-04-11,0.54912275,-1,PODD
9204,2024-05-17,0.37576863,-1,CPAY
9205,2024-04-02,0.49571592,1,BWA
9206,2024-04-08,0.44051045,-1,JKHY
9207,2024-04-08,0.54696184,-1,PPL
9208,2024-05-07,0.4381852,1,PSA
9209,2024-05-09,0.9434266,1,CSCO
9210,2024-04-08,0.4183664,-1,ROK
9211,2024-04-15,0.537207,1,BKR
9212,2024-04-15,0.5075086,1,DAY
9213,2024-05-22,0.46039772,1,UAL
9214,2024-04-25,0.5651724,1,IVZ
9215,2024-05-03,0.44539863,1,ESS
9216,2024-04-04,0.40959114,-1,LYB
9217,2024-04-05,0.48029917,-1,DFS
9218,2024-04-11,0.0983415,-1,HON
9219,2024-04-30,0.44864243,-1,F
9220,2024-04-17,0.46468878,-1,CE
9221,2024-05-10,0.76368433,-1,TAP
9222,2024-05-06,0.43956333,1,CARR
9223,2024-04-25,0.5162673,1,CRL
9224,2024-05-02,0.44589165,1,MOS
9225,2024-05-01,0.4945195,1,LH
9226,2024-03-28,0.4615676,-1,MMM
9227,2024-04-25,0.38067427,1,NRG
9228,2024-05-10,0.4492454,-1,BEN
9229,2024-04-18,0.5068115,-1,XEL
9230,2024-05-10,0.44221175,-1,MTB
9231,2024-04-05,0.46202132,-1,FIS
9232,2024-04-08,0.6092156,1,NKE
9233,2024-05-21,0.45607167,-1,AXON
9234,2024-04-18,0.50414103,1,EXPE
9235,2024-03-28,0.45329523,-1,ATO
9236,2024-04-22,0.5795365,-1,USB
9237,2024-04-26,0.4903637,-1,TGT
9238,2024-05-07,0.4875626,1,AVGO
9239,2024-05-03,0.47507793,1,CNC
9240,2024-04-03,0.51293707,1,MPWR
9241,2024-04-03,0.47757024,1,ROL
9242,2024-04-25,0.586342,1,KO
9243,2024-04-10,0.5229979,1,PM
9244,2024-04-22,0.5453033,1,WELL
9245,2024-04-19,0.41772464,1,AMZN
9246,2024-04-18,0.44423416,-1,MMC
9247,2024-04-05,0.4593641,-1,MA
9248,2024-05-02,0.5553022,1,JCI
9249,2024-04-19,0.44596523,1,FI
9250,2024-04-23,0.6856427,-1,UDR
9251,2024-04-19,0.47013915,1,PPL
9252,2024-04-16,0.49526194,1,DOV
9253,2024-05-16,0.517165,1,NEE
9254,2024-04-29,0.47951844,1,CHTR
9255,2024-05-21,0.6079928,-1,LOW
9256,2024-05-16,0.35403898,-1,COO
9257,2024-05-15,0.3921719,-1,SPGI
9258,2024-05-07,0.5182612,1,O
9259,2024-04-19,0.5402044,1,WAT
9260,2024-04-30,0.5382412,1,LH
9261,2024-04-19,0.23418789,1,POOL
9262,2024-04-02,0.49814627,1,HUM
9263,2024-05-06,0.4414064,1,EL
9264,2024-05-01,0.5410566,-1,ULTA
9265,2024-05-17,0.44758546,-1,JNJ
9266,2024-04-18,0.45369604,-1,PNW
9267,2024-05-17,0.49474472,-1,TRV
9268,2024-04-10,0.4870239,-1,ANSS
9269,2024-05-09,0.6068324,1,HBAN
9270,2024-03-28,0.41648296,-1,TJX
9271,2024-04-26,0.66387886,-1,TSLA
9272,2024-04-26,0.39828163,-1,ODFL
9273,2024-04-12,0.49823084,1,GM
9274,2024-04-03,0.51981467,1,MU
9275,2024-05-01,0.42082772,-1,NOC
9276,2024-05-20,0.5732253,-1,HD
9277,2024-04-03,0.5553062,1,YUM
9278,2024-04-12,0.42147648,-1,HCA
9279,2024-03-28,0.49499115,-1,FDS
9280,2024-05-15,0.5884149,-1,CMCSA
9281,2024-05-15,0.5323721,-1,ALB
9282,2024-04-08,0.5357728,-1,WEC
9283,2024-05-01,0.5283015,-1,MDLZ
9284,2024-04-04,0.48031968,-1,NVR
9285,2024-04-26,0.58062166,-1,WBA
9286,2024-04-05,0.45197475,-1,AMP
9287,2024-04-09,0.52405316,-1,RSG
9288,2024-04-29,0.54486996,-1,TGT
9289,2024-05-01,0.39947015,1,SHW
9290,2024-05-16,0.60374725,-1,ADP
9291,2024-04-11,0.4911722,1,KIM
9292,2024-05-20,0.6108901,-1,NI
9293,2024-05-23,0.5096724,-1,MRNA
9294,2024-04-12,0.09223617,-1,SNA
9295,2024-05-08,0.5408903,1,VZ
9296,2024-04-10,0.42845178,-1,POOL
9297,2024-05-01,0.47583294,1,TXT
9298,2024-04-23,0.5115654,1,AAPL
9299,2024-04-10,0.45209187,-1,AXP
9300,2024-05-23,0.26384553,-1,AVGO
9301,2024-05-13,0.6350242,-1,DAY
9302,2024-04-15,0.5129449,-1,TECH
9303,2024-05-09,0.5015958,-1,FAST
9304,2024-04-23,0.48307505,-1,HD
9305,2024-04-12,0.62301666,1,CCL
9306,2024-03-28,0.43078002,-1,EG
9307,2024-04-25,0.530156,-1,MCHP
9308,2024-04-24,0.12863934,1,FITB
9309,2024-04-25,0.41012043,-1,DG
9310,2024-04-19,0.5663553,1,KMB
9311,2024-04-19,0.47602525,1,AAPL
9312,2024-04-01,0.5101537,-1,FTV
9313,2024-05-23,0.4966402,-1,SPGI
9314,2024-05-10,0.6219692,-1,KIM
9315,2024-04-12,0.4530216,-1,DPZ
9316,2024-05-01,0.42996222,1,SMCI
9317,2024-04-19,0.47096938,1,FRT
9318,2024-03-28,0.48161831,-1,TECH
9319,2024-05-07,0.47502363,1,ENPH
9320,2024-05-17,0.4968988,-1,FMC
9321,2024-04-25,0.676461,1,BR
9322,2024-05-02,0.52136415,1,GOOGL
9323,2024-05-01,0.6479002,1,BBWI
9324,2024-05-06,0.526862,-1,LVS
9325,2024-04-22,0.5271448,-1,HST
9326,2024-05-16,0.5242074,-1,MNST
9327,2024-04-12,0.4267326,1,UDR
9328,2024-04-12,0.37611228,-1,LEN
9329,2024-05-01,0.45917848,1,ROST
9330,2024-03-28,0.29315326,1,JKHY
9331,2024-04-16,0.48956284,1,DVA
9332,2024-05-17,0.45097324,1,DG
9333,2024-04-15,0.50937366,-1,BBY
9334,2024-04-30,0.46247497,1,PNW
9335,2024-05-09,0.4760995,1,TYL
9336,2024-04-29,0.5106641,-1,FAST
9337,2024-04-23,0.25574592,-1,CAG
9338,2024-04-05,0.62566674,-1,CTSH
9339,2024-05-09,0.45379314,-1,CI
9340,2024-04-03,0.5021314,-1,CTLT
9341,2024-04-01,0.5100462,1,ETSY
9342,2024-04-26,0.46454424,1,LLY
9343,2024-05-13,0.49669755,1,TFX
9344,2024-05-23,0.5559933,1,SO
9345,2024-04-19,0.26915112,1,BAX
9346,2024-03-28,0.88460755,-1,GEN
9347,2024-04-03,0.52293295,-1,ABBV
9348,2024-05-23,0.4631473,-1,NDAQ
9349,2024-04-01,0.552289,1,ED
9350,2024-05-23,0.15129803,-1,CMI
9351,2024-05-14,0.4836884,1,GOOGL
9352,2024-04-09,0.43846777,-1,KMB
9353,2024-05-20,0.642054,-1,LULU
9354,2024-05-17,0.41120663,-1,AOS
9355,2024-05-15,0.06912857,-1,TSN
9356,2024-05-09,0.54311633,-1,HCA
9357,2024-05-17,0.42573482,-1,ADP
9358,2024-04-16,0.53181165,1,STT
9359,2024-04-04,0.3833194,1,ES
9360,2024-04-30,0.50131756,1,PANW
9361,2024-04-04,0.5794637,-1,REG
9362,2024-04-26,0.49782926,1,PPL
9363,2024-05-06,0.43801552,1,AVB
9364,2024-05-22,0.25944445,1,LEN
9365,2024-05-08,0.5575693,1,KIM
9366,2024-05-22,0.47192332,-1,DOV
9367,2024-05-14,0.44555262,1,JNJ
9368,2024-05-02,0.51168364,1,BRO
9369,2024-05-03,0.45129198,1,PNW
9370,2024-04-15,0.5887961,1,MDT
9371,2024-05-17,0.4353949,1,TDG
9372,2024-05-01,0.4956753,1,DVN
9373,2024-04-04,0.53642136,-1,DIS
9374,2024-05-21,0.7743816,1,ENPH
9375,2024-04-11,0.4940031,-1,VTRS
9376,2024-05-13,0.35559985,-1,SJM
9377,2024-05-13,0.42593852,-1,HES
9378,2024-05-16,0.40623802,-1,CE
9379,2024-05-20,0.25293753,-1,ADP
9380,2024-04-24,0.5117374,1,TRV
9381,2024-05-06,0.44193262,-1,GM
9382,2024-05-15,0.5716329,-1,LULU
9383,2024-05-09,0.4559112,-1,KMB
9384,2024-04-03,0.3650482,-1,PNR
9385,2024-04-17,0.41867924,1,CAG
9386,2024-05-22,0.5087268,-1,RJF
9387,2024-04-09,0.46118322,-1,PCAR
9388,2024-04-09,0.54629,-1,HST
9389,2024-05-07,0.503869,1,AMT
9390,2024-04-23,0.46166608,-1,AON
9391,2024-05-08,0.33174294,1,IQV
9392,2024-04-09,0.37187874,-1,TSCO
9393,2024-04-19,0.67121553,1,CPRT
9394,2024-05-07,0.44235057,1,DHI
9395,2024-05-13,0.4866927,-1,UNP
9396,2024-05-10,0.48224136,1,GS
9397,2024-05-08,0.26437896,1,HON
9398,2024-03-28,0.35948223,-1,HII
9399,2024-05-03,0.56409633,1,XEL
9400,2024-04-03,0.3670389,-1,MGM
9401,2024-05-14,0.52184445,1,TYL
9402,2024-04-22,0.31293854,-1,CAG
9403,2024-05-23,0.47175962,-1,FANG
9404,2024-03-28,0.4752158,-1,RCL
9405,2024-04-11,0.42992434,-1,TRGP
9406,2024-05-16,0.44464284,-1,FDX
9407,2024-04-02,0.4124499,-1,CRL
9408,2024-05-21,0.50604445,-1,GL
9409,2024-04-24,0.49168208,-1,RL
9410,2024-05-22,0.52529556,1,SJM
9411,2024-04-16,0.4920951,1,COF
9412,2024-04-09,0.5805779,-1,QRVO
9413,2024-04-25,0.46863145,-1,UNH
9414,2024-05-13,0.70461833,-1,SLB
9415,2024-04-16,0.46209815,1,RMD
9416,2024-05-16,0.3173321,-1,OMC
9417,2024-04-11,0.62520665,1,SRE
9418,2024-05-15,0.50843114,-1,AXON
9419,2024-05-14,0.47927746,1,TSCO
9420,2024-04-08,0.47248068,-1,MTD
9421,2024-05-01,0.36161137,1,CDNS
9422,2024-05-23,0.37032178,-1,INTU
9423,2024-04-18,0.42288068,-1,CAH
9424,2024-04-08,0.37576115,-1,AEE
9425,2024-05-23,0.5666017,-1,CRWD
9426,2024-05-17,0.5282202,-1,FE
9427,2024-04-04,0.4668653,-1,AMD
9428,2024-04-03,0.5994221,-1,MOS
9429,2024-04-05,0.33554164,-1,ALLE
9430,2024-05-21,0.36331216,-1,CPRT
9431,2024-05-03,0.47841164,1,PTC
9432,2024-04-11,0.27929208,1,DTE
9433,2024-04-05,0.44662195,-1,LYB
9434,2024-04-12,0.39117572,1,LUV
9435,2024-04-19,0.45664608,1,DFS
9436,2024-04-01,0.600143,-1,KVUE
9437,2024-05-20,0.47826052,-1,ORCL
9438,2024-05-23,0.3951534,-1,ROK
9439,2024-04-12,0.40942624,-1,CE
9440,2024-04-25,0.29087374,1,GS
9441,2024-05-09,0.5011285,1,STX
9442,2024-04-04,0.5171148,-1,PCAR
9443,2024-04-25,0.26688698,1,FOX
9444,2024-04-22,0.51133496,1,COR
9445,2024-04-29,0.5796828,1,AMCR
9446,2024-04-08,0.5373004,-1,MRK
9447,2024-04-03,0.38972864,-1,LOW
9448,2024-05-21,0.41814134,-1,ECL
9449,2024-05-10,0.7154825,1,MAR
9450,2024-04-11,0.2968694,-1,UPS
9451,2024-04-11,0.23671852,-1,HII
9452,2024-04-01,0.34998098,-1,LYV
9453,2024-04-08,0.4316702,-1,AVGO
9454,2024-05-15,0.68669534,-1,JNPR
9455,2024-04-17,0.40714785,1,MS
9456,2024-05-23,0.5167727,-1,EPAM
9457,2024-04-25,0.5076835,1,INCY
9458,2024-04-11,0.32278886,-1,CARR
9459,2024-04-11,0.616423,-1,NDSN
9460,2024-04-16,0.52217764,1,MCK
9461,2024-04-25,0.45832068,1,SPG
9462,2024-05-08,0.5906401,-1,PARA
9463,2024-05-17,0.36251628,-1,SMCI
9464,2024-05-22,0.42162284,-1,FFIV
9465,2024-04-03,0.5789508,1,DE
9466,2024-04-12,0.49032578,1,ADM
9467,2024-05-15,0.44415814,-1,FITB
9468,2024-04-24,0.36574763,1,DUK
9469,2024-04-30,0.48642492,-1,RMD
9470,2024-04-05,0.37837034,-1,CZR
9471,2024-04-15,0.45439327,1,AOS
9472,2024-04-16,0.5350449,1,DOC
9473,2024-05-21,0.45088488,-1,GS
9474,2024-05-16,0.53580856,-1,URI
9475,2024-04-12,0.41892377,1,WELL
9476,2024-04-23,0.41288772,-1,BAX
9477,2024-04-15,0.44443414,-1,ODFL
9478,2024-04-29,0.5966658,1,AAPL
9479,2024-05-09,0.4927439,1,BLDR
9480,2024-04-25,0.47197166,1,HUM
9481,2024-04-17,0.46024844,-1,CAT
9482,2024-04-30,0.47655666,1,URI
9483,2024-04-24,0.48650956,-1,NEM
9484,2024-05-10,0.27738392,1,AMP
9485,2024-04-18,0.48299986,-1,TGT
9486,2024-05-07,0.5393264,1,DFS
9487,2024-04-30,0.73142135,1,STX
9488,2024-03-28,0.6338126,1,UDR
9489,2024-05-10,0.36841595,1,HON
9490,2024-04-26,0.7367376,1,FDS
9491,2024-05-20,0.60465646,-1,UDR
9492,2024-05-09,0.52539295,1,MRNA
9493,2024-04-30,0.37638122,1,NTRS
9494,2024-04-30,0.50421345,1,TRGP
9495,2024-05-17,0.35501617,-1,HLT
9496,2024-04-22,0.60822594,-1,LNT
9497,2024-04-10,0.41414896,-1,FI
9498,2024-04-08,0.5255478,-1,JNPR
9499,2024-05-23,0.3662114,1,NVDA
9500,2024-05-20,0.5161765,-1,DVN
9501,2024-04-22,0.49857503,-1,TGT
9502,2024-05-21,0.350411,-1,SBAC
9503,2024-04-30,0.36613166,-1,FRT
9504,2024-04-04,0.59972167,-1,MTD
9505,2024-04-01,0.34902388,1,GEN
9506,2024-05-03,0.47312132,1,GM
9507,2024-04-26,0.4570843,1,STE
9508,2024-04-23,0.5351991,-1,GWW
9509,2024-04-23,0.42590836,-1,PSA
9510,2024-04-25,0.45399868,1,CARR
9511,2024-05-10,0.40471044,-1,L
9512,2024-04-02,0.51271373,-1,GM
9513,2024-04-24,0.53334504,-1,TJX
9514,2024-04-09,0.49719447,-1,XOM
9515,2024-04-01,0.5415483,1,WMT
9516,2024-05-14,0.9035931,-1,TAP
9517,2024-05-14,0.72235924,-1,SYY
9518,2024-05-14,0.42863914,-1,AIZ
9519,2024-05-22,0.49093908,-1,JKHY
9520,2024-05-07,0.5795229,1,PRU
9521,2024-05-15,0.5476029,-1,ABT
9522,2024-05-06,0.42246583,1,PEG
9523,2024-05-06,0.56768733,-1,PANW
9524,2024-05-01,0.44351947,-1,EOG
9525,2024-05-02,0.35774624,1,POOL
9526,2024-04-11,0.45553645,-1,MU
9527,2024-04-11,0.45073354,-1,BSX
9528,2024-05-06,0.3430747,1,UDR
9529,2024-05-23,0.54236114,1,ABNB
9530,2024-04-01,0.6029439,1,NRG
9531,2024-04-24,0.55050904,1,L
9532,2024-04-23,0.41761824,-1,MA
9533,2024-04-23,0.44466877,1,CI
9534,2024-04-15,0.49827403,1,RL
9535,2024-04-24,0.35143974,-1,NSC
9536,2024-05-21,0.47730428,1,CVX
9537,2024-05-23,0.5726393,-1,TMO
9538,2024-05-13,0.5283033,-1,MTB
9539,2024-04-04,0.5401339,-1,WM
9540,2024-04-03,0.59846,1,A
9541,2024-05-09,0.4970121,1,RMD
9542,2024-05-17,0.54721355,-1,BLDR
9543,2024-04-04,0.6270139,1,MAA
9544,2024-04-11,0.5261115,-1,ANSS
9545,2024-05-20,0.59260756,-1,DUK
9546,2024-04-08,0.4404525,-1,MU
9547,2024-04-19,0.5895835,-1,HUM
9548,2024-05-13,0.5570162,-1,JPM
9549,2024-04-12,0.38874963,-1,TXN
9550,2024-04-11,0.62685686,-1,ULTA
9551,2024-04-03,0.49844518,-1,HPE
9552,2024-05-21,0.5441355,-1,GM
9553,2024-05-01,0.50156957,1,APH
9554,2024-05-09,0.3686805,1,AKAM
9555,2024-05-07,0.64027745,1,IQV
9556,2024-04-29,0.5125112,1,REGN
9557,2024-05-03,0.5057948,1,HCA
9558,2024-04-08,0.4762925,-1,HAS
9559,2024-04-16,0.6363338,-1,CZR
9560,2024-04-19,0.44006866,1,T
9561,2024-04-26,0.5799727,1,ROP
9562,2024-05-03,0.38673547,1,PSA
9563,2024-04-05,0.48466974,-1,CVX
9564,2024-04-04,0.505231,-1,CTAS
9565,2024-05-09,0.39624655,-1,TAP
9566,2024-05-14,0.60677433,-1,GEHC
9567,2024-04-24,0.49086982,1,NEE
9568,2024-05-10,0.48579323,1,BKNG
9569,2024-05-01,0.7685004,1,EW
9570,2024-04-08,0.4145025,-1,RMD
9571,2024-05-21,0.62821436,-1,AJG
9572,2024-04-08,0.466552,-1,ULTA
9573,2024-05-15,0.31323865,-1,CPAY
9574,2024-04-15,0.49677923,1,COST
9575,2024-05-10,0.6110822,1,NVR
9576,2024-05-14,0.4311805,-1,LYB
9577,2024-04-22,0.5113309,-1,FOXA
9578,2024-05-20,0.52309483,-1,FANG
9579,2024-05-17,0.4451769,-1,AXP
9580,2024-04-24,0.5121839,-1,COO
9581,2024-04-24,0.4959905,1,RMD
9582,2024-05-10,0.4505781,-1,CVX
9583,2024-04-19,0.52462775,-1,LKQ
9584,2024-04-29,0.71201646,1,LKQ
9585,2024-04-15,0.542696,1,WBD
9586,2024-04-23,0.51638526,1,VST
9587,2024-04-17,0.54833066,-1,NKE
9588,2024-04-23,0.65951025,1,GLW
9589,2024-05-10,0.5745646,-1,CL
9590,2024-04-12,0.59075415,-1,TPR
9591,2024-05-09,0.5034735,1,AVY
9592,2024-05-14,0.43667278,-1,AMGN
9593,2024-05-16,0.5222317,-1,PYPL
9594,2024-04-02,0.48977703,-1,PTC
9595,2024-04-15,0.5221561,-1,FFIV
9596,2024-04-01,0.28063157,-1,C
9597,2024-04-01,0.5201013,-1,PFE
9598,2024-05-01,0.36704928,1,FMC
9599,2024-04-04,0.45049334,-1,IT
9600,2024-04-30,0.27117303,1,SNPS
9601,2024-04-19,0.45436105,-1,V
9602,2024-04-15,0.43598932,1,GNRC
9603,2024-05-15,0.70292777,-1,KEYS
9604,2024-04-05,0.63445604,-1,O
9605,2024-04-26,0.33107752,-1,JKHY
9606,2024-05-21,0.5868557,-1,VTRS
9607,2024-05-07,0.4358103,1,DOW
9608,2024-05-06,0.38693917,1,ETR
9609,2024-05-14,0.58761513,-1,K
9610,2024-05-03,0.5502517,-1,MTCH
9611,2024-05-01,0.5082541,1,PH
9612,2024-05-21,0.4501299,1,VZ
9613,2024-04-19,0.40964213,1,HST
9614,2024-05-06,0.5623464,1,GWW
9615,2024-04-15,0.49601045,1,MOH
9616,2024-05-06,0.54263765,-1,CRL
9617,2024-05-01,0.53891027,1,IEX
9618,2024-05-17,0.46147925,-1,FIS
9619,2024-05-09,0.4808153,1,MAA
9620,2024-04-15,0.4572057,1,CB
9621,2024-05-21,0.64423937,-1,IRM
9622,2024-05-01,0.5522027,1,BA
9623,2024-04-02,0.62037253,-1,CMCSA
9624,2024-05-17,0.42779934,-1,SCHW
9625,2024-05-07,0.40625626,1,HSIC
9626,2024-05-16,0.45765305,-1,FMC
9627,2024-05-02,0.24810983,1,KVUE
9628,2024-05-14,0.474144,1,TSLA
9629,2024-04-19,0.4773032,1,AMT
9630,2024-05-23,0.3979008,1,DPZ
9631,2024-05-01,0.50118345,1,EQIX
9632,2024-04-03,0.18761675,-1,NUE
9633,2024-04-01,0.48810482,1,TDG
9634,2024-04-05,0.47424015,-1,WRB
9635,2024-04-11,0.43310454,-1,BLDR
9636,2024-05-14,0.58452684,1,SYK
9637,2024-05-23,0.6724961,-1,AXON
9638,2024-04-22,0.48158833,-1,BLDR
9639,2024-05-16,0.5958163,1,KDP
9640,2024-04-17,0.30254254,1,EMN
9641,2024-04-12,0.4824043,-1,APH
9642,2024-04-08,0.56659156,1,GE
9643,2024-05-09,0.84026235,1,INTU
9644,2024-05-07,0.47104812,-1,ECL
9645,2024-05-06,0.3970699,-1,FDX
9646,2024-04-05,0.3585255,-1,MSI
9647,2024-05-14,0.6677424,1,KLAC
9648,2024-04-16,0.4999407,1,BLDR
9649,2024-05-02,0.5472961,-1,NKE
9650,2024-05-14,0.613825,-1,BKR
9651,2024-04-02,0.47786698,-1,WMB
9652,2024-04-19,0.5174457,1,EXC
9653,2024-04-17,0.5179826,-1,HUM
9654,2024-05-20,0.66553086,-1,KVUE
9655,2024-04-26,0.3860609,1,QCOM
9656,2024-05-07,0.5610481,1,TSN
9657,2024-05-21,0.56142586,-1,PLD
9658,2024-05-17,0.34987316,-1,PFE
9659,2024-04-11,0.42554304,-1,TAP
9660,2024-04-25,0.47391376,-1,HRL
9661,2024-04-01,0.6005722,1,IVZ
9662,2024-04-22,0.6684838,-1,LH
9663,2024-05-01,0.56732607,1,PGR
9664,2024-04-24,0.59386384,1,EA
9665,2024-05-08,0.40880126,1,YUM
9666,2024-05-08,0.65584445,-1,FTV
9667,2024-05-02,0.29183355,1,HAL
9668,2024-05-20,0.48755884,-1,SHW
9669,2024-04-29,0.45047066,1,TMO
9670,2024-04-15,0.42534244,-1,MSFT
9671,2024-05-15,0.51507276,-1,EXC
9672,2024-05-01,0.58603436,1,SPG
9673,2024-04-22,0.47168696,1,HWM
9674,2024-04-03,0.45554104,-1,FITB
9675,2024-05-02,0.48261026,-1,CCL
9676,2024-05-09,0.4868052,1,CTSH
9677,2024-05-10,0.47086212,1,TSN
9678,2024-05-08,0.60763526,1,EIX
9679,2024-04-29,0.21671525,-1,CAG
9680,2024-05-23,0.4920663,1,FE
9681,2024-05-02,0.4515858,1,NTRS
9682,2024-05-13,0.40965772,1,AEP
9683,2024-04-24,0.5659648,-1,GEHC
9684,2024-05-21,0.48900068,-1,CNP
9685,2024-04-22,0.48266515,-1,NVR
9686,2024-04-17,0.4775997,1,VLO
9687,2024-04-02,0.4871398,-1,MLM
9688,2024-05-22,0.2712246,1,TROW
9689,2024-04-08,0.40457928,-1,SWKS
9690,2024-04-18,0.503408,-1,CVS
9691,2024-04-24,0.6013229,1,STE
9692,2024-04-05,0.5576666,-1,CSCO
9693,2024-04-23,0.5006039,-1,STZ
9694,2024-03-28,0.22549976,-1,LUV
9695,2024-05-03,0.6819599,1,TJX
9696,2024-05-09,0.26891965,-1,ADM
9697,2024-04-25,0.479682,-1,NCLH
9698,2024-04-26,0.3281918,1,PG
9699,2024-04-23,0.27875066,1,PG
9700,2024-04-04,0.59361666,-1,EPAM
9701,2024-05-08,0.42150974,1,TFX
9702,2024-05-20,0.5788078,-1,USB
9703,2024-04-02,0.46845663,-1,ANET
9704,2024-04-04,0.483677,-1,GPC
9705,2024-05-02,0.54811037,1,COR
9706,2024-05-23,0.5650112,-1,KKR
9707,2024-04-22,0.5043089,-1,PGR
9708,2024-05-06,0.5504891,1,TPR
9709,2024-04-05,0.17390144,-1,LUV
9710,2024-05-17,0.4028704,-1,TDY
9711,2024-04-26,0.55511755,1,BR
9712,2024-04-11,0.57397604,1,CHTR
9713,2024-05-20,0.37971458,-1,GD
9714,2024-05-06,0.45633337,-1,GOOGL
9715,2024-04-03,0.47704244,1,CRM
9716,2024-04-11,0.49525085,-1,MPC
9717,2024-04-22,0.57784384,-1,GPN
9718,2024-05-01,0.57115614,-1,GILD
9719,2024-05-23,0.51062864,1,SJM
9720,2024-05-13,0.49540684,-1,WY
9721,2024-05-16,0.36725178,-1,PNC
9722,2024-04-29,0.503758,1,PRU
9723,2024-05-15,0.44480214,-1,MOH
9724,2024-04-01,0.51605654,-1,OMC
9725,2024-05-21,0.6288984,-1,AVB
9726,2024-04-24,0.4889435,-1,GPC
9727,2024-04-04,0.4587118,-1,SHW
9728,2024-05-23,0.59128904,-1,DG
9729,2024-05-22,0.3967356,1,FOX
9730,2024-04-03,0.36104992,-1,PCG
9731,2024-04-22,0.5253924,-1,FANG
9732,2024-04-24,0.6520591,-1,CVS
9733,2024-03-28,0.6502532,-1,BEN
9734,2024-05-10,0.53717935,-1,WTW
9735,2024-05-21,0.45717746,-1,SYF
9736,2024-03-28,0.53589034,1,DUK
9737,2024-04-04,0.6322927,-1,CSGP
9738,2024-04-03,0.5291327,-1,SBAC
9739,2024-04-09,0.61041063,-1,JKHY
9740,2024-04-01,0.3624022,1,PHM
9741,2024-05-14,0.5488094,-1,KMX
9742,2024-03-28,0.51948357,-1,ROK
9743,2024-04-08,0.43654388,-1,UHS
9744,2024-04-04,0.5482306,-1,AIG
9745,2024-04-09,0.47977936,-1,BBWI
9746,2024-05-15,0.60445696,-1,PM
9747,2024-05-14,0.47726962,1,RTX
9748,2024-04-18,0.3266251,1,TT
9749,2024-04-05,0.47786623,-1,FANG
9750,2024-05-22,0.41442126,1,PGR
9751,2024-04-02,0.49561286,-1,GRMN
9752,2024-04-03,0.4739683,1,DXCM
9753,2024-04-19,0.5054288,1,EBAY
9754,2024-04-15,0.42576882,1,BX
9755,2024-05-06,0.51129705,1,WMB
9756,2024-05-08,0.5970893,1,IBM
9757,2024-04-01,0.5979934,1,TTWO
9758,2024-04-08,0.469731,-1,IEX
9759,2024-04-22,0.69080365,-1,LW
9760,2024-05-16,0.5986095,-1,MSCI
9761,2024-05-06,0.48030716,1,EMN
9762,2024-05-10,0.5640627,1,IPG
9763,2024-05-15,0.5475415,-1,SYF
9764,2024-05-06,0.5148029,-1,DXCM
9765,2024-04-02,0.48946774,-1,COR
9766,2024-05-10,0.29672694,1,WMT
9767,2024-05-13,0.569951,-1,CZR
9768,2024-04-09,0.44674364,-1,EVRG
9769,2024-05-10,0.70803845,-1,MTCH
9770,2024-04-01,0.40410113,1,HPE
9771,2024-04-04,0.49488965,-1,F
9772,2024-04-18,0.38971874,1,DOW
9773,2024-04-18,0.51317155,1,GL
9774,2024-05-07,0.5301805,-1,ABNB
9775,2024-05-07,0.53099996,1,UHS
9776,2024-05-09,0.3385666,1,QCOM
9777,2024-04-16,0.41734624,-1,SLB
9778,2024-04-22,0.38955215,-1,ENPH
9779,2024-03-28,0.5209669,-1,EL
9780,2024-05-15,0.44078487,1,CTAS
9781,2024-04-22,0.50604767,-1,HOLX
9782,2024-04-03,0.5106644,1,ROK
9783,2024-04-30,0.41389796,1,DOV
9784,2024-05-01,0.7700036,1,ARE
9785,2024-04-18,0.39826253,1,COP
9786,2024-05-16,0.48108244,-1,ABBV
9787,2024-04-03,0.43901673,-1,SHW
9788,2024-04-01,0.57474405,1,FSLR
9789,2024-05-09,0.47779727,1,CCI
9790,2024-04-01,0.48648918,1,JNPR
9791,2024-04-02,0.5081179,-1,AMP
9792,2024-05-23,0.4503886,1,SBAC
9793,2024-05-13,0.62755686,1,TXT
9794,2024-05-17,0.670044,1,ETN
9795,2024-04-25,0.17896987,1,NWSA
9796,2024-04-23,0.5105584,-1,F
9797,2024-04-01,0.49493825,1,CMG
9798,2024-05-13,0.46157113,-1,TECH
9799,2024-05-20,0.5412008,-1,MDT
9800,2024-04-24,0.699557,1,EXPD
9801,2024-05-20,0.47410172,-1,JNJ
9802,2024-05-03,0.48143354,1,INCY
9803,2024-04-29,0.5190693,1,APD
9804,2024-04-04,0.54323167,-1,BAX
9805,2024-05-21,0.5137987,-1,GOOG
9806,2024-05-06,0.37794054,1,DUK
9807,2024-04-15,0.45177466,-1,WRB
9808,2024-04-29,0.6749101,-1,SWKS
9809,2024-04-05,0.4873782,-1,DECK
9810,2024-04-10,0.39774743,1,L
9811,2024-04-15,0.20262708,1,SO
9812,2024-04-05,0.48407197,-1,VRSK
9813,2024-04-10,0.50573236,1,AFL
9814,2024-05-06,0.55262583,1,JKHY
9815,2024-05-13,0.48454493,1,FFIV
9816,2024-05-17,0.446665,-1,MCD
9817,2024-04-01,0.46028417,-1,DVA
9818,2024-05-10,0.7413967,1,PSA
9819,2024-05-16,0.47740874,-1,CVX
9820,2024-05-07,0.47237945,1,BR
9821,2024-04-30,0.43298453,1,NVR
9822,2024-05-09,0.59519273,1,VRTX
9823,2024-05-16,0.49699137,-1,BR
9824,2024-05-01,0.54211414,1,WBD
9825,2024-05-03,0.47277206,1,AES
9826,2024-05-03,0.3877987,1,REGN
9827,2024-05-08,0.53379965,1,BA
9828,2024-05-23,0.5677415,-1,EQIX
9829,2024-04-05,0.47984272,-1,URI
9830,2024-04-16,0.48213133,1,MPWR
9831,2024-05-01,0.379632,1,DOV
9832,2024-04-24,0.48068836,-1,JPM
9833,2024-05-22,0.5701235,-1,CSCO
9834,2024-05-06,0.4807431,1,AMT
9835,2024-05-09,0.47972998,1,ZTS
9836,2024-04-10,0.4417858,-1,NEM
9837,2024-04-10,0.54888666,-1,WST
9838,2024-05-13,0.6835505,1,HLT
9839,2024-04-15,0.49650115,1,VICI
9840,2024-04-23,0.44387028,-1,APTV
9841,2024-04-02,0.4653484,-1,ABT
9842,2024-05-06,0.63967174,1,KEYS
9843,2024-04-29,0.5709234,-1,TSLA
9844,2024-04-23,0.45010367,1,QCOM
9845,2024-04-17,0.52937543,1,HSY
9846,2024-04-17,0.50220805,-1,LH
9847,2024-04-18,0.095411144,1,KHC
9848,2024-04-17,0.4221895,-1,MMM
9849,2024-04-17,0.382161,-1,GD
9850,2024-05-09,0.62396336,1,NWS
9851,2024-04-23,0.5031196,-1,ANSS
9852,2024-05-21,0.27983034,-1,CRWD
9853,2024-04-30,0.4755684,1,SMCI
9854,2024-04-30,0.66873074,1,JKHY
9855,2024-04-11,0.461598,-1,SNPS
9856,2024-04-01,0.32319,-1,HON
9857,2024-04-09,0.5492104,-1,NCLH
9858,2024-04-24,0.3557626,1,AXON
9859,2024-04-08,0.4655212,-1,GOOG
9860,2024-04-29,0.46532047,-1,IR
9861,2024-05-07,0.46354327,-1,RSG
9862,2024-04-25,0.50965995,1,TEL
9863,2024-04-24,0.5682084,-1,BK
9864,2024-04-15,0.36403993,1,GPC
9865,2024-05-13,0.5099931,-1,EXPE
9866,2024-05-23,0.52749795,-1,V
9867,2024-05-10,0.5314889,1,FCX
9868,2024-04-24,0.3444086,1,MNST
9869,2024-04-09,0.584148,-1,BLDR
9870,2024-05-23,0.5738579,1,TGT
9871,2024-04-17,0.50743365,1,AES
9872,2024-04-09,0.51917076,-1,WST
9873,2024-04-11,0.38165158,1,IFF
9874,2024-05-14,0.741479,-1,MNST
9875,2024-04-26,0.6260202,1,ESS
9876,2024-04-09,0.37483025,-1,CAT
9877,2024-05-10,0.7246768,-1,RTX
9878,2024-04-18,0.23186041,1,D
9879,2024-05-14,0.4137484,1,ADI
9880,2024-03-28,0.3843255,1,CAG
9881,2024-05-03,0.53372544,1,UNH
9882,2024-05-08,0.54260147,1,LH
9883,2024-04-15,0.75511605,1,STX
9884,2024-05-08,0.39538026,-1,KMB
9885,2024-05-08,0.5608988,1,TEL
9886,2024-05-09,0.52869874,1,IDXX
9887,2024-04-18,0.2686742,1,NDSN
9888,2024-04-26,0.48701534,1,PWR
9889,2024-04-25,0.50172275,1,REGN
9890,2024-04-11,0.3689475,-1,CSX
9891,2024-05-06,0.5014489,-1,ABBV
9892,2024-04-29,0.42101407,1,HON
9893,2024-04-19,0.5747036,1,CCI
9894,2024-04-10,0.518851,-1,CPAY
9895,2024-05-16,0.5046451,-1,SYF
9896,2024-05-22,0.52275664,1,CVS
9897,2024-05-09,0.56754714,1,EIX
9898,2024-04-03,0.572883,-1,DECK
9899,2024-04-12,0.43109453,1,ESS
9900,2024-05-21,0.49604377,-1,BAX
9901,2024-04-11,0.521537,-1,PAYC
9902,2024-04-02,0.5072457,-1,DLTR
9903,2024-04-17,0.44366816,1,INVH
9904,2024-04-01,0.5673913,-1,FI
9905,2024-04-29,0.43291998,1,TDG
9906,2024-04-25,0.5253258,1,PNW
9907,2024-04-22,0.56386393,1,YUM
9908,2024-04-22,0.2585078,1,MOS
9909,2024-05-21,0.34591383,1,JNPR
9910,2024-04-17,0.5257653,1,IR
9911,2024-04-15,0.5658562,1,EXPE
9912,2024-04-30,0.40085188,1,OTIS
9913,2024-05-16,0.4525938,1,FSLR
9914,2024-04-05,0.24296057,-1,GS
9915,2024-05-10,0.7025626,1,JNJ
9916,2024-04-08,0.38477758,-1,LRCX
9917,2024-04-15,0.45192435,-1,MU
9918,2024-04-15,0.5078638,1,NOC
9919,2024-05-06,0.5120248,-1,CHD
9920,2024-04-03,0.38048822,1,FMC
9921,2024-04-03,0.54136837,1,TTWO
9922,2024-05-01,0.45390418,1,MS
9923,2024-04-18,0.624501,-1,NKE
9924,2024-04-23,0.52432853,1,ZTS
9925,2024-05-03,0.5393353,1,MDT
9926,2024-05-23,0.38782445,-1,CL
9927,2024-04-19,0.5249524,-1,NDAQ
9928,2024-05-22,0.5139654,1,INTC
9929,2024-05-20,0.29690257,-1,VRSN
9930,2024-04-29,0.38554466,1,BX
9931,2024-05-02,0.47824278,1,ES
9932,2024-05-06,0.44460076,-1,ROL
9933,2024-04-29,0.58393687,-1,BLDR
9934,2024-05-22,0.43947926,1,URI
9935,2024-05-20,0.59859306,-1,PM
9936,2024-04-05,0.4868217,-1,ROST
9937,2024-04-19,0.4583318,1,J
9938,2024-04-15,0.64170295,1,HD
9939,2024-05-01,0.2447835,1,BALL
9940,2024-04-09,0.5576904,-1,APA
9941,2024-04-30,0.61771053,1,ENPH
9942,2024-04-29,0.52557117,1,AVB
9943,2024-05-23,0.37805465,-1,CBOE
9944,2024-04-05,0.3766769,-1,HUBB
9945,2024-04-11,0.48433718,-1,DXCM
9946,2024-05-21,0.38021925,1,CAH
9947,2024-04-17,0.48313114,1,TRGP
9948,2024-05-13,0.5521201,1,HPQ
9949,2024-04-12,0.44784048,-1,URI
9950,2024-04-08,0.59142435,-1,OMC
9951,2024-04-15,0.5032345,1,GD
9952,2024-05-10,0.6049632,1,INTC
9953,2024-05-22,0.5471013,1,FRT
9954,2024-05-23,0.539734,1,GL
9955,2024-04-23,0.45215333,1,NTAP
9956,2024-05-07,0.529071,-1,MKC
9957,2024-05-20,0.36467764,-1,TSCO
9958,2024-05-08,0.4443571,-1,PGR
9959,2024-04-08,0.47137246,1,CMG
9960,2024-04-29,0.5147032,-1,MPC
9961,2024-04-09,0.46576595,1,GS
9962,2024-05-23,0.5305351,1,HUM
9963,2024-04-30,0.5296043,1,CAG
9964,2024-05-01,0.122849554,1,IQV
9965,2024-04-19,0.5895502,-1,BEN
9966,2024-04-24,0.4802866,1,BLDR
9967,2024-04-23,0.5472782,1,RTX
9968,2024-04-30,0.5138869,1,MAA
9969,2024-04-19,0.35561922,1,CARR
9970,2024-04-03,0.41852894,-1,PSX
9971,2024-05-06,0.5020752,1,MMC
9972,2024-04-11,0.40122247,1,WTW
9973,2024-04-17,0.48618928,1,AXP
9974,2024-04-23,0.55211335,-1,NOW
9975,2024-04-22,0.5611885,1,URI
9976,2024-05-01,0.4353308,1,LNT
9977,2024-04-12,0.22607791,1,CHRW
9978,2024-04-18,0.49042195,1,DFS
9979,2024-05-01,0.66373336,-1,EL
9980,2024-04-09,0.44909376,-1,GD
9981,2024-04-24,0.47340396,-1,ANSS
9982,2024-04-22,0.52094316,-1,AJG
9983,2024-05-16,0.5507364,-1,ALGN
9984,2024-04-25,0.55760574,1,MO
9985,2024-05-22,0.47819087,1,LULU
9986,2024-04-23,0.5044736,-1,INVH
9987,2024-04-24,0.46933696,-1,MA
9988,2024-04-18,0.32814828,1,NWSA
9989,2024-04-19,0.34664142,-1,MET
9990,2024-04-17,0.53963995,1,CB
9991,2024-04-19,0.5421651,1,NVDA
9992,2024-05-03,0.54443806,-1,IBM
9993,2024-05-14,0.3090354,-1,KVUE
9994,2024-05-14,0.48954207,-1,ADSK
9995,2024-04-08,0.61024547,-1,MTCH
9996,2024-04-08,0.5161225,-1,APH
9997,2024-04-12,0.46204945,1,DFS
9998,2024-04-26,0.5636368,1,VTR
9999,2024-05-15,0.5027035,-1,TRGP
10000,2024-04-04,0.55533886,-1,CME
10001,2024-04-03,0.62049395,1,BKNG
10002,2024-04-11,0.5747449,1,RTX
10003,2024-05-01,0.35849655,1,IFF
10004,2024-05-23,0.77552605,1,UHS
10005,2024-04-23,0.5404616,-1,YUM
10006,2024-04-09,0.5027409,-1,ADBE
10007,2024-04-02,0.60207427,-1,BIIB
10008,2024-04-12,0.49331325,-1,NTRS
10009,2024-05-22,0.42970258,1,BBY
10010,2024-04-09,0.68437475,-1,BR
10011,2024-04-26,0.49314868,1,FOX
10012,2024-05-21,0.59515995,-1,SNPS
10013,2024-03-28,0.37366962,-1,URI
10014,2024-04-30,0.32165584,1,ITW
10015,2024-05-17,0.4626529,-1,CINF
10016,2024-04-26,0.5858689,1,NDAQ
10017,2024-04-30,0.39858046,1,WDC
10018,2024-04-15,0.24124405,1,PEP
10019,2024-04-26,0.39813507,1,KMI
10020,2024-04-25,0.38821384,-1,FCX
10021,2024-05-01,0.31581563,1,RVTY
10022,2024-05-23,0.18647076,-1,MCHP
10023,2024-04-26,0.35243165,1,UAL
10024,2024-05-15,0.5342438,-1,BA
10025,2024-05-10,0.41498548,1,TDY
10026,2024-04-05,0.43907142,-1,KEYS
10027,2024-04-29,0.54208314,1,ZTS
10028,2024-04-04,0.547262,-1,PPG
10029,2024-04-29,0.49084088,1,LRCX
10030,2024-04-01,0.44311136,-1,LLY
10031,2024-04-23,0.13651533,-1,DFS
10032,2024-05-22,0.61365145,1,KIM
10033,2024-05-23,0.6108845,1,HIG
10034,2024-05-07,0.2161206,1,FTNT
10035,2024-04-15,0.29975674,1,FDX
10036,2024-04-10,0.3877905,-1,JNJ
10037,2024-05-21,0.5520667,-1,VRTX
10038,2024-05-01,0.40372816,1,CTAS
10039,2024-05-22,0.6102374,1,MCD
10040,2024-05-08,0.58248717,1,TFC
10041,2024-04-02,0.54592085,1,MOS
10042,2024-05-07,0.5254582,1,YUM
10043,2024-04-04,0.44739553,-1,CI
10044,2024-04-22,0.58335716,-1,SJM
10045,2024-05-16,0.18257271,1,IP
10046,2024-04-09,0.49804673,-1,CSCO
10047,2024-03-28,0.39033768,-1,FE
10048,2024-05-03,0.4351755,1,WY
10049,2024-04-11,0.36141118,-1,HAS
10050,2024-05-10,0.42342988,-1,WEC
10051,2024-05-22,0.49031758,-1,UPS
10052,2024-05-01,0.3947184,1,DPZ
10053,2024-05-13,0.42241806,1,EQT
10054,2024-04-17,0.48881307,1,FMC
10055,2024-04-01,0.503175,1,KMB
10056,2024-03-28,0.44118506,-1,JCI
10057,2024-04-08,0.5512715,-1,VTR
10058,2024-04-10,0.48255596,-1,MHK
10059,2024-05-20,0.57268006,-1,AMCR
10060,2024-05-06,0.55886036,1,CTVA
10061,2024-04-09,0.53315693,-1,MPC
10062,2024-04-17,0.33991143,1,LULU
10063,2024-05-17,0.4618725,-1,FCX
10064,2024-04-10,0.47712544,-1,NTAP
10065,2024-05-16,0.50724906,-1,TRGP
10066,2024-05-13,0.57440704,1,SNPS
10067,2024-04-05,0.2115345,-1,TXN
10068,2024-04-23,0.35659656,-1,TRV
10069,2024-04-24,0.3796121,-1,MSFT
10070,2024-05-01,0.19199085,-1,KHC
10071,2024-05-01,0.42403826,1,MCK
10072,2024-04-02,0.6263836,1,CPB
10073,2024-03-28,0.34923512,-1,CSX
10074,2024-04-25,0.66503346,-1,KKR
10075,2024-05-20,0.50081325,-1,CHTR
10076,2024-05-02,0.45965976,1,CI
10077,2024-04-08,0.5141267,-1,AMZN
10078,2024-04-10,0.14298494,-1,UHS
10079,2024-05-21,0.5554343,-1,DHR
10080,2024-04-05,0.44836792,-1,DLTR
10081,2024-03-28,0.5503491,1,LLY
10082,2024-04-26,0.49541065,1,AVY
10083,2024-04-26,0.61942035,-1,SJM
10084,2024-04-22,0.59790385,-1,V
10085,2024-04-24,0.537265,1,O
10086,2024-05-23,0.4122877,1,LOW
10087,2024-05-03,0.54438937,1,NEM
10088,2024-05-02,0.5257648,1,MTD
10089,2024-05-02,0.62835956,1,DECK
10090,2024-04-16,0.44920242,1,PEG
10091,2024-04-24,0.59826463,1,CCI
10092,2024-05-08,0.4391264,1,MOS
10093,2024-05-17,0.16230889,-1,INTU
10094,2024-04-01,0.41827968,-1,CMCSA
10095,2024-05-21,0.79041886,-1,PARA
10096,2024-04-25,0.60430825,-1,WBD
10097,2024-05-22,0.25719756,1,DOW
10098,2024-04-11,0.35525328,-1,GOOG
10099,2024-04-19,0.5918224,-1,JNPR
10100,2024-05-15,0.5831842,-1,PG
10101,2024-04-03,0.36450097,-1,LHX
10102,2024-04-22,0.33314988,-1,CB
10103,2024-04-22,0.55447346,-1,AZO
10104,2024-05-06,0.39688388,-1,PODD
10105,2024-05-10,0.53276366,1,SBUX
10106,2024-05-07,0.6012377,1,WTW
10107,2024-05-20,0.5457402,-1,SLB
10108,2024-04-03,0.37765142,-1,CBRE
10109,2024-04-24,0.8410912,-1,HPQ
10110,2024-04-22,0.45739484,-1,OMC
10111,2024-04-15,0.53820044,1,ATO
10112,2024-05-14,0.53232783,-1,FFIV
10113,2024-05-01,0.5915115,1,AMD
10114,2024-05-21,0.5215002,-1,MA
10115,2024-04-29,0.48635888,1,ESS
10116,2024-05-08,0.4774834,1,DECK
10117,2024-04-08,0.578131,-1,APD
10118,2024-04-22,0.4164525,1,AVGO
10119,2024-04-10,0.40265375,-1,ROST
10120,2024-04-02,0.50484943,-1,AIZ
10121,2024-05-22,0.5518411,1,PLD
10122,2024-05-16,0.598473,-1,ALB
10123,2024-04-15,0.42621315,-1,ROST
10124,2024-05-06,0.3828246,1,BBWI
10125,2024-04-02,0.5054284,-1,ORCL
10126,2024-04-25,0.40784633,-1,WM
10127,2024-05-10,0.48034894,1,ACGL
10128,2024-05-10,0.506525,1,QCOM
10129,2024-05-14,0.094982795,-1,AXON
10130,2024-04-11,0.40412894,-1,AES
10131,2024-04-09,0.065353185,-1,EL
10132,2024-05-22,0.44336465,-1,MPWR
10133,2024-04-03,0.6400945,-1,UPS
10134,2024-04-12,0.47999114,-1,TAP
10135,2024-04-16,0.45887536,1,WEC
10136,2024-04-24,0.47074577,1,CPT
10137,2024-05-17,0.45202413,-1,VTR
10138,2024-04-24,0.4904571,-1,VZ
10139,2024-04-02,0.46981555,-1,AJG
10140,2024-04-08,0.58398354,-1,LNT
10141,2024-04-25,0.5125391,1,TER
10142,2024-04-08,0.4793709,-1,AIZ
10143,2024-05-07,0.4080362,-1,LMT
10144,2024-04-04,0.48640206,-1,TXT
10145,2024-04-15,0.55097276,1,NEE
10146,2024-05-14,0.5751956,1,DG
10147,2024-05-13,0.40562308,1,APD
10148,2024-05-08,0.36952907,1,PEP
10149,2024-04-08,0.4544872,1,UNH
10150,2024-05-01,0.46674258,1,AJG
10151,2024-05-14,0.3405348,-1,BBY
10152,2024-04-30,0.28290343,1,HWM
10153,2024-05-01,0.31508055,1,GPN
10154,2024-05-22,0.3696568,1,CCL
10155,2024-04-12,0.49504015,-1,SYK
10156,2024-05-16,0.4820089,1,ETN
10157,2024-04-12,0.21629344,1,LHX
10158,2024-05-22,0.41260862,1,BAC
10159,2024-05-02,0.53295994,-1,COP
10160,2024-04-10,0.4473624,1,FOX
10161,2024-05-16,0.43359867,1,ROST
10162,2024-04-30,0.4768334,1,HON
10163,2024-04-03,0.45606092,-1,STT
10164,2024-05-14,0.52865607,-1,IEX
10165,2024-05-15,0.40635398,-1,NVR
10166,2024-05-16,0.31536132,-1,WYNN
10167,2024-04-10,0.38489673,-1,KIM
10168,2024-05-15,0.7842531,-1,BALL
10169,2024-05-08,0.5145856,-1,CTAS
10170,2024-04-26,0.385223,1,K
10171,2024-04-22,0.37125447,-1,BAC
10172,2024-05-14,0.49341795,-1,ACN
10173,2024-04-17,0.59870756,1,AAL
10174,2024-05-13,0.41537184,1,FTNT
10175,2024-03-28,0.34975627,1,MAA
10176,2024-04-03,0.49684802,1,NDAQ
10177,2024-04-17,0.4992112,-1,IP
10178,2024-05-16,0.54331565,-1,ZBH
10179,2024-04-18,0.54038334,1,AWK
10180,2024-04-12,0.40409812,1,FMC
10181,2024-04-29,0.549204,1,VST
10182,2024-04-23,0.48226687,1,CMG
10183,2024-04-04,0.28715453,-1,DHR
10184,2024-04-30,0.37380862,1,HLT
10185,2024-05-01,0.46257657,1,HUBB
10186,2024-05-06,0.5333809,1,INCY
10187,2024-04-11,0.40104717,-1,IDXX
10188,2024-04-25,0.47762173,1,CPB
10189,2024-03-28,0.4541311,1,TT
10190,2024-04-18,0.31536555,1,F
10191,2024-05-06,0.4537718,1,CVX
10192,2024-05-23,0.8279946,1,CI
10193,2024-05-21,0.52307963,-1,CVS
10194,2024-04-05,0.36104718,-1,WELL
10195,2024-04-01,0.31045797,-1,RCL
10196,2024-04-02,0.34436268,1,PYPL
10197,2024-04-11,0.50001365,1,AZO
10198,2024-04-24,0.4448467,1,CPB
10199,2024-05-01,0.56090933,1,ADP
10200,2024-03-28,0.4498144,-1,FMC
10201,2024-04-22,0.45317438,-1,POOL
10202,2024-04-18,0.36592487,1,BIIB
10203,2024-04-24,0.43876433,-1,ABNB
10204,2024-04-16,0.4865114,-1,CB
10205,2024-05-17,0.5054661,-1,LMT
10206,2024-05-10,0.46350518,1,LDOS
10207,2024-04-23,0.56866527,1,WELL
10208,2024-04-12,0.5965449,-1,EXPD
10209,2024-04-03,0.4603179,-1,REGN
10210,2024-05-21,0.5624258,-1,EQR
10211,2024-05-13,0.47335333,1,IT
10212,2024-04-17,0.48782846,-1,JNPR
10213,2024-05-21,0.5158089,-1,ZBH
10214,2024-04-30,0.62682307,1,VICI
10215,2024-04-22,0.4688916,-1,KR
10216,2024-04-16,0.61523885,-1,DG
10217,2024-04-24,0.40180078,-1,OTIS
10218,2024-05-17,0.5147464,-1,IRM
10219,2024-04-04,0.6730028,-1,ED
10220,2024-04-24,0.5161313,-1,DOV
10221,2024-05-20,0.55746436,-1,WEC
10222,2024-05-22,0.44986346,1,ESS
10223,2024-04-26,0.13224497,1,MRNA
10224,2024-05-13,0.5581771,1,ICE
10225,2024-05-03,0.5701298,1,NRG
10226,2024-05-01,0.57805115,1,CBOE
10227,2024-05-03,0.4792881,-1,AMAT
10228,2024-04-17,0.36991313,1,FSLR
10229,2024-05-10,0.5396466,-1,F
10230,2024-05-16,0.47190928,1,NTAP
10231,2024-05-09,0.521172,1,CVS
10232,2024-04-02,0.4894866,-1,FOXA
10233,2024-05-10,0.5969361,-1,SHW
10234,2024-04-17,0.5284794,-1,FDS
10235,2024-05-01,0.46096796,1,COF
10236,2024-04-22,0.44290864,-1,PCAR
10237,2024-04-17,0.26458946,1,KEY
10238,2024-05-23,0.5053971,1,VRTX
10239,2024-04-12,0.38288906,-1,PKG
10240,2024-04-16,0.48401195,-1,IVZ
10241,2024-04-02,0.4510884,-1,CMS
10242,2024-04-23,0.5934147,-1,CSCO
10243,2024-05-10,0.6194582,-1,WBA
10244,2024-04-22,0.628098,-1,VLO
10245,2024-05-09,0.42595592,-1,CTVA
10246,2024-05-02,0.75549716,1,EXR
10247,2024-04-05,0.3317392,-1,HAS
10248,2024-04-01,0.6105747,1,PYPL
10249,2024-04-30,0.4176512,-1,TSN
10250,2024-04-08,0.5173604,-1,PNW
10251,2024-04-09,0.47619852,-1,TRV
10252,2024-04-18,0.45959896,1,HCA
10253,2024-05-21,0.46416876,-1,KHC
10254,2024-04-24,0.5018366,1,XYL
10255,2024-04-05,0.42319766,-1,EOG
10256,2024-04-15,0.47961348,1,SPG
10257,2024-04-09,0.641514,-1,MDLZ
10258,2024-04-08,0.49482644,-1,STZ
10259,2024-04-15,0.43593204,-1,MAR
10260,2024-05-02,0.5177653,1,LDOS
10261,2024-03-28,0.37311596,1,TRV
10262,2024-05-15,0.3792756,-1,DRI
10263,2024-05-02,0.3313978,1,ACGL
10264,2024-04-02,0.5381328,-1,MSI
10265,2024-05-03,0.42949212,1,AVB
10266,2024-04-18,0.24831086,-1,MET
10267,2024-05-16,0.52611303,-1,CVS
10268,2024-04-24,0.71139455,-1,WTW
10269,2024-04-12,0.41285682,1,CHTR
10270,2024-04-04,0.35242596,-1,VRSK
10271,2024-04-10,0.5215855,-1,XOM
10272,2024-04-05,0.53697646,-1,CRM
10273,2024-04-18,0.53294045,1,FCX
10274,2024-04-01,0.24636996,-1,NWSA
10275,2024-05-06,0.37942743,1,EQR
10276,2024-04-29,0.48479265,-1,COR
10277,2024-04-23,0.32886538,-1,MAR
10278,2024-05-20,0.49646413,-1,PARA
10279,2024-04-04,0.6523662,-1,CTRA
10280,2024-05-23,0.47028598,-1,TAP
10281,2024-04-03,0.64117557,1,AVGO
10282,2024-04-08,0.4617267,-1,SYY
10283,2024-05-03,0.47795334,-1,ALGN
10284,2024-04-02,0.49899453,1,BALL
10285,2024-05-09,0.56345147,1,PRU
10286,2024-05-21,0.3237458,1,DVA
10287,2024-05-13,0.5101398,-1,AXON
10288,2024-04-30,0.5993045,1,AFL
10289,2024-05-06,0.4628155,-1,GE
10290,2024-04-25,0.43590963,-1,MOH
10291,2024-04-30,0.5267382,-1,ABT
10292,2024-05-03,0.4834853,1,PKG
10293,2024-05-23,0.43436387,-1,TROW
10294,2024-05-16,0.25561023,1,PFE
10295,2024-04-04,0.50212425,-1,AIZ
10296,2024-04-03,0.52466595,-1,NTRS
10297,2024-05-01,0.45465335,1,CMG
10298,2024-05-01,0.26731828,1,GS
10299,2024-04-01,0.5905425,-1,EL
10300,2024-05-16,0.5811046,-1,PNR
10301,2024-05-14,0.60937077,1,OKE
10302,2024-04-11,0.49273586,-1,JNPR
10303,2024-04-09,0.5156474,-1,SNA
10304,2024-04-15,0.4675865,1,BMY
10305,2024-05-23,0.44382343,-1,ADI
10306,2024-05-23,0.3777043,1,LLY
10307,2024-05-13,0.44749463,-1,FANG
10308,2024-04-25,0.50764686,1,NFLX
10309,2024-03-28,0.44940162,-1,MHK
10310,2024-05-17,0.38819817,-1,SYF
10311,2024-05-17,0.41984305,-1,VMC
10312,2024-04-25,0.32443282,-1,BAC
10313,2024-05-08,0.34012857,-1,CI
10314,2024-04-19,0.43259886,1,HLT
10315,2024-04-12,0.55933714,1,AMGN
10316,2024-05-10,0.4859408,1,WAB
10317,2024-05-14,0.47144923,-1,SPG
10318,2024-05-09,0.5695882,1,DVA
10319,2024-05-15,0.6673026,1,NFLX
10320,2024-05-02,0.42082292,1,SPGI
10321,2024-04-30,0.5930762,1,FOXA
10322,2024-05-16,0.47424722,-1,RF
10323,2024-05-15,0.49117643,-1,DTE
10324,2024-04-23,0.54116017,1,ZBRA
10325,2024-04-17,0.42365003,1,STT
10326,2024-05-08,0.50281495,-1,ACGL
10327,2024-05-07,0.32354078,-1,COP
10328,2024-05-23,0.51303816,1,APTV
10329,2024-04-23,0.4215157,-1,WYNN
10330,2024-05-22,0.49816418,-1,NUE
10331,2024-05-13,0.6816217,-1,ABNB
10332,2024-05-02,0.8002372,1,CEG
10333,2024-05-22,0.51005656,-1,BR
10334,2024-05-03,0.36110526,1,MSI
10335,2024-04-17,0.23862273,1,PFG
10336,2024-05-23,0.51997524,-1,MPC
10337,2024-04-16,0.45704114,1,ELV
10338,2024-04-09,0.4350965,-1,EOG
10339,2024-04-16,0.43915606,1,PNW
10340,2024-05-10,0.3882923,1,O
10341,2024-04-23,0.58582145,-1,BWA
10342,2024-04-23,0.57942396,1,ETR
10343,2024-05-02,0.6011325,1,PLD
10344,2024-05-15,0.51593417,-1,DPZ
10345,2024-05-16,0.5298595,-1,PG
10346,2024-04-18,0.3401175,1,BXP
10347,2024-04-12,0.48207098,1,CTVA
10348,2024-04-17,0.4368581,1,C
10349,2024-05-17,0.36282727,1,VST
10350,2024-04-23,0.49592274,-1,NWS
10351,2024-04-12,0.5506302,1,PANW
10352,2024-05-13,0.48928314,1,MS
10353,2024-05-16,0.39638418,-1,DUK
10354,2024-04-25,0.28577787,1,WFC
10355,2024-04-09,0.61639017,-1,MOS
10356,2024-05-06,0.33083436,1,MCK
10357,2024-05-16,0.34989575,-1,NOC
10358,2024-05-22,0.62455064,1,EBAY
10359,2024-04-10,0.3716227,-1,MKTX
10360,2024-04-18,0.48242766,1,FMC
10361,2024-04-19,0.47583878,1,URI
10362,2024-05-22,0.6191106,-1,PFE
10363,2024-04-22,0.43914866,-1,ORCL
10364,2024-04-19,0.50509006,1,PYPL
10365,2024-04-01,0.43360394,-1,CI
10366,2024-04-26,0.5288984,1,PHM
10367,2024-04-03,0.5446532,-1,GILD
10368,2024-04-04,0.4856239,-1,COP
10369,2024-05-09,0.47956857,-1,DPZ
10370,2024-05-01,0.45010924,1,TECH
10371,2024-05-20,0.30099288,-1,TRGP
10372,2024-04-01,0.5051688,1,IR
10373,2024-05-14,0.52773154,-1,PKG
10374,2024-05-23,0.28433987,-1,ZBRA
10375,2024-05-14,0.55831754,-1,A
10376,2024-04-22,0.49828953,-1,MPC
10377,2024-05-09,0.29198515,1,HSY
10378,2024-05-22,0.41247806,1,DVA
10379,2024-04-05,0.4613423,-1,TFX
10380,2024-05-14,0.43042985,1,NCLH
10381,2024-05-09,0.6632937,1,TFX
10382,2024-05-02,0.4371454,1,BIIB
10383,2024-04-15,0.4929223,1,PG
10384,2024-05-02,0.5567935,1,NRG
10385,2024-04-26,0.63276255,-1,GEN
10386,2024-04-22,0.63757634,-1,ISRG
10387,2024-05-07,0.42024618,1,IP
10388,2024-04-15,0.5797809,-1,FCX
10389,2024-05-21,0.57000285,-1,HD
10390,2024-05-21,0.6136693,-1,BKNG
10391,2024-04-12,0.46251386,1,UPS
10392,2024-05-16,0.43730864,-1,DE
10393,2024-04-03,0.35085315,1,DD
10394,2024-05-03,0.31273913,1,BBY
10395,2024-05-09,0.43281448,1,UNH
10396,2024-05-03,0.51631695,1,MU
10397,2024-04-12,0.24218376,-1,EMR
10398,2024-04-23,0.5967605,1,ADP
10399,2024-05-20,0.4139218,-1,HLT
10400,2024-03-28,0.49758703,1,CME
10401,2024-04-25,0.30046782,-1,SYK
10402,2024-05-10,0.5527637,-1,EQR
10403,2024-04-23,0.46773398,1,DVA
10404,2024-05-22,0.43298042,-1,LDOS
10405,2024-04-05,0.53614694,-1,MRK
10406,2024-04-05,0.4287591,-1,DRI
10407,2024-04-29,0.47224423,1,CB
10408,2024-04-10,0.4699203,-1,VICI
10409,2024-04-17,0.4999248,1,KMX
10410,2024-05-10,0.70458424,1,APD
10411,2024-05-06,0.4451565,1,JPM
10412,2024-05-07,0.33469737,1,INTU
10413,2024-03-28,0.26297075,-1,HSIC
10414,2024-03-28,0.3990575,-1,COR
10415,2024-05-07,0.52462804,1,VLO
10416,2024-05-13,0.53708714,1,TT
10417,2024-04-02,0.6322103,-1,ED
10418,2024-04-22,0.6154578,-1,CZR
10419,2024-04-05,0.5348653,-1,AOS
10420,2024-04-16,0.60334593,1,MTB
10421,2024-05-20,0.55089265,-1,HON
10422,2024-04-03,0.4672324,-1,MCO
10423,2024-04-04,0.60535103,-1,HAS
10424,2024-04-10,0.5222647,-1,STX
10425,2024-04-29,0.5756508,-1,CCL
10426,2024-04-16,0.44905475,-1,LYV
10427,2024-05-02,0.5305754,1,WBD
10428,2024-04-24,0.6113542,-1,ROP
10429,2024-04-09,0.49476224,-1,USB
10430,2024-05-02,0.38373175,1,JBHT
10431,2024-04-16,0.69972926,-1,EFX
10432,2024-04-19,0.5298847,-1,BBY
10433,2024-05-14,0.5477666,1,DHR
10434,2024-04-03,0.5199567,1,IR
10435,2024-04-19,0.34537137,1,NFLX
10436,2024-04-23,0.189811,1,PCG
10437,2024-05-02,0.49356782,1,QRVO
10438,2024-05-01,0.5137139,-1,JNPR
10439,2024-04-08,0.32949495,-1,FE
10440,2024-04-12,0.42988855,-1,ROK
10441,2024-05-21,0.4669771,-1,TSN
10442,2024-04-19,0.30569285,1,TECH
10443,2024-05-15,0.48925826,-1,CTLT
10444,2024-05-07,0.623573,-1,IBM
10445,2024-04-15,0.5213629,1,COO
10446,2024-04-09,0.44630685,-1,ITW
10447,2024-04-29,0.52325976,1,FICO
10448,2024-04-29,0.5301737,1,DG
10449,2024-04-12,0.46099186,-1,DIS
10450,2024-04-09,0.6437981,1,AAPL
10451,2024-04-10,0.47705144,-1,PH
10452,2024-04-24,0.48270807,1,TSLA
10453,2024-04-24,0.24319813,-1,JKHY
10454,2024-04-22,0.52389437,1,VST
10455,2024-04-09,0.90800023,-1,FRT
10456,2024-04-04,0.55289376,-1,WAB
10457,2024-04-11,0.29089394,-1,POOL
10458,2024-04-23,0.6615741,-1,POOL
10459,2024-05-01,0.5611898,1,BAC
10460,2024-04-19,0.5017173,-1,AOS
10461,2024-04-08,0.6732685,-1,NEE
10462,2024-03-28,0.078579284,1,TFC
10463,2024-05-16,0.48834506,1,CSX
10464,2024-04-25,0.4945483,-1,GEN
10465,2024-05-15,0.5372704,-1,ADSK
10466,2024-05-10,0.5490343,1,NOW
10467,2024-04-26,0.68644214,1,BDX
10468,2024-04-17,0.32636613,-1,CDNS
10469,2024-04-19,0.44443887,1,UDR
10470,2024-05-03,0.55323434,1,CTVA
10471,2024-05-10,0.44897434,1,FE
10472,2024-05-17,0.5760947,-1,WBD
10473,2024-04-02,0.42824712,-1,PWR
10474,2024-05-09,0.5281177,1,AES
10475,2024-05-02,0.5116603,1,IT
10476,2024-04-25,0.3732491,-1,CME
10477,2024-04-16,0.48604736,1,CAT
10478,2024-04-15,0.44700953,1,RF
10479,2024-04-15,0.56729066,1,AMGN
10480,2024-05-14,0.51559263,-1,STLD
10481,2024-05-13,0.347505,1,AFL
10482,2024-04-11,0.40252098,-1,DPZ
10483,2024-04-22,0.26656458,-1,HUM
10484,2024-04-12,0.35535464,-1,QRVO
10485,2024-04-09,0.51601523,-1,ULTA
10486,2024-04-30,0.34854612,1,VTRS
10487,2024-04-04,0.52050906,-1,BBY
10488,2024-04-24,0.47597846,-1,WBA
10489,2024-05-16,0.46295536,-1,PH
10490,2024-04-29,0.7273405,1,ANSS
10491,2024-04-26,0.5382999,-1,MET
10492,2024-04-08,0.41509196,-1,GPN
10493,2024-05-13,0.4235023,-1,MTCH
10494,2024-04-01,0.5976413,-1,VMC
10495,2024-05-16,0.44465318,-1,SNA
10496,2024-04-23,0.44369885,1,PNR
10497,2024-05-16,0.4441653,1,PEG
10498,2024-05-08,0.6606752,1,HUM
10499,2024-04-30,0.11167768,1,ED
10500,2024-05-01,0.47796378,-1,PYPL
10501,2024-05-17,0.4918767,1,JCI
10502,2024-04-01,0.35552895,-1,CL
10503,2024-05-07,0.54621935,1,KIM
10504,2024-05-21,0.51554203,-1,AOS
10505,2024-05-23,0.6307966,1,PNW
10506,2024-04-12,0.50237256,1,NDAQ
10507,2024-05-22,0.46447986,1,HD
10508,2024-04-18,0.38985714,1,PH
10509,2024-04-10,0.46437606,-1,FAST
10510,2024-04-12,0.38039312,-1,HPQ
10511,2024-04-10,0.1537324,-1,ROP
10512,2024-05-22,0.5120561,-1,CME
10513,2024-04-25,0.39638105,-1,PTC
10514,2024-04-02,0.40255097,1,ADM
10515,2024-05-13,0.25143197,1,ISRG
10516,2024-04-23,0.43599495,-1,FDX
10517,2024-05-10,0.49747556,1,CF
10518,2024-04-23,0.5945261,1,GS
10519,2024-03-28,0.29582384,-1,MSCI
10520,2024-04-22,0.5527724,-1,WMB
10521,2024-05-15,0.44596568,-1,SWKS
10522,2024-05-21,0.57823986,-1,ANSS
10523,2024-04-03,0.39974838,1,DAL
10524,2024-04-15,0.56625605,-1,HPE
10525,2024-04-19,0.45989233,1,CPT
10526,2024-04-22,0.5952786,-1,GM
10527,2024-05-13,0.55329776,1,DXCM
10528,2024-04-25,0.31369302,-1,IRM
10529,2024-04-19,0.4701479,-1,INTC
10530,2024-04-16,0.68848646,1,BALL
10531,2024-04-25,0.54885,-1,TJX
10532,2024-04-08,0.5962452,-1,XEL
10533,2024-04-25,0.5929087,-1,EXPE
10534,2024-05-21,0.5982275,1,SPG
10535,2024-04-08,0.5271133,-1,EXR
10536,2024-04-17,0.500873,-1,NVDA
10537,2024-04-25,0.4278396,1,FE
10538,2024-05-15,0.5254058,-1,MDT
10539,2024-04-10,0.46648768,-1,BLDR
10540,2024-05-21,0.51437926,-1,CAT
10541,2024-05-22,0.31285557,1,MKC
10542,2024-04-12,0.33386046,1,EIX
10543,2024-04-10,0.36292306,-1,HSIC
10544,2024-04-15,0.48985153,1,ED
10545,2024-05-07,0.5717799,-1,CTRA
10546,2024-04-16,0.6370908,1,AMGN
10547,2024-05-23,0.49448276,1,CTVA
10548,2024-05-17,0.5050027,1,META
10549,2024-04-04,0.47961724,-1,ROST
10550,2024-04-03,0.59767115,1,VLTO
10551,2024-04-01,0.53896374,-1,SNPS
10552,2024-05-15,0.6954719,-1,KKR
10553,2024-04-15,0.44195592,1,CVX
10554,2024-05-22,0.5351062,1,EMN
10555,2024-04-29,0.6125652,1,FE
10556,2024-04-29,0.6393525,1,GRMN
10557,2024-04-04,0.49187282,-1,FAST
10558,2024-04-16,0.49005228,1,VRTX
10559,2024-04-05,0.49844107,-1,ALL
10560,2024-05-03,0.49232888,1,AMGN
10561,2024-05-01,0.46935946,1,BMY
10562,2024-05-07,0.4351964,-1,ATO
10563,2024-05-15,0.453632,-1,HRL
10564,2024-04-18,0.49514458,1,CI
10565,2024-04-30,0.56189054,1,VRTX
10566,2024-05-01,0.46737352,1,WY
10567,2024-04-18,0.48505634,-1,EMN
10568,2024-04-01,0.43393722,1,DHI
10569,2024-05-20,0.50737804,-1,ADM
10570,2024-05-01,0.4486447,1,NI
10571,2024-05-20,0.3731927,-1,VZ
10572,2024-04-01,0.5574747,1,JKHY
10573,2024-05-23,0.48133782,-1,MOH
10574,2024-05-22,0.5706981,1,MPC
10575,2024-05-10,0.53848064,1,AMD
10576,2024-05-01,0.4072818,1,ACGL
10577,2024-05-02,0.5512457,1,VRTX
10578,2024-05-17,0.22496867,-1,DOW
10579,2024-04-17,0.57927364,-1,BA
10580,2024-03-28,0.5650303,-1,DD
10581,2024-05-14,0.53948486,-1,UAL
10582,2024-05-01,0.48717853,1,EXPD
10583,2024-05-14,0.4959524,1,WMB
10584,2024-05-03,0.52447116,1,MRNA
10585,2024-04-29,0.49558473,1,WFC
10586,2024-05-20,0.4039483,-1,GEN
10587,2024-05-16,0.39945403,-1,CPT
10588,2024-05-10,0.58440524,-1,ABT
10589,2024-05-01,0.3452176,1,AMZN
10590,2024-05-03,0.4740561,-1,FSLR
10591,2024-04-01,0.22653064,-1,UAL
10592,2024-05-07,0.46387857,1,DOV
10593,2024-05-01,0.4846675,1,AVGO
10594,2024-04-17,0.21711291,1,OKE
10595,2024-04-25,0.6529674,-1,MDLZ
10596,2024-05-09,0.48325694,1,BIIB
10597,2024-04-19,0.36686078,-1,WST
10598,2024-05-03,0.5247161,1,SNA
10599,2024-04-17,0.34578687,1,LDOS
10600,2024-04-30,0.6014359,1,GWW
10601,2024-05-15,0.48777664,-1,USB
10602,2024-05-22,0.53983,-1,VMC
10603,2024-04-19,0.5302532,-1,EG
10604,2024-04-17,0.31255347,1,MAR
10605,2024-05-13,0.40942624,-1,CVX
10606,2024-05-01,0.059988644,-1,AXON
10607,2024-04-26,0.49812943,1,ADBE
10608,2024-05-23,0.6063877,1,EIX
10609,2024-04-01,0.47507423,1,MS
10610,2024-04-24,0.27664587,1,GDDY
10611,2024-04-04,0.40033117,-1,LEN
10612,2024-04-26,0.6085323,1,LEN
10613,2024-05-22,0.5447232,1,AMP
10614,2024-05-10,0.553171,-1,FAST
10615,2024-04-17,0.42735627,1,CCL
10616,2024-05-03,0.60410213,-1,KEYS
10617,2024-03-28,0.4805929,1,XOM
10618,2024-04-08,0.46462944,-1,NVR
10619,2024-04-10,0.5001606,-1,MSCI
10620,2024-05-10,0.4869282,-1,SWK
10621,2024-04-04,0.6717349,-1,GILD
10622,2024-05-02,0.51029515,1,CSX
10623,2024-04-22,0.5403097,1,ALB
10624,2024-04-24,0.44595173,1,PYPL
10625,2024-05-14,0.65746415,1,FTNT
10626,2024-04-25,0.46089736,-1,TGT
10627,2024-05-02,0.5177658,-1,CSGP
10628,2024-05-21,0.5084234,-1,OXY
10629,2024-05-03,0.5198747,1,CINF
10630,2024-04-22,0.39237928,-1,ADBE
10631,2024-05-01,0.45269915,1,MDT
10632,2024-04-09,0.5188615,-1,GPN
10633,2024-05-22,0.5033946,-1,MS
10634,2024-04-15,0.39281267,1,DOV
10635,2024-05-13,0.5118236,-1,ROL
10636,2024-05-23,0.54671156,-1,ROST
10637,2024-05-06,0.47488254,1,APH
10638,2024-04-05,0.567457,-1,PAYC
10639,2024-05-09,0.5095619,1,APD
10640,2024-04-11,0.22409602,-1,RF
10641,2024-04-26,0.5440887,1,EXR
10642,2024-04-08,0.46765333,-1,MO
10643,2024-05-06,0.58570766,-1,IBM
10644,2024-04-03,0.4979961,1,COST
10645,2024-05-17,0.6444653,-1,PG
10646,2024-05-16,0.49800035,-1,DVA
10647,2024-05-23,0.28722563,-1,JBL
10648,2024-04-09,0.48576254,-1,EXPE
10649,2024-05-16,0.51574284,-1,CAT
10650,2024-05-06,0.49720156,1,ADI
10651,2024-05-06,0.47907278,1,TMUS
10652,2024-05-01,0.4735628,1,PPG
10653,2024-04-08,0.40211728,-1,MA
10654,2024-05-07,0.5427529,1,EVRG
10655,2024-05-03,0.41396073,1,EVRG
10656,2024-05-17,0.44445038,-1,KIM
10657,2024-04-04,0.47922507,-1,STE
10658,2024-04-26,0.59439874,1,BX
10659,2024-05-20,0.64663386,-1,MKC
10660,2024-04-22,0.42581424,-1,RJF
10661,2024-05-02,0.47197527,1,ZTS
10662,2024-05-03,0.33781523,1,DG
10663,2024-05-23,0.4558444,-1,AZO
10664,2024-04-01,0.46741462,1,NXPI
10665,2024-04-11,0.4179828,1,CTVA
10666,2024-04-30,0.5496181,1,CB
10667,2024-04-17,0.55758,1,UNP
10668,2024-04-01,0.5738152,1,EFX
10669,2024-04-17,0.47442064,1,GS
10670,2024-05-16,0.49954313,-1,NUE
10671,2024-04-18,0.45373887,1,APH
10672,2024-04-12,0.5070354,-1,HOLX
10673,2024-05-03,0.5256226,1,UNP
10674,2024-04-02,0.6282041,-1,PFE
10675,2024-04-03,0.4703746,1,V
10676,2024-04-11,0.52729267,-1,NWS
10677,2024-05-10,0.57309675,1,ETN
10678,2024-05-08,0.5433248,1,EA
10679,2024-05-14,0.6630411,1,MAR
10680,2024-04-26,0.5143423,-1,GILD
10681,2024-05-02,0.33246356,1,NWSA
10682,2024-04-12,0.5455345,1,WFC
10683,2024-04-29,0.6216216,1,UDR
10684,2024-05-22,0.454606,1,JPM
10685,2024-03-28,0.55026,-1,FDX
10686,2024-04-30,0.4651971,1,VMC
10687,2024-04-30,0.45534363,1,DPZ
10688,2024-04-29,0.7728739,1,WEC
10689,2024-04-15,0.45918667,-1,SHW
10690,2024-05-21,0.6097854,-1,WYNN
10691,2024-04-24,0.35745654,-1,HAL
10692,2024-04-24,0.44623706,1,DOW
10693,2024-05-08,0.5772189,-1,CBOE
10694,2024-05-01,0.50815225,-1,EA
10695,2024-05-08,0.46121454,1,DOC
10696,2024-05-14,0.43117696,1,TJX
10697,2024-04-02,0.4865267,-1,IBM
10698,2024-05-14,0.40747124,-1,XEL
10699,2024-04-15,0.45398393,1,IQV
10700,2024-03-28,0.24289925,-1,NOC
10701,2024-04-30,0.25271764,1,ALLE
10702,2024-04-05,0.35144407,-1,EXC
10703,2024-05-01,0.5173508,1,VRTX
10704,2024-05-22,0.501734,1,CHRW
10705,2024-05-02,0.47592348,1,TXT
10706,2024-04-24,0.37643132,-1,MLM
10707,2024-05-13,0.52994466,1,TPR
10708,2024-04-03,0.5178395,-1,DFS
10709,2024-05-01,0.21198474,1,GDDY
10710,2024-05-13,0.4924276,1,ECL
10711,2024-05-22,0.29925308,1,IVZ
10712,2024-04-11,0.67811656,-1,LH
10713,2024-04-02,0.4320905,-1,DECK
10714,2024-04-26,0.5068224,-1,DVA
10715,2024-05-06,0.5883366,-1,NKE
10716,2024-04-03,0.4298487,1,MCHP
10717,2024-05-13,0.57786536,1,AVB
10718,2024-05-23,0.5795225,1,REG
10719,2024-05-20,0.578122,-1,TRMB
10720,2024-04-26,0.55079424,-1,FTNT
10721,2024-05-03,0.58979946,-1,PWR
10722,2024-04-12,0.39072523,-1,NVDA
10723,2024-05-16,0.30232656,-1,GOOGL
10724,2024-05-06,0.2943071,-1,ATO
10725,2024-04-08,0.51287794,-1,WBA
10726,2024-04-19,0.41671324,1,JPM
10727,2024-05-22,0.41871685,1,DTE
10728,2024-05-08,0.49549085,-1,TRV
10729,2024-04-18,0.5013509,1,VTRS
10730,2024-05-07,0.5055871,1,ISRG
10731,2024-04-17,0.58405817,-1,TFX
10732,2024-05-01,0.34237775,1,RSG
10733,2024-05-08,0.51144236,1,FIS
10734,2024-04-11,0.48662472,1,AXP
10735,2024-04-26,0.4755798,1,ALB
10736,2024-04-18,0.5272626,1,CTAS
10737,2024-04-05,0.53475535,-1,TSLA
10738,2024-04-11,0.48079628,-1,NOW
10739,2024-04-30,0.46553499,1,AXP
10740,2024-05-13,0.47088236,-1,NSC
10741,2024-04-29,0.44026634,1,PGR
10742,2024-03-28,0.2626002,1,CBRE
10743,2024-04-04,0.4692098,-1,BX
10744,2024-05-23,0.5701411,-1,FI
10745,2024-04-26,0.51840186,-1,TRMB
10746,2024-04-11,0.5245272,-1,UHS
10747,2024-04-15,0.48895022,-1,GILD
10748,2024-04-24,0.51362664,1,ACGL
10749,2024-05-03,0.8368397,1,CB
10750,2024-05-01,0.693905,1,ISRG
10751,2024-05-16,0.55182344,-1,VLO
10752,2024-04-22,0.6389853,-1,FTNT
10753,2024-04-25,0.366237,1,FICO
10754,2024-05-02,0.4679353,1,ELV
10755,2024-04-23,0.53768164,-1,TJX
10756,2024-04-30,0.5208669,-1,ODFL
10757,2024-05-03,0.39103585,1,BIIB
10758,2024-04-17,0.32723808,1,VRTX
10759,2024-04-18,0.41804615,-1,ACGL
10760,2024-04-09,0.8039216,-1,EFX
10761,2024-04-02,0.2632663,-1,BEN
10762,2024-04-24,0.52015644,1,GS
10763,2024-04-19,0.49776345,-1,ROP
10764,2024-05-10,0.48800448,1,CFG
10765,2024-04-17,0.47378343,1,MLM
10766,2024-04-24,0.53823173,1,APD
10767,2024-04-08,0.48809543,-1,ADI
10768,2024-04-05,0.3209532,-1,AVB
10769,2024-04-30,0.29435262,1,PEG
10770,2024-05-02,0.33647043,1,FMC
10771,2024-05-17,0.40196887,-1,COP
10772,2024-05-16,0.6803835,1,TT
10773,2024-05-01,0.5857969,1,DOW
10774,2024-05-20,0.25704244,1,TMUS
10775,2024-04-19,0.36873445,1,CSGP
10776,2024-04-23,0.56816435,-1,COR
10777,2024-04-17,0.39032412,1,FDX
10778,2024-04-17,0.49023446,-1,ORLY
10779,2024-04-04,0.54620695,-1,ACGL
10780,2024-04-15,0.74830043,1,KO
10781,2024-05-02,0.47826385,1,C
10782,2024-05-22,0.5675603,1,ETSY
10783,2024-05-22,0.4132591,1,REG
10784,2024-05-09,0.616209,1,ETSY
10785,2024-04-08,0.49244654,1,VLTO
10786,2024-04-22,0.5260429,1,HII
10787,2024-04-23,0.41773838,1,AMGN
10788,2024-04-23,0.49338907,-1,PAYX
10789,2024-04-11,0.5887955,-1,MOS
10790,2024-04-03,0.5070973,-1,BEN
10791,2024-04-08,0.49471903,-1,AFL
10792,2024-05-03,0.44109383,-1,VLTO
10793,2024-05-23,0.49188107,-1,GPN
10794,2024-04-17,0.44814858,-1,AMD
10795,2024-04-04,0.22958028,-1,APTV
10796,2024-04-12,0.45806143,1,BAC
10797,2024-04-29,0.5522953,1,HSY
10798,2024-04-19,0.4690826,1,HRL
10799,2024-05-17,0.6886341,1,CF
10800,2024-04-18,0.5314627,-1,INTC
10801,2024-04-16,0.5374152,1,RTX
10802,2024-05-17,0.5725736,-1,ROP
10803,2024-04-22,0.52767855,-1,DG
10804,2024-05-17,0.44301033,-1,NEM
10805,2024-05-17,0.50936586,-1,SLB
10806,2024-05-14,0.3572771,1,NVDA
10807,2024-05-13,0.50031555,-1,EMR
10808,2024-05-22,0.5949355,1,EG
10809,2024-05-02,0.47658125,1,TMO
10810,2024-04-18,0.34718943,1,HAS
10811,2024-05-15,0.60816383,-1,PH
10812,2024-05-17,0.5266498,-1,GM
10813,2024-04-25,0.37878048,1,BWA
10814,2024-04-08,0.2603654,-1,CLX
10815,2024-04-16,0.4855027,1,KIM
10816,2024-04-12,0.48268005,1,REG
10817,2024-05-16,0.5085105,-1,HLT
10818,2024-05-13,0.5178786,-1,DLTR
10819,2024-04-23,0.51140386,-1,AME
10820,2024-05-09,0.45486513,-1,WM
10821,2024-04-04,0.5580888,-1,ADBE
10822,2024-05-21,0.6223427,-1,MAA
10823,2024-05-01,0.35857973,-1,MRNA
10824,2024-04-08,0.41101018,-1,JCI
10825,2024-04-24,0.5275743,-1,DFS
10826,2024-04-23,0.10584034,-1,ALLE
10827,2024-05-14,0.5414194,-1,ALL
10828,2024-04-09,0.51037025,-1,BAX
10829,2024-04-03,0.5987071,1,EPAM
10830,2024-04-18,0.52201617,1,WMT
10831,2024-04-18,0.23457226,1,PTC
10832,2024-05-02,0.37152135,1,MSCI
10833,2024-04-04,0.39409152,-1,NI
10834,2024-04-18,0.33510268,1,MAA
10835,2024-04-26,0.46158078,1,CARR
10836,2024-05-22,0.54503626,1,APD
10837,2024-05-09,0.50348574,1,MMM
10838,2024-04-30,0.71636117,1,CBRE
10839,2024-04-11,0.37961698,-1,HPQ
10840,2024-04-11,0.4961284,1,PEP
10841,2024-04-30,0.38925347,1,AIZ
10842,2024-04-09,0.79196537,-1,GM
10843,2024-04-03,0.5756813,-1,CNC
10844,2024-04-12,0.5065542,1,MS
10845,2024-04-01,0.48427534,-1,CTRA
10846,2024-05-16,0.4502578,-1,IVZ
10847,2024-05-14,0.4722865,-1,SHW
10848,2024-05-16,0.47310773,-1,ED
10849,2024-04-08,0.49664816,-1,CTVA
10850,2024-05-15,0.5274628,-1,XOM
10851,2024-05-01,0.107243046,1,CME
10852,2024-04-24,0.44104514,-1,PCAR
10853,2024-04-17,0.48531318,1,XOM
10854,2024-05-20,0.6534002,-1,EXPE
10855,2024-04-04,0.24611844,-1,GPN
10856,2024-04-18,0.1724258,1,STT
10857,2024-03-28,0.5709089,-1,AKAM
10858,2024-05-13,0.55071336,1,CL
10859,2024-05-09,0.5960807,-1,UHS
10860,2024-04-25,0.45943135,1,CCI
10861,2024-05-15,0.48463732,-1,HON
10862,2024-05-08,0.6671105,1,AEE
10863,2024-04-03,0.56117374,-1,KHC
10864,2024-05-07,0.54337406,1,APD
10865,2024-04-23,0.4770525,1,IP
10866,2024-04-26,0.63395625,1,FICO
10867,2024-05-09,0.5813279,1,PNC
10868,2024-05-09,0.35674787,-1,URI
10869,2024-05-14,0.44080403,-1,KMB
10870,2024-04-22,0.52187604,1,INVH
10871,2024-04-05,0.37754318,-1,FTNT
10872,2024-04-03,0.74629515,-1,DAY
10873,2024-04-17,0.5979205,-1,GOOGL
10874,2024-05-01,0.52128834,1,CRM
10875,2024-04-05,0.60059553,-1,WST
10876,2024-04-15,0.46056587,1,PEG
10877,2024-04-26,0.58267695,-1,MLM
10878,2024-04-17,0.48641133,1,CL
10879,2024-04-30,0.22913527,1,MCO
10880,2024-04-02,0.54828936,-1,REG
10881,2024-04-09,0.5710169,-1,ANET
10882,2024-04-30,0.5204219,1,JPM
10883,2024-04-12,0.7077881,1,HES
10884,2024-04-18,0.26323476,1,KMB
10885,2024-04-26,0.5752379,-1,ADSK
10886,2024-05-08,0.37433523,-1,SLB
10887,2024-04-22,0.5181765,-1,IPG
10888,2024-04-17,0.4924393,-1,VRSK
10889,2024-05-22,0.4981857,1,NTAP
10890,2024-04-17,0.33894837,1,NTRS
10891,2024-05-02,0.20917134,1,CB
10892,2024-04-10,0.43625072,-1,GRMN
10893,2024-03-28,0.4833667,-1,LW
10894,2024-05-14,0.40510654,-1,PPL
10895,2024-05-01,0.47452962,1,AWK
10896,2024-05-21,0.6307668,-1,MKTX
10897,2024-05-06,0.6170477,-1,VRSK
10898,2024-05-13,0.54374593,1,WELL
10899,2024-05-16,0.54450136,-1,MOH
10900,2024-04-16,0.44686994,1,CSCO
10901,2024-04-05,0.5790237,-1,TSN
10902,2024-05-03,0.50722647,-1,AIZ
10903,2024-04-05,0.35227984,-1,CLX
10904,2024-04-15,0.48510495,1,DOC
10905,2024-04-22,0.4809985,-1,CRL
10906,2024-04-30,0.24754144,1,DUK
10907,2024-04-15,0.49033913,1,EQIX
10908,2024-04-09,0.60728014,-1,HON
10909,2024-04-24,0.55587137,-1,SBUX
10910,2024-05-17,0.3530406,1,BG
10911,2024-04-23,0.37853524,-1,MOS
10912,2024-04-23,0.49591127,1,GOOG
10913,2024-04-29,0.53584087,1,MET
10914,2024-04-04,0.4063097,-1,WMB
10915,2024-04-12,0.43249926,1,OMC
10916,2024-05-07,0.5100999,1,SBAC
10917,2024-05-16,0.67031306,1,CF
10918,2024-04-01,0.39649698,-1,ULTA
10919,2024-05-02,0.48970723,1,KO
10920,2024-04-09,0.40772197,-1,NTAP
10921,2024-05-14,0.70066744,-1,PARA
10922,2024-05-14,0.5177516,-1,BLK
10923,2024-03-28,0.5181868,-1,CRM
10924,2024-04-01,0.5587448,-1,STLD
10925,2024-05-01,0.49356416,1,FTV
10926,2024-05-16,0.45939106,-1,BKR
10927,2024-04-03,0.4746317,-1,ANSS
10928,2024-03-28,0.48774925,-1,GPC
10929,2024-04-19,0.51289374,1,AXP
10930,2024-04-19,0.33931592,1,PHM
10931,2024-04-16,0.43626612,1,PRU
10932,2024-03-28,0.48472825,-1,AXP
10933,2024-05-17,0.33659717,1,CHRW
10934,2024-05-01,0.5599292,1,CPT
10935,2024-04-17,0.52901906,1,GEN
10936,2024-04-23,0.356688,-1,SYY
10937,2024-05-01,0.5856517,1,SJM
10938,2024-04-18,0.4274105,1,EMR
10939,2024-04-10,0.47362626,-1,HAL
10940,2024-05-17,0.4795474,-1,SHW
10941,2024-03-28,0.39235985,-1,IRM
10942,2024-04-01,0.7182361,-1,VRTX
10943,2024-04-01,0.40151203,-1,SYY
10944,2024-04-24,0.4434428,-1,C
10945,2024-05-08,0.33116072,-1,CTVA
10946,2024-04-15,0.5698638,1,DLR
10947,2024-04-26,0.65326697,1,ALLE
10948,2024-04-29,0.44865426,1,IBM
10949,2024-04-19,0.48470116,1,INCY
10950,2024-05-07,0.45571375,-1,AIG
10951,2024-04-19,0.0132535435,1,GEN
10952,2024-05-13,0.5754517,1,NDAQ
10953,2024-05-22,0.46985173,1,LLY
10954,2024-03-28,0.48810586,1,TRGP
10955,2024-04-03,0.32562983,-1,MKTX
10956,2024-04-05,0.44110566,-1,ODFL
10957,2024-05-02,0.17368062,1,ALB
10958,2024-05-07,0.4669948,1,MPWR
10959,2024-05-09,0.40036097,1,EXC
10960,2024-04-08,0.37647328,-1,META
10961,2024-04-10,0.4822166,-1,FRT
10962,2024-05-20,0.58564466,-1,TSN
10963,2024-04-12,0.46107462,-1,A
10964,2024-03-28,0.5320296,-1,RSG
10965,2024-04-19,0.40394145,1,TDG
10966,2024-05-15,0.62503177,1,AMAT
10967,2024-05-21,0.6337709,-1,JNJ
10968,2024-05-17,0.57978046,-1,BBWI
10969,2024-04-08,0.5501437,-1,ITW
10970,2024-05-23,0.3323089,-1,MU
10971,2024-04-15,0.55005634,-1,PSA
10972,2024-04-08,0.51502484,-1,A
10973,2024-05-14,0.5363251,1,APH
10974,2024-04-15,0.5080489,1,CNC
10975,2024-04-22,0.47522816,1,CCL
10976,2024-04-15,0.5403025,1,HAS
10977,2024-04-26,0.62883884,-1,HII
10978,2024-05-15,0.457977,-1,EMR
10979,2024-04-09,0.48263308,-1,ALLE
10980,2024-04-15,0.37054837,1,INVH
10981,2024-05-14,0.5506217,-1,MHK
10982,2024-04-09,0.5877222,-1,NVDA
10983,2024-04-02,0.4777393,-1,CBRE
10984,2024-05-23,0.4929457,1,PGR
10985,2024-05-14,0.4912163,-1,DFS
10986,2024-05-21,0.5831193,-1,HII
10987,2024-04-24,0.2851036,1,FTNT
10988,2024-03-28,0.30716863,-1,PRU
10989,2024-04-05,0.5563876,1,GOOG
10990,2024-05-02,0.4025833,1,JKHY
10991,2024-05-10,0.51346517,1,HPE
10992,2024-05-15,0.5947285,-1,EIX
10993,2024-05-02,0.3311267,1,LYB
10994,2024-05-07,0.49765557,1,NRG
10995,2024-05-08,0.3582578,-1,HOLX
10996,2024-05-13,0.5086266,-1,STE
10997,2024-04-12,0.5623358,1,AEP
10998,2024-05-02,0.378759,1,DHI
10999,2024-04-18,0.35502213,1,IT
11000,2024-05-09,0.4965494,1,REGN
11001,2024-04-09,0.55981714,-1,BK
11002,2024-04-11,0.4941954,1,EL
11003,2024-05-17,0.41806513,-1,ODFL
11004,2024-04-01,0.46511805,1,ALGN
11005,2024-04-15,0.47126657,-1,FTV
11006,2024-04-10,0.16755985,-1,IT
11007,2024-04-02,0.45831203,-1,XYL
11008,2024-05-21,0.4642122,-1,DIS
11009,2024-05-10,0.57172126,-1,CZR
11010,2024-04-30,0.42688498,-1,HOLX
11011,2024-04-08,0.51319826,-1,HRL
11012,2024-04-18,0.41611648,1,UHS
11013,2024-05-09,0.55409455,-1,DLTR
11014,2024-04-23,0.50714636,-1,LIN
11015,2024-04-08,0.4438758,-1,AON
11016,2024-05-09,0.45537266,1,BLK
11017,2024-05-10,0.4455594,-1,AWK
11018,2024-05-23,0.50888526,-1,GD
11019,2024-04-10,0.4952783,-1,LVS
11020,2024-04-05,0.47472742,-1,HWM
11021,2024-05-13,0.5287264,-1,MOH
11022,2024-04-30,0.5996216,-1,PYPL
11023,2024-05-20,0.6602526,-1,CINF
11024,2024-04-16,0.5135244,1,FIS
11025,2024-05-17,0.5813216,-1,IQV
11026,2024-04-26,0.5585844,-1,MSCI
11027,2024-05-21,0.46612364,-1,CDW
11028,2024-04-30,0.52346474,1,SPG
11029,2024-03-28,0.42364836,-1,L
11030,2024-04-15,0.43289396,1,ADM
11031,2024-04-01,0.6492011,1,CAG
11032,2024-04-01,0.5087915,-1,LKQ
11033,2024-05-08,0.5499914,1,OMC
11034,2024-04-17,0.51682293,1,VTRS
11035,2024-04-23,0.5213842,-1,VZ
11036,2024-04-22,0.5939134,-1,REG
11037,2024-04-24,0.41535506,1,PSA
11038,2024-05-17,0.50907964,-1,OTIS
11039,2024-04-11,0.44272497,-1,MCO
11040,2024-05-22,0.47882378,1,WBA
11041,2024-05-09,0.4859605,1,QRVO
11042,2024-04-25,0.52657735,-1,MSCI
11043,2024-04-02,0.60238177,-1,APA
11044,2024-05-14,0.501156,-1,SCHW
11045,2024-04-04,0.50510025,-1,PH
11046,2024-04-22,0.49402165,-1,MKTX
11047,2024-05-17,0.48769128,-1,SWKS
11048,2024-04-19,0.59125847,1,PG
11049,2024-05-13,0.52128476,1,NVR
11050,2024-04-26,0.5327408,1,ECL
11051,2024-05-21,0.58295655,-1,KMX
11052,2024-05-16,0.53966933,1,IR
11053,2024-04-24,0.3860822,1,BALL
11054,2024-04-04,0.28784546,-1,LH
11055,2024-05-07,0.4760942,1,GM
11056,2024-05-22,0.43106854,1,BA
11057,2024-04-12,0.40232137,-1,MAR
11058,2024-04-09,0.47280896,-1,NSC
11059,2024-04-01,0.5229003,-1,VZ
11060,2024-04-16,0.51498693,-1,NRG
11061,2024-04-09,0.5447995,-1,VTRS
11062,2024-04-22,0.4129568,-1,BK
11063,2024-05-16,0.3483149,-1,IRM
11064,2024-04-30,0.27627635,1,APH
11065,2024-04-25,0.4884496,1,SYF
11066,2024-04-12,0.42691535,-1,SWK
11067,2024-04-29,0.46710885,1,WAB
11068,2024-04-02,0.39998806,-1,NCLH
11069,2024-04-22,0.5084543,1,SBUX
11070,2024-04-25,0.54001987,1,BA
11071,2024-05-01,0.5039111,1,ICE
11072,2024-05-08,0.5281794,1,ADSK
11073,2024-04-12,0.5140901,1,EVRG
11074,2024-05-17,0.34153202,-1,D
11075,2024-05-01,0.32914644,1,GRMN
11076,2024-04-10,0.5301222,-1,MPC
11077,2024-04-01,0.5516577,1,TMO
11078,2024-04-18,0.6828717,1,PG
11079,2024-04-12,0.48962373,1,CRM
11080,2024-05-10,0.5204343,1,INTU
11081,2024-05-06,0.5120548,1,WAB
11082,2024-05-17,0.46966818,-1,MMC
11083,2024-04-26,0.42319852,1,PFE
11084,2024-04-09,0.4860414,-1,FE
11085,2024-04-16,0.60411185,1,DOW
11086,2024-03-28,0.5713161,-1,PFE
11087,2024-03-28,0.37532663,1,NFLX
11088,2024-04-25,0.6614592,1,SRE
11089,2024-05-14,0.4348882,-1,ATO
11090,2024-05-08,0.63148916,1,BAC
11091,2024-04-23,0.49647933,-1,DVN
11092,2024-04-09,0.51004714,-1,WTW
11093,2024-05-22,0.5265306,1,CHD
11094,2024-04-18,0.36434016,1,MCHP
11095,2024-05-14,0.55631566,-1,MCD
11096,2024-05-01,0.5269317,1,FICO
11097,2024-04-23,0.520085,-1,EMN
11098,2024-05-22,0.4589583,1,RTX
11099,2024-05-23,0.5280019,1,AJG
11100,2024-05-17,0.521811,-1,TGT
11101,2024-05-10,0.2947928,-1,INCY
11102,2024-05-15,0.5238116,-1,PPL
11103,2024-04-19,0.2814185,1,EIX
11104,2024-03-28,0.44366723,-1,PM
11105,2024-04-11,0.6022656,-1,ADBE
11106,2024-05-21,0.654627,-1,ES
11107,2024-04-09,0.5407934,-1,PSA
11108,2024-04-26,0.72867507,1,FITB
11109,2024-04-03,0.62118804,1,TER
11110,2024-05-22,0.49079862,-1,CL
11111,2024-04-22,0.5094644,-1,FOX
11112,2024-05-17,0.57837754,-1,NOW
11113,2024-05-06,0.4037186,1,SO
11114,2024-05-23,0.3536425,-1,ORCL
11115,2024-05-09,0.23503771,1,SMCI
11116,2024-05-13,0.36537552,-1,CHTR
11117,2024-04-03,0.45170218,-1,FDS
11118,2024-04-05,0.4719509,-1,XYL
11119,2024-05-21,0.45108482,-1,COO
11120,2024-04-04,0.44899338,-1,OTIS
11121,2024-05-10,0.48407716,1,YUM
11122,2024-05-08,0.19496638,1,AMP
11123,2024-04-01,0.4041507,1,INVH
11124,2024-04-30,0.26644802,1,DTE
11125,2024-04-15,0.4591742,1,CL
11126,2024-04-03,0.4434023,1,MSI
11127,2024-05-14,0.6333258,-1,AVGO
11128,2024-04-03,0.5235263,1,CEG
11129,2024-04-22,0.5668241,-1,DHR
11130,2024-04-17,0.49712723,1,TMUS
11131,2024-05-23,0.4429779,-1,RSG
11132,2024-04-19,0.48819646,1,GDDY
11133,2024-03-28,0.49684998,-1,LULU
11134,2024-04-17,0.49083194,1,DIS
11135,2024-05-22,0.33473614,1,BRO
11136,2024-04-17,0.34108552,1,UPS
11137,2024-04-05,0.4634838,-1,PWR
11138,2024-04-08,0.5231631,-1,BA
11139,2024-04-26,0.54071975,-1,CTSH
11140,2024-04-25,0.56391764,1,APD
11141,2024-05-13,0.48037028,1,INCY
11142,2024-04-24,0.5156584,1,TSN
11143,2024-05-10,0.5344131,-1,ROST
11144,2024-05-07,0.42711437,1,CSCO
11145,2024-05-16,0.26321056,1,MCHP
11146,2024-05-13,0.50442135,1,DOV
11147,2024-04-15,0.509731,1,CBRE
11148,2024-05-08,0.43218672,-1,CE
11149,2024-04-18,0.44170168,1,CPAY
11150,2024-04-17,0.5163808,1,PEP
11151,2024-04-25,0.33301425,1,TFC
11152,2024-04-11,0.55321866,-1,CRM
11153,2024-04-26,0.519459,1,ETR
11154,2024-04-30,0.35073254,1,SLB
11155,2024-05-07,0.47509232,1,GOOG
11156,2024-05-06,0.26903424,1,AMAT
11157,2024-03-28,0.5320703,-1,LRCX
11158,2024-05-10,0.5119083,-1,GE
11159,2024-04-05,0.501424,-1,PCG
11160,2024-05-03,0.5563936,1,AJG
11161,2024-04-17,0.34010246,-1,BG
11162,2024-05-08,0.5111563,1,NRG
11163,2024-05-23,0.6266601,-1,FTV
11164,2024-04-03,0.60064614,1,HUM
11165,2024-05-15,0.3791822,-1,WELL
11166,2024-04-12,0.545562,-1,IT
11167,2024-05-01,0.48614523,-1,JNJ
11168,2024-04-02,0.5601721,-1,PARA
11169,2024-04-22,0.541903,1,IP
11170,2024-05-21,0.7068023,-1,QRVO
11171,2024-05-03,0.47479823,1,CL
11172,2024-03-28,0.4701963,-1,EW
11173,2024-05-14,0.59743065,-1,PHM
11174,2024-04-24,0.53947777,1,WAT
11175,2024-04-05,0.46521515,-1,WFC
11176,2024-05-15,0.62504494,1,CDW
11177,2024-05-13,0.54840434,-1,CSX
11178,2024-05-09,0.44300595,1,UAL
11179,2024-05-20,0.46216306,-1,OTIS
11180,2024-03-28,0.40658414,-1,CMS
11181,2024-04-03,0.48811686,-1,ACN
11182,2024-04-04,0.531543,-1,DGX
11183,2024-04-03,0.40183583,1,TAP
11184,2024-05-13,0.46534336,-1,FDX
11185,2024-04-29,0.51844,1,HBAN
11186,2024-04-03,0.5425056,-1,UHS
11187,2024-04-24,0.11340502,-1,UDR
11188,2024-04-18,0.35142887,-1,MAS
11189,2024-04-12,0.5252539,1,KDP
11190,2024-05-09,0.47189754,-1,HES
11191,2024-04-17,0.49918166,1,PARA
11192,2024-05-03,0.64487994,1,NWS
11193,2024-04-12,0.40219632,1,ORLY
11194,2024-05-13,0.47869876,-1,VTRS
11195,2024-04-15,0.4098841,1,TEL
11196,2024-04-18,0.5761041,1,BBWI
11197,2024-05-03,0.43036106,1,SRE
11198,2024-04-15,0.34445384,1,REGN
11199,2024-05-01,0.38842455,1,ANSS
11200,2024-05-20,0.41106737,-1,BKR
11201,2024-04-30,0.498846,-1,QRVO
11202,2024-04-29,0.4837076,1,FOX
11203,2024-05-02,0.56375045,1,VMC
11204,2024-05-16,0.5102905,-1,SHW
11205,2024-04-05,0.3323765,-1,BEN
11206,2024-05-17,0.35029784,-1,PEP
11207,2024-04-15,0.3236063,1,WEC
11208,2024-04-02,0.5119679,-1,ETN
11209,2024-04-08,0.46302706,-1,DHR
11210,2024-04-10,0.5245506,1,GIS
11211,2024-04-25,0.2919183,1,ES
11212,2024-04-18,0.5348928,1,APD
11213,2024-05-13,0.3500456,1,ES
11214,2024-04-10,0.47023076,-1,WMT
11215,2024-04-29,0.6106617,1,NDSN
11216,2024-04-01,0.44370076,-1,WRB
11217,2024-04-24,0.4822363,1,EIX
11218,2024-04-11,0.36511922,1,LULU
11219,2024-04-08,0.392886,-1,CRL
11220,2024-05-10,0.4845554,1,IVZ
11221,2024-04-04,0.4261318,-1,MRK
11222,2024-05-22,0.389297,1,CMS
11223,2024-04-22,0.48171455,1,CI
11224,2024-04-16,0.49302307,1,CI
11225,2024-05-03,0.51781774,1,TGT
11226,2024-05-10,0.43929765,1,NEE
11227,2024-04-15,0.52680606,1,GOOGL
11228,2024-04-26,0.5883976,-1,MGM
11229,2024-05-21,0.22342032,1,IP
11230,2024-04-30,0.39788,1,O
11231,2024-05-10,0.4533521,1,DLR
11232,2024-05-09,0.520259,1,LVS
11233,2024-04-01,0.60516375,-1,SRE
11234,2024-05-09,0.42328462,1,IRM
11235,2024-05-13,0.5359244,1,QCOM
11236,2024-04-11,0.21539603,-1,IP
11237,2024-04-08,0.47337717,-1,ROL
11238,2024-05-13,0.2900235,-1,L
11239,2024-04-25,0.5890452,1,ISRG
11240,2024-05-20,0.6113496,1,TJX
11241,2024-04-19,0.5818416,1,NOC
11242,2024-04-15,0.46487775,1,AKAM
11243,2024-04-18,0.48688257,1,MNST
11244,2024-04-15,0.47876266,1,GL
11245,2024-05-06,0.27684483,-1,HOLX
11246,2024-05-17,0.05912926,-1,AVY
11247,2024-04-25,0.4527463,1,WST
11248,2024-05-07,0.71087414,-1,GPN
11249,2024-04-04,0.3392785,-1,PPL
11250,2024-04-19,0.36685526,1,EA
11251,2024-04-01,0.5820941,1,PPG
11252,2024-05-15,0.5200359,1,BLDR
11253,2024-04-11,0.27960312,1,CHRW
11254,2024-05-10,0.5705863,1,LYV
11255,2024-05-17,0.6559375,-1,SPGI
11256,2024-04-05,0.44352463,-1,MAR
11257,2024-04-22,0.5281296,-1,JCI
11258,2024-04-11,0.2917791,1,BMY
11259,2024-05-17,0.52665746,-1,EIX
11260,2024-04-22,0.63632315,1,VTR
11261,2024-05-22,0.51634824,-1,EFX
11262,2024-05-23,0.4553266,1,FDX
11263,2024-04-24,0.23987679,1,IFF
11264,2024-05-13,0.43570355,1,BK
11265,2024-04-05,0.4720873,-1,FOX
11266,2024-04-03,0.4768011,-1,CTVA
11267,2024-04-04,0.4908382,-1,IEX
11268,2024-04-30,0.14041963,1,PFG
11269,2024-04-04,0.39744642,1,ENPH
11270,2024-04-29,0.3970985,1,BBWI
11271,2024-04-17,0.43385234,1,MCK
11272,2024-05-21,0.47814432,-1,CB
11273,2024-04-24,0.4458732,1,CB
11274,2024-04-15,0.18330327,1,V
11275,2024-04-01,0.56896245,1,SPGI
11276,2024-04-02,0.34818894,-1,DRI
11277,2024-05-17,0.4199633,-1,TFC
11278,2024-05-14,0.6138839,-1,KR
11279,2024-04-12,0.50084233,1,AVY
11280,2024-04-25,0.4030738,1,VLTO
11281,2024-03-28,0.3727783,1,MSFT
11282,2024-04-24,0.45267466,-1,WFC
11283,2024-05-20,0.4918033,-1,WMB
11284,2024-04-10,0.5701887,-1,EL
11285,2024-04-18,0.49158132,1,NOW
11286,2024-05-10,0.4611579,1,CAH
11287,2024-05-22,0.50101155,-1,CEG
11288,2024-05-14,0.3355405,-1,AXP
11289,2024-04-02,0.49056846,-1,HBAN
11290,2024-05-16,0.5140292,1,HUBB
11291,2024-04-15,0.52980524,-1,TPR
11292,2024-05-17,0.41016,-1,TSN
11293,2024-04-02,0.43647453,-1,TGT
11294,2024-05-02,0.5108631,1,NOW
11295,2024-05-10,0.6989363,-1,HUBB
11296,2024-04-12,0.53092426,1,MSCI
11297,2024-04-17,0.44789192,1,NXPI
11298,2024-05-07,0.4848113,1,HRL
11299,2024-05-15,0.6787392,1,MSFT
11300,2024-04-29,0.44155562,1,DAL
11301,2024-04-05,0.4006019,-1,USB
11302,2024-04-18,0.36632732,1,QCOM
11303,2024-04-10,0.1771065,-1,INVH
11304,2024-05-14,0.4196979,1,HPE
11305,2024-04-18,0.47693095,1,V
11306,2024-04-25,0.42585307,-1,CHD
11307,2024-04-11,0.48297796,1,BAC
11308,2024-04-15,0.5380946,-1,DLTR
11309,2024-05-23,0.58854556,-1,PAYX
11310,2024-04-17,0.5156821,1,BR
11311,2024-03-28,0.57333887,-1,CE
11312,2024-05-10,0.48510954,-1,HLT
11313,2024-04-30,0.2857814,1,STZ
11314,2024-04-26,0.52343994,-1,EBAY
11315,2024-05-16,0.4903314,-1,MKC
11316,2024-04-19,0.45635307,1,A
11317,2024-04-05,0.534457,-1,ZBH
11318,2024-04-08,0.4101597,-1,NI
11319,2024-05-10,0.5745216,1,MMC
11320,2024-04-04,0.5191829,-1,DTE
11321,2024-04-05,0.4028627,-1,MDT
11322,2024-04-15,0.47823417,1,RJF
11323,2024-05-20,0.45276725,-1,FCX
11324,2024-05-10,0.69963473,1,GL
11325,2024-04-30,0.32984865,1,ETR
11326,2024-05-06,0.26964042,-1,ROK
11327,2024-05-03,0.58963734,1,AON
11328,2024-05-13,0.42387965,-1,DOW
11329,2024-04-25,0.49002528,1,LH
11330,2024-04-15,0.6055134,-1,DPZ
11331,2024-05-03,0.39729932,1,FMC
11332,2024-04-23,0.4560579,1,NVDA
11333,2024-05-13,0.4855538,-1,PNC
11334,2024-04-15,0.45486724,1,JPM
11335,2024-04-04,0.44081616,-1,PAYC
11336,2024-05-08,0.89309186,1,KEY
11337,2024-05-22,0.44305035,1,STZ
11338,2024-04-15,0.46999118,1,IFF
11339,2024-04-30,0.50965095,1,GL
11340,2024-05-02,0.48135015,-1,RMD
11341,2024-04-02,0.53798974,-1,WEC
11342,2024-05-06,0.3484045,1,KHC
11343,2024-05-08,0.6114977,1,PLD
11344,2024-04-17,0.4020272,1,NWSA
11345,2024-04-03,0.34432036,-1,ITW
11346,2024-04-25,0.43560082,-1,PSX
11347,2024-05-22,0.5346438,-1,NXPI
11348,2024-05-22,0.36745998,-1,KR
11349,2024-04-22,0.4755612,1,ZBRA
11350,2024-05-21,0.61613613,-1,AWK
11351,2024-04-25,0.48419353,-1,GPC
11352,2024-04-05,0.41195664,-1,ESS
11353,2024-05-17,0.41146523,1,STX
11354,2024-04-01,0.5025475,-1,MRK
11355,2024-05-06,0.527781,1,HUBB
11356,2024-05-16,0.49909872,1,EBAY
11357,2024-04-03,0.46413186,1,HES
11358,2024-04-30,0.5979537,1,MRNA
11359,2024-04-04,0.24366848,-1,CZR
11360,2024-04-10,0.5825202,-1,GOOGL
11361,2024-05-21,0.59190834,-1,ACN
11362,2024-05-17,0.68195474,1,TMUS
11363,2024-04-30,0.6902805,-1,MKTX
11364,2024-05-06,0.48269674,-1,HD
11365,2024-05-01,0.62182516,1,PPL
11366,2024-04-19,0.23054148,1,HOLX
11367,2024-04-02,0.5174476,-1,BA
11368,2024-04-03,0.39955726,-1,CHD
11369,2024-04-26,0.58101207,-1,ADI
11370,2024-04-09,0.5182137,-1,IQV
11371,2024-04-26,0.4985485,1,KEY
11372,2024-04-19,0.26917747,-1,WFC
11373,2024-05-16,0.39053327,-1,A
11374,2024-04-12,0.44650686,1,C
11375,2024-04-01,0.52657944,-1,WY
11376,2024-04-17,0.3476016,1,NOC
11377,2024-05-03,0.5026464,1,STZ
11378,2024-05-02,0.47481257,1,LKQ
11379,2024-04-01,0.51171315,-1,MO
11380,2024-05-10,0.50369203,1,GIS
11381,2024-03-28,0.31285545,-1,ROST
11382,2024-05-07,0.5160588,1,PNW
11383,2024-05-06,0.5561103,1,ETSY
11384,2024-05-02,0.41809216,1,TFX
11385,2024-04-04,0.44748792,-1,GEN
11386,2024-04-15,0.37048322,1,CE
11387,2024-05-20,0.58883905,-1,EQT
11388,2024-04-23,0.5553271,1,ON
11389,2024-04-04,0.20227782,-1,KDP
11390,2024-05-07,0.47374824,1,KMX
11391,2024-05-23,0.45201102,-1,PCG
11392,2024-05-14,0.54229754,-1,DAL
11393,2024-04-22,0.5278845,-1,LEN
11394,2024-04-19,0.45774394,1,BKNG
11395,2024-05-06,0.44811368,-1,MNST
11396,2024-05-09,0.375076,1,CHRW
11397,2024-05-09,0.52511996,-1,PWR
11398,2024-05-10,0.51284987,-1,PGR
11399,2024-04-04,0.42667496,-1,SRE
11400,2024-04-08,0.47807816,-1,MTB
11401,2024-04-24,0.5514875,1,LH
11402,2024-03-28,0.37132877,-1,ZBRA
11403,2024-04-08,0.61872715,-1,VTRS
11404,2024-04-10,0.48876488,-1,GILD
11405,2024-04-01,0.4801861,1,IBM
11406,2024-04-01,0.49429026,1,VICI
11407,2024-04-08,0.40790352,-1,TMUS
11408,2024-05-13,0.44972223,-1,MGM
11409,2024-05-07,0.66639924,1,KKR
11410,2024-05-16,0.5608851,1,COST
11411,2024-04-30,0.46330833,1,RJF
11412,2024-05-10,0.59692115,-1,ODFL
11413,2024-04-15,0.61993104,-1,WDC
11414,2024-05-07,0.29374948,1,AES
11415,2024-05-16,0.5013581,-1,ORLY
11416,2024-05-15,0.5910349,-1,ITW
11417,2024-05-14,0.6861903,-1,C
11418,2024-04-19,0.2772638,1,K
11419,2024-04-04,0.37935048,-1,IQV
11420,2024-04-01,0.47934455,1,ADP
11421,2024-05-09,0.4487792,1,EXR
11422,2024-04-04,0.60942566,1,ESS
11423,2024-04-25,0.3775074,1,KEYS
11424,2024-05-07,0.5428044,1,PM
11425,2024-05-21,0.34682032,-1,CL
11426,2024-04-03,0.4941734,-1,AES
11427,2024-05-10,0.30673614,1,MTD
11428,2024-05-17,0.53613544,-1,HAL
11429,2024-04-16,0.32360187,1,WTW
11430,2024-04-19,0.6260097,1,BLK
11431,2024-04-04,0.44247952,-1,DOW
11432,2024-04-17,0.23135257,1,FI
11433,2024-03-28,0.44353545,-1,AZO
11434,2024-04-03,0.5362176,-1,AOS
11435,2024-04-16,0.4787031,1,KHC
11436,2024-05-01,0.41310936,1,AME
11437,2024-05-07,0.49555206,-1,AIZ
11438,2024-04-17,0.49602312,-1,WTW
11439,2024-05-02,0.32423383,-1,PYPL
11440,2024-05-15,0.36561346,1,NOW
11441,2024-04-19,0.4971868,1,EMN
11442,2024-05-23,0.49671596,-1,XYL
11443,2024-05-14,0.46977863,1,PEP
11444,2024-04-03,0.4871754,-1,UNH
11445,2024-05-20,0.27351096,-1,MOH
11446,2024-04-18,0.55699384,1,WYNN
11447,2024-04-29,0.37605962,1,LNT
11448,2024-05-21,0.44361472,-1,IDXX
11449,2024-05-02,0.49718043,1,AME
11450,2024-04-15,0.6192963,1,PM
11451,2024-04-05,0.51619035,-1,CBOE
11452,2024-05-08,0.59298825,1,JPM
11453,2024-04-09,0.19237328,1,NVR
11454,2024-05-06,0.5397788,1,MRNA
11455,2024-04-30,0.41395265,1,HIG
11456,2024-04-29,0.54043037,1,CINF
11457,2024-04-04,0.48909974,-1,EG
11458,2024-04-11,0.5351651,-1,LKQ
11459,2024-05-15,0.55709094,-1,HST
11460,2024-04-15,0.35184088,-1,NXPI
11461,2024-04-30,0.47470304,-1,PAYC
11462,2024-05-17,0.24200138,-1,CI
11463,2024-04-04,0.4919779,-1,RCL
11464,2024-04-23,0.22618398,-1,CVX
11465,2024-05-23,0.4712696,1,ULTA
11466,2024-04-04,0.4954724,1,AXON
11467,2024-04-22,0.55320424,1,LMT
11468,2024-04-03,0.50112325,1,NXPI
11469,2024-05-14,0.5765068,-1,LEN
11470,2024-05-03,0.3497514,1,IRM
11471,2024-05-22,0.49886084,1,LIN
11472,2024-05-02,0.6558233,1,ETR
11473,2024-04-05,0.46913078,-1,BKR
11474,2024-04-05,0.32581657,-1,LEN
11475,2024-05-08,0.47133577,-1,XOM
11476,2024-05-06,0.46581167,1,AVY
11477,2024-05-17,0.46231973,-1,LDOS
11478,2024-04-25,0.6821116,1,DHR
11479,2024-05-15,0.61144775,-1,AJG
11480,2024-04-17,0.5117439,-1,TXT
11481,2024-04-09,0.32715797,-1,DTE
11482,2024-03-28,0.49286386,-1,BRO
11483,2024-04-02,0.43757778,-1,AEP
11484,2024-05-22,0.5704665,-1,ROP
11485,2024-04-04,0.5495411,1,AAPL
11486,2024-05-21,0.56315935,-1,OMC
11487,2024-04-05,0.4641033,-1,IFF
11488,2024-05-15,0.22994754,-1,HAL
11489,2024-05-01,0.50267017,1,BXP
11490,2024-04-24,0.46475285,-1,FAST
11491,2024-05-10,0.61124754,1,BA
11492,2024-05-14,0.58877194,-1,NUE
11493,2024-05-01,0.53477174,1,L
11494,2024-05-20,0.5392103,-1,GEHC
11495,2024-05-20,0.5718257,-1,COO
11496,2024-05-10,0.37674123,-1,HSY
11497,2024-04-29,0.4156298,1,CPAY
11498,2024-04-26,0.42706722,-1,BG
11499,2024-04-09,0.55283034,-1,CAG
11500,2024-03-28,0.44335902,-1,LH
11501,2024-04-25,0.40833354,1,ZTS
11502,2024-04-02,0.433318,-1,AIG
11503,2024-05-17,0.5008173,1,PWR
11504,2024-04-05,0.49006978,-1,IDXX
11505,2024-05-21,0.37583262,-1,MS
11506,2024-03-28,0.5000977,1,AMAT
11507,2024-05-07,0.6236026,1,PODD
11508,2024-05-23,0.48298657,-1,NOC
11509,2024-05-23,0.40176886,-1,MS
11510,2024-05-09,0.3048159,-1,KDP
11511,2024-04-15,0.5244252,1,SBUX
11512,2024-05-14,0.5954644,1,AMD
11513,2024-04-17,0.43501604,1,HUBB
11514,2024-04-01,0.35126603,-1,AXP
11515,2024-04-02,0.576012,-1,EA
11516,2024-04-08,0.61683184,-1,PFE
11517,2024-04-05,0.63342774,-1,OMC
11518,2024-04-01,0.4862323,-1,HCA
11519,2024-05-10,0.72409743,1,HCA
11520,2024-04-10,0.44549295,-1,ROL
11521,2024-04-15,0.4748633,1,PSX
11522,2024-05-20,0.5438385,-1,PGR
11523,2024-04-03,0.58919215,1,MSFT
11524,2024-05-23,0.5864113,-1,ALB
11525,2024-04-01,0.41580516,1,CTVA
11526,2024-05-17,0.54515654,-1,DRI
11527,2024-04-17,0.47053868,1,ROL
11528,2024-04-03,0.35181028,-1,VZ
11529,2024-04-18,0.5070181,1,MPC
11530,2024-05-09,0.48943025,1,HIG
11531,2024-05-01,0.47916025,1,SCHW
11532,2024-05-16,0.5191139,-1,PFG
11533,2024-05-07,0.51786935,1,CDNS
11534,2024-04-17,0.56733817,1,BRO
11535,2024-04-22,0.56761074,-1,FFIV
11536,2024-03-28,0.49267054,-1,ADSK
11537,2024-05-10,0.4746412,1,CEG
11538,2024-05-07,0.4576799,1,IPG
11539,2024-05-07,0.51802534,-1,TMUS
11540,2024-05-21,0.5330421,-1,FIS
11541,2024-05-16,0.47980776,1,TER
11542,2024-04-19,0.37351272,-1,CSCO
11543,2024-04-09,0.42349365,-1,HPE
11544,2024-04-24,0.6595509,1,BIIB
11545,2024-05-06,0.4817845,1,NRG
11546,2024-04-01,0.5227515,-1,NTAP
11547,2024-04-08,0.3612829,-1,CMS
11548,2024-04-05,0.12539096,-1,FITB
11549,2024-05-13,0.5168273,1,JKHY
11550,2024-05-15,0.5329776,-1,OMC
11551,2024-04-26,0.37052816,-1,CTRA
11552,2024-04-23,0.8801182,1,VTRS
11553,2024-05-10,0.100336865,1,KLAC
11554,2024-03-28,0.47956485,-1,CPRT
11555,2024-05-14,0.6243392,-1,TFC
11556,2024-03-28,0.5157848,1,PH
11557,2024-05-16,0.6854177,-1,GL
11558,2024-05-10,0.70715994,-1,JBHT
11559,2024-05-06,0.50363487,1,CMCSA
11560,2024-05-21,0.4574806,-1,GNRC
11561,2024-04-15,0.35889244,1,NSC
11562,2024-04-08,0.36923763,-1,ES
11563,2024-05-21,0.44115055,-1,TRV
11564,2024-04-26,0.5684725,1,HIG
11565,2024-05-06,0.5806865,-1,CI
11566,2024-05-22,0.4106138,1,CE
11567,2024-04-23,0.3846004,1,PEG
11568,2024-05-15,0.551452,-1,DAY
11569,2024-04-12,0.51959425,-1,EPAM
11570,2024-05-08,0.6768333,1,SYK
11571,2024-05-23,0.6329701,-1,ISRG
11572,2024-04-29,0.5363767,1,IP
11573,2024-05-06,0.53802866,1,TSCO
11574,2024-05-23,0.39009184,-1,PG
11575,2024-04-24,0.4984166,-1,AON
11576,2024-04-18,0.44595748,1,GDDY
11577,2024-05-22,0.61427015,1,TRGP
11578,2024-04-09,0.45487523,-1,HUBB
11579,2024-04-17,0.5945767,-1,MAS
11580,2024-04-24,0.39206725,1,BRO
11581,2024-04-24,0.42598832,-1,LRCX
11582,2024-05-21,0.2472941,-1,HIG
11583,2024-04-03,0.5177441,1,KKR
11584,2024-05-10,0.5062142,-1,ALL
11585,2024-05-16,0.36954197,1,GNRC
11586,2024-05-14,0.4971359,1,BKNG
11587,2024-04-15,0.5268918,1,OXY
11588,2024-05-16,0.4882392,-1,EOG
11589,2024-04-22,0.60883266,1,TTWO
11590,2024-04-30,0.5341311,1,ADBE
11591,2024-04-18,0.4958973,1,ABNB
11592,2024-05-20,0.5280664,-1,UNP
11593,2024-04-16,0.584078,1,TJX
11594,2024-05-17,0.29962757,-1,MCK
11595,2024-05-23,0.5841884,-1,ANET
11596,2024-05-06,0.5635384,1,UNH
11597,2024-04-04,0.4570056,-1,CVX
11598,2024-04-10,0.35692132,-1,AMCR
11599,2024-05-02,0.5125408,1,AMT
11600,2024-05-17,0.45072898,1,PCAR
11601,2024-05-16,0.46349242,-1,XOM
11602,2024-04-29,0.49958524,1,VMC
11603,2024-05-09,0.48585963,1,DECK
11604,2024-04-18,0.34976387,1,OMC
11605,2024-05-16,0.41343176,-1,PTC
11606,2024-05-03,0.55492485,1,ES
11607,2024-04-02,0.48669228,-1,MCHP
11608,2024-05-02,0.5537809,1,MO
11609,2024-05-14,0.5109276,-1,NRG
11610,2024-04-01,0.6723937,-1,CE
11611,2024-04-10,0.63207513,-1,IEX
11612,2024-05-21,0.5653031,-1,CBRE
11613,2024-04-08,0.45349574,-1,J
11614,2024-05-13,0.44545448,1,TSN
11615,2024-04-26,0.5477404,1,KMB
11616,2024-05-10,0.17235132,-1,KHC
11617,2024-04-16,0.3516363,-1,MTCH
11618,2024-04-15,0.4588382,1,BK
11619,2024-04-04,0.40335888,-1,CTVA
11620,2024-05-15,0.43568945,-1,PHM
11621,2024-04-16,0.45337322,1,SYF
11622,2024-04-17,0.22284432,1,TER
11623,2024-05-13,0.72364205,-1,V
11624,2024-04-10,0.30843043,-1,O
11625,2024-05-06,0.66389954,1,HPQ
11626,2024-05-06,0.619722,1,SBUX
11627,2024-04-03,0.46683002,-1,INTC
11628,2024-04-08,0.63135594,-1,PTC
11629,2024-04-17,0.3290139,1,TMO
11630,2024-05-17,0.5151094,-1,PFG
11631,2024-05-03,0.36082292,1,HBAN
11632,2024-05-02,0.4814925,1,ROP
11633,2024-04-19,0.45663956,-1,NVR
11634,2024-05-15,0.49389237,-1,A
11635,2024-04-26,0.23669027,1,SNA
11636,2024-05-21,0.54750896,-1,ETN
11637,2024-04-03,0.57264525,1,MMM
11638,2024-04-30,0.42904362,1,PM
11639,2024-05-17,0.52249235,-1,PYPL
11640,2024-05-06,0.4868927,-1,CMG
11641,2024-04-08,0.738008,-1,ADBE
11642,2024-04-15,0.47764844,1,ACGL
11643,2024-05-08,0.49930578,-1,WFC
11644,2024-05-07,0.5233067,1,NXPI
11645,2024-04-29,0.51106364,1,ARE
11646,2024-04-15,0.4926649,1,CPT
11647,2024-04-09,0.864727,-1,GIS
11648,2024-04-02,0.57234544,-1,SYY
11649,2024-04-04,0.5504113,-1,K
11650,2024-05-08,0.5225472,1,GILD
11651,2024-04-02,0.24001841,-1,ANSS
11652,2024-05-10,0.33728924,-1,K
11653,2024-05-01,0.5026206,1,VLTO
11654,2024-04-26,0.1870251,1,LYV
11655,2024-05-13,0.64364946,-1,ENPH
11656,2024-05-15,0.54240865,-1,JPM
11657,2024-05-17,0.5690478,-1,GEHC
11658,2024-04-30,0.61644566,-1,TMUS
11659,2024-04-04,0.54991204,1,CMG
11660,2024-05-03,0.47058612,-1,NVR
11661,2024-04-08,0.4545115,-1,TECH
11662,2024-05-10,0.57797223,-1,WY
11663,2024-05-15,0.5793845,-1,WBA
11664,2024-05-14,0.5724659,-1,LKQ
11665,2024-05-03,0.80545336,-1,ABBV
11666,2024-04-02,0.48328644,-1,FE
11667,2024-05-15,0.48405457,1,RL
11668,2024-04-09,0.6951095,1,ED
11669,2024-04-15,0.42806304,1,GDDY
11670,2024-05-09,0.6682134,-1,BMY
11671,2024-04-04,0.5408861,-1,JNPR
11672,2024-04-08,0.562804,-1,ICE
11673,2024-04-22,0.51578254,1,KMB
11674,2024-04-29,0.51711863,1,LYB
11675,2024-05-03,0.527874,1,FFIV
11676,2024-05-10,0.514222,-1,FMC
11677,2024-04-24,0.693331,-1,DLR
11678,2024-04-09,0.7079124,-1,WBA
11679,2024-05-01,0.47827956,1,HES
11680,2024-05-02,0.5020399,1,MDLZ
11681,2024-05-17,0.5416032,-1,CCI
11682,2024-04-08,0.21094705,-1,DECK
11683,2024-05-14,0.6147339,1,GWW
11684,2024-04-11,0.5444836,-1,HPE
11685,2024-05-10,0.45098048,1,UNH
11686,2024-05-17,0.4772864,-1,LULU
11687,2024-04-26,0.61129546,-1,BBY
11688,2024-04-01,0.41864422,-1,AMD
11689,2024-04-19,0.48856023,1,NDSN
11690,2024-04-08,0.46255726,-1,COO
11691,2024-05-22,0.5205089,1,WMB
11692,2024-04-01,0.4895588,1,EXC
11693,2024-05-10,0.53807664,-1,PPG
11694,2024-04-30,0.37623206,1,MA
11695,2024-05-13,0.44043452,1,RL
11696,2024-05-13,0.58715266,-1,AEE
11697,2024-04-04,0.47757986,-1,VTRS
11698,2024-04-12,0.5888352,1,XOM
11699,2024-05-21,0.23795344,-1,ROK
11700,2024-04-03,0.26343507,-1,LMT
11701,2024-05-06,0.4903942,-1,DVN
11702,2024-05-15,0.46094054,-1,CRL
11703,2024-05-03,0.39894596,1,APA
11704,2024-04-17,0.5435438,1,TDG
11705,2024-05-10,0.41814184,1,MCHP
11706,2024-05-03,0.18017262,1,GD
11707,2024-05-20,0.5388059,-1,ECL
11708,2024-05-14,0.5192962,-1,XOM
11709,2024-04-12,0.3094102,-1,MCHP
11710,2024-05-01,0.49952874,1,CHTR
11711,2024-04-29,0.42408863,1,HLT
11712,2024-03-28,0.42119116,-1,BIIB
11713,2024-04-05,0.48938936,-1,SRE
11714,2024-04-29,0.6224673,1,EG
11715,2024-04-03,0.39554405,-1,IP
11716,2024-04-24,0.16754243,1,PRU
11717,2024-04-26,0.3764644,-1,RMD
11718,2024-05-03,0.3521841,1,ALB
11719,2024-04-25,0.36469603,1,GWW
11720,2024-05-22,0.49944067,1,COR
11721,2024-05-21,0.62247187,-1,PPG
11722,2024-04-29,0.4571563,1,NEE
11723,2024-04-18,0.046428725,1,TFC
11724,2024-04-05,0.42712545,-1,HCA
11725,2024-05-23,0.46149018,-1,WBA
11726,2024-05-14,0.27602673,-1,KO
11727,2024-05-10,0.50726014,-1,WST
11728,2024-04-17,0.58822304,1,EL
11729,2024-04-26,0.496755,-1,HPE
11730,2024-05-13,0.5229501,1,CTSH
11731,2024-05-14,0.4381548,-1,SBAC
11732,2024-05-20,0.5453631,-1,TMO
11733,2024-04-10,0.40739837,-1,CTSH
11734,2024-04-26,0.6806213,1,CNP
11735,2024-05-01,0.46555862,1,WDC
11736,2024-05-15,0.506887,-1,COR
11737,2024-05-09,0.35754475,-1,KR
11738,2024-04-12,0.49130362,-1,NUE
11739,2024-05-20,0.48768556,-1,TXN
11740,2024-05-20,0.43083224,1,FOXA
11741,2024-05-22,0.47492853,-1,JCI
11742,2024-04-09,0.5483279,1,PEP
11743,2024-04-15,0.45575234,1,AFL
11744,2024-04-02,0.4386469,-1,KO
11745,2024-04-23,0.63101697,-1,LW
11746,2024-05-22,0.7645647,-1,ABT
11747,2024-04-04,0.38274005,-1,MDLZ
11748,2024-04-25,0.4381974,-1,QRVO
11749,2024-04-10,0.5361444,-1,BX
11750,2024-04-04,0.27746305,1,D
11751,2024-04-16,0.73020536,-1,INCY
11752,2024-04-12,0.38819072,1,D
11753,2024-04-26,0.592585,-1,CI
11754,2024-05-10,0.39224306,1,META
11755,2024-05-13,0.59646374,1,CDW
11756,2024-04-02,0.46704173,-1,ECL
11757,2024-04-03,0.4255647,-1,ORCL
11758,2024-05-22,0.52639645,1,CCI
11759,2024-03-28,0.6332652,-1,ROP
11760,2024-05-08,0.3924859,-1,ALL
11761,2024-04-01,0.41207543,1,MAA
11762,2024-04-30,0.37592456,1,PH
11763,2024-04-05,0.40061057,-1,D
11764,2024-05-15,0.5519362,1,JCI
11765,2024-04-05,0.59737504,-1,HUM
11766,2024-04-12,0.35316274,-1,RMD
11767,2024-04-16,0.45909423,1,XEL
11768,2024-05-13,0.5676158,-1,GM
11769,2024-04-10,0.44331956,-1,ABNB
11770,2024-04-11,0.5165188,-1,GOOGL
11771,2024-05-22,0.57440025,1,JBHT
11772,2024-05-16,0.5291502,-1,AEP
11773,2024-05-16,0.50281715,-1,UBER
11774,2024-04-19,0.33825722,1,SCHW
11775,2024-05-10,0.4773201,1,AON
11776,2024-05-13,0.5296416,-1,TRV
11777,2024-04-16,0.52845144,-1,TDY
11778,2024-04-26,0.5560806,-1,PLD
11779,2024-04-29,0.40751195,1,GM
11780,2024-04-22,0.42336577,-1,TROW
11781,2024-04-25,0.53067607,1,LW
11782,2024-04-25,0.2271373,1,DUK
11783,2024-05-15,0.44971573,-1,APTV
11784,2024-05-17,0.5006165,-1,GILD
11785,2024-04-25,0.4661366,1,PHM
11786,2024-05-03,0.6066064,-1,UBER
11787,2024-04-02,0.7047047,1,FMC
11788,2024-05-14,0.5406456,-1,WBA
11789,2024-05-03,0.47332385,1,FICO
11790,2024-05-09,0.39558035,1,MDT
11791,2024-05-13,0.42335472,1,PNW
11792,2024-04-10,0.5682823,1,UNH
11793,2024-04-26,0.5453967,1,HON
11794,2024-04-16,0.6164065,-1,TPR
11795,2024-04-18,0.53384346,1,TRGP
11796,2024-04-16,0.7538158,1,INTU
11797,2024-04-24,0.33109725,-1,ITW
11798,2024-05-15,0.60768116,-1,BRO
11799,2024-04-05,0.61460876,-1,MHK
11800,2024-04-30,0.5079607,-1,MDLZ
11801,2024-05-07,0.49343368,1,EA
11802,2024-04-10,0.42453218,1,LNT
11803,2024-04-08,0.54504544,-1,GNRC
11804,2024-04-12,0.36591738,1,COF
11805,2024-04-15,0.4988646,1,WELL
11806,2024-03-28,0.49785316,-1,WBA
11807,2024-04-10,0.57927704,-1,RL
11808,2024-04-10,0.5244335,-1,MKC
11809,2024-05-07,0.3922473,1,EQT
11810,2024-05-23,0.53910446,-1,ANSS
11811,2024-04-25,0.48939306,1,CFG
11812,2024-04-12,0.46814603,-1,EW
11813,2024-04-29,0.3468182,-1,DVA
11814,2024-04-02,0.4894816,1,TTWO
11815,2024-04-09,0.45509458,-1,EIX
11816,2024-04-24,0.45675656,1,REGN
11817,2024-05-15,0.4417001,-1,FCX
11818,2024-04-15,0.36835095,-1,PPG
11819,2024-04-29,0.26364657,1,SO
11820,2024-04-08,0.50734043,-1,TSLA
11821,2024-04-08,0.4760926,1,PGR
11822,2024-05-20,0.52129024,-1,GRMN
11823,2024-04-23,0.46939746,-1,ORLY
11824,2024-04-12,0.4341825,1,GS
11825,2024-05-20,0.43955082,-1,PSX
11826,2024-04-10,0.63311434,-1,UDR
11827,2024-04-23,0.64783686,-1,ZBH
11828,2024-05-17,0.5397437,-1,ECL
11829,2024-04-01,0.40867883,-1,REGN
11830,2024-04-24,0.5062406,1,NVDA
11831,2024-05-08,0.51208687,1,NI
11832,2024-05-16,0.3966062,1,CME
11833,2024-04-04,0.5204282,-1,WYNN
11834,2024-04-11,0.39795193,-1,SPG
11835,2024-05-06,0.5204478,-1,TDG
11836,2024-05-16,0.5498147,-1,OKE
11837,2024-05-16,0.5228009,-1,BRO
11838,2024-04-26,0.57062757,-1,DAY
11839,2024-05-06,0.4619387,1,KEY
11840,2024-05-22,0.50331837,1,ON
11841,2024-05-21,0.4937867,-1,GIS
11842,2024-05-03,0.6378925,-1,APTV
11843,2024-05-16,0.51214576,-1,TPR
11844,2024-04-12,0.48613662,-1,SLB
11845,2024-04-10,0.5001517,-1,CFG
11846,2024-05-22,0.36176002,1,FMC
11847,2024-04-18,0.13272402,1,SCHW
11848,2024-05-17,0.43577018,-1,OXY
11849,2024-04-12,0.52872115,1,OKE
11850,2024-05-17,0.27906406,-1,PCG
11851,2024-05-14,0.423329,1,D
11852,2024-04-09,0.5056344,-1,HCA
11853,2024-04-29,0.57663643,1,WYNN
11854,2024-04-12,0.24297151,1,REGN
11855,2024-05-03,0.51774853,1,DOC
11856,2024-04-04,0.3011332,-1,COR
11857,2024-04-16,0.41602823,1,DD
11858,2024-04-19,0.5379264,1,TJX
11859,2024-04-12,0.38734552,1,GOOGL
11860,2024-05-23,0.42664647,-1,MMC
11861,2024-04-11,0.51363605,-1,DVA
11862,2024-04-29,0.5261984,-1,KMB
11863,2024-05-23,0.42169735,-1,HST
11864,2024-03-28,0.54137695,1,NRG
11865,2024-04-15,0.48597565,1,GIS
11866,2024-04-17,0.5646963,1,SCHW
11867,2024-04-12,0.57104814,1,VTR
11868,2024-05-10,0.5804126,-1,CAG
11869,2024-04-16,0.30926234,1,DTE
11870,2024-05-16,0.52993894,-1,MRO
11871,2024-04-04,0.43075573,-1,DLTR
11872,2024-04-22,0.43187207,-1,GE
11873,2024-04-08,0.52681136,-1,FOX
11874,2024-04-30,0.467352,-1,UBER
11875,2024-05-03,0.5592078,-1,NVDA
11876,2024-05-07,0.24192886,1,CRM
11877,2024-05-03,0.3570085,1,MS
11878,2024-05-07,0.42720622,1,CRWD
11879,2024-04-26,0.5371149,-1,TRGP
11880,2024-04-29,0.5705734,1,ACN
11881,2024-04-11,0.45027623,1,GL
11882,2024-04-17,0.6600961,1,V
11883,2024-04-05,0.35188025,-1,GLW
11884,2024-04-11,0.47305587,1,DD
11885,2024-05-14,0.4414286,-1,ETSY
11886,2024-05-22,0.55894315,-1,HPE
11887,2024-05-20,0.12879,-1,ALB
11888,2024-05-07,0.516778,1,CCI
11889,2024-05-14,0.52123636,-1,GPN
11890,2024-05-22,0.53194,-1,AME
11891,2024-05-20,0.4953864,-1,SRE
11892,2024-05-08,0.4591759,-1,VST
11893,2024-05-16,0.5199173,-1,STLD
11894,2024-04-19,0.43018314,1,GOOG
11895,2024-04-24,0.44843715,1,NTRS
11896,2024-04-01,0.31708142,1,TRMB
11897,2024-04-09,0.46297076,1,SO
11898,2024-04-12,0.47679096,1,APD
11899,2024-05-03,0.5529246,1,BXP
11900,2024-05-21,0.5435049,-1,PPL
11901,2024-05-22,0.8172641,1,LVS
11902,2024-04-15,0.46499375,1,WFC
11903,2024-04-26,0.43106586,-1,COR
11904,2024-05-23,0.36558315,1,CPT
11905,2024-04-29,0.5257841,1,VICI
11906,2024-04-19,0.37445202,1,EFX
11907,2024-04-08,0.34279063,-1,GS
11908,2024-04-08,0.5659542,-1,GILD
11909,2024-05-07,0.41637444,1,TYL
11910,2024-05-13,0.25156382,-1,K
11911,2024-05-09,0.49669445,1,SO
11912,2024-04-12,0.38355026,1,ROP
11913,2024-04-03,0.67574906,1,HLT
11914,2024-04-29,0.5242658,1,RMD
11915,2024-05-02,0.46368128,1,FDX
11916,2024-05-13,0.52155566,-1,LUV
11917,2024-03-28,0.529005,-1,ISRG
11918,2024-05-17,0.60574985,-1,PTC
11919,2024-05-22,0.86167175,-1,FI
11920,2024-05-02,0.37913772,1,UAL
11921,2024-04-19,0.5103447,1,CTAS
11922,2024-05-15,0.6055533,-1,NSC
11923,2024-05-01,0.39466867,1,ALLE
11924,2024-05-02,0.48929414,1,TECH
11925,2024-04-10,0.42827573,1,ALL
11926,2024-03-28,0.72194844,1,PSA
11927,2024-05-17,0.53555423,-1,DUK
11928,2024-04-26,0.4364005,1,LOW
11929,2024-04-08,0.45270872,-1,TGT
11930,2024-04-30,0.778652,1,CRL
11931,2024-05-08,0.4880223,-1,CPAY
11932,2024-04-19,0.5227058,-1,NKE
11933,2024-04-15,0.525876,1,SYF
11934,2024-05-02,0.50846,1,T
11935,2024-04-24,0.5465197,1,LW
11936,2024-05-03,0.5522178,1,JKHY
11937,2024-05-02,0.3254158,1,SPG
11938,2024-05-09,0.4827617,1,CAT
11939,2024-04-18,0.4678176,-1,DD
11940,2024-04-02,0.5212501,-1,MTCH
11941,2024-05-01,0.3407059,1,V
11942,2024-04-09,0.5179075,-1,DOW
11943,2024-05-10,0.40323788,-1,ZBH
11944,2024-04-19,0.48971114,1,BWA
11945,2024-05-16,0.48571143,-1,TRV
11946,2024-05-06,0.50586855,1,LH
11947,2024-05-21,0.5552775,-1,DE
11948,2024-03-28,0.4460766,-1,VRSN
11949,2024-04-17,0.4111906,1,MCHP
11950,2024-04-08,0.45937324,-1,COST
11951,2024-04-12,0.51954573,1,EXPE
11952,2024-04-30,0.44518712,1,MCK
11953,2024-05-15,0.5455761,1,ROP
11954,2024-04-17,0.5212468,1,ON
11955,2024-03-28,0.46216014,-1,FTV
11956,2024-04-29,0.6861149,1,EXR
11957,2024-05-17,0.34706947,1,TSLA
11958,2024-04-10,0.46827245,-1,DPZ
11959,2024-04-05,0.51197815,-1,FOXA
11960,2024-04-04,0.45329562,-1,HSIC
11961,2024-05-10,0.49612847,-1,WFC
11962,2024-05-20,0.62332433,-1,ZTS
11963,2024-04-17,0.5350734,1,WMB
11964,2024-05-08,0.5645435,1,NWSA
11965,2024-04-17,0.21917051,1,CNP
11966,2024-04-23,0.45642406,-1,CSX
11967,2024-05-02,0.42847222,1,SHW
11968,2024-04-23,0.504978,-1,SCHW
11969,2024-04-11,0.34754866,-1,STT
11970,2024-04-05,0.32187384,-1,STT
11971,2024-04-22,0.46843868,1,NRG
11972,2024-05-21,0.19617076,-1,NTRS
11973,2024-05-10,0.31874004,1,PKG
11974,2024-05-13,0.47447112,-1,KMB
11975,2024-04-02,0.5520098,-1,DOW
11976,2024-05-08,0.45480388,1,MGM
11977,2024-03-28,0.3856303,1,SYF
11978,2024-04-02,0.518706,-1,HPE
11979,2024-05-10,0.31944185,1,EQT
11980,2024-04-05,0.45945606,-1,NFLX
11981,2024-05-03,0.48278308,1,PLD
11982,2024-05-23,0.5844968,-1,TXT
11983,2024-05-20,0.49184316,-1,TECH
11984,2024-04-09,0.43432805,-1,LKQ
11985,2024-04-25,0.40821213,-1,AVGO
11986,2024-05-17,0.4602803,-1,ICE
11987,2024-04-24,0.45795855,-1,ETR
11988,2024-05-09,0.6665969,1,KKR
11989,2024-05-01,0.3813986,1,KVUE
11990,2024-04-25,0.53563565,-1,DLTR
11991,2024-04-29,0.45322588,1,DHI
11992,2024-04-04,0.46494323,-1,RTX
11993,2024-05-01,0.48076117,1,CTSH
11994,2024-05-13,0.70537555,-1,ARE
11995,2024-05-02,0.38675728,1,AMP
11996,2024-05-23,0.36630338,1,STZ
11997,2024-05-20,0.5225674,-1,MMC
11998,2024-05-23,0.35822,1,DECK
11999,2024-04-17,0.15519796,-1,ODFL
12000,2024-04-17,0.50312704,1,MA
12001,2024-04-08,0.36645532,-1,BLK
12002,2024-04-15,0.4927828,1,KMI
12003,2024-05-13,0.5557402,1,CCL
12004,2024-04-10,0.4731964,-1,LKQ
12005,2024-04-01,0.32831883,-1,STT
12006,2024-04-18,0.4176216,1,IR
12007,2024-04-18,0.19752963,-1,ES
12008,2024-05-16,0.2572752,-1,K
12009,2024-05-09,0.32864183,-1,CARR
12010,2024-05-20,0.5179879,-1,J
12011,2024-04-24,0.4051619,1,VTR
12012,2024-05-17,0.46416882,-1,PANW
12013,2024-04-16,0.55479646,1,CMCSA
12014,2024-04-18,0.81377465,1,BKNG
12015,2024-04-15,0.48696333,-1,PCAR
12016,2024-05-16,0.48019412,1,GE
12017,2024-04-11,0.4612882,-1,BLK
12018,2024-05-22,0.35153747,1,CSX
12019,2024-04-22,0.59514076,1,SYF
12020,2024-05-03,0.42712682,-1,WST
12021,2024-04-29,0.4287478,1,USB
12022,2024-05-02,0.3553817,-1,EA
12023,2024-05-02,0.63311195,1,IBM
12024,2024-05-23,0.46400574,1,AMGN
12025,2024-03-28,0.38219053,-1,VTRS
12026,2024-04-17,0.52840436,1,CTVA
12027,2024-05-02,0.5402658,1,BK
12028,2024-04-11,0.5195939,-1,F
12029,2024-04-23,0.2873153,-1,GEHC
12030,2024-05-15,0.3850761,-1,MCD
12031,2024-04-10,0.47237918,-1,RF
12032,2024-04-25,0.46511385,1,TSN
12033,2024-04-10,0.4718557,-1,CTRA
12034,2024-04-19,0.45156756,1,MDLZ
12035,2024-05-08,0.44890404,1,NVDA
12036,2024-05-15,0.45807487,-1,EFX
12037,2024-05-17,0.5994737,-1,JKHY
12038,2024-04-29,0.4072273,1,DOW
12039,2024-04-16,0.54244244,1,IRM
12040,2024-04-29,0.52202475,1,CMG
12041,2024-03-28,0.47064966,-1,STE
12042,2024-04-22,0.5454286,-1,NSC
12043,2024-05-10,0.63352644,1,ANSS
12044,2024-05-09,0.4704557,-1,UBER
12045,2024-05-13,0.2843994,1,FE
12046,2024-05-03,0.49908125,1,IT
12047,2024-04-25,0.50350124,1,QCOM
12048,2024-05-10,0.44070467,-1,TFC
12049,2024-05-10,0.4622344,-1,DIS
12050,2024-05-14,0.50244087,1,LHX
12051,2024-04-05,0.52986616,-1,DHI
12052,2024-05-06,0.5301232,-1,AON
12053,2024-04-17,0.4881176,1,CMG
12054,2024-04-17,0.35434717,1,NWS
12055,2024-04-26,0.51505095,1,AMGN
12056,2024-04-03,0.5550992,-1,CCI
12057,2024-04-12,0.525628,1,CAG
12058,2024-04-04,0.50035155,-1,GE
12059,2024-04-03,0.4928428,1,QRVO
12060,2024-04-24,0.45156765,-1,PGR
12061,2024-05-14,0.5271567,-1,WBD
12062,2024-05-01,0.43486565,1,IBM
12063,2024-04-19,0.22169809,1,EXR
12064,2024-05-03,0.5566921,1,FDX
12065,2024-04-04,0.49554074,1,TSLA
12066,2024-05-23,0.53946525,-1,HES
12067,2024-04-01,0.43221918,1,PCG
12068,2024-04-26,0.59256387,-1,FI
12069,2024-05-09,0.5297592,-1,AZO
12070,2024-04-05,0.526283,-1,GEN
12071,2024-04-30,0.5018555,1,AVGO
12072,2024-04-17,0.2972164,-1,EXR
12073,2024-05-07,0.38064775,1,INVH
12074,2024-05-20,0.2601568,-1,EG
12075,2024-04-25,0.55926204,1,LEN
12076,2024-05-17,0.5238396,-1,PODD
12077,2024-05-22,0.58690804,1,ITW
12078,2024-05-17,0.5775917,-1,QRVO
12079,2024-05-23,0.36428884,-1,NDSN
12080,2024-05-23,0.568293,-1,ABT
12081,2024-04-26,0.47272956,-1,DPZ
12082,2024-04-12,0.34065342,1,L
12083,2024-03-28,0.3187291,1,PKG
12084,2024-04-23,0.5482698,1,EG
12085,2024-05-09,0.53127515,-1,ROST
12086,2024-05-06,0.57023215,1,EW
12087,2024-04-18,0.6921598,-1,CSX
12088,2024-05-23,0.44095382,1,CB
12089,2024-05-23,0.3667301,1,TFX
12090,2024-04-23,0.4147886,1,LDOS
12091,2024-05-13,0.55389035,-1,GIS
12092,2024-04-09,0.5028702,-1,SWK
12093,2024-05-02,0.43605042,1,INVH
12094,2024-04-22,0.5951738,1,ED
12095,2024-05-07,0.5285449,1,CPB
12096,2024-04-19,0.41270092,1,XYL
12097,2024-05-02,0.5157432,1,YUM
12098,2024-05-13,0.6987659,1,KKR
12099,2024-05-03,0.35722125,1,BIO
12100,2024-04-03,0.95444083,-1,FOX
12101,2024-05-17,0.6869325,-1,ITW
12102,2024-05-08,0.42595223,1,MSI
12103,2024-04-19,0.40028688,-1,TXT
12104,2024-05-14,0.57615745,-1,DECK
12105,2024-04-29,0.56583345,-1,CAH
12106,2024-05-02,0.57382005,1,QCOM
12107,2024-05-08,0.55100024,1,WBD
12108,2024-05-22,0.40473065,-1,OMC
12109,2024-04-22,0.4739292,1,DUK
12110,2024-04-11,0.4004697,-1,NVR
12111,2024-04-15,0.49785376,-1,EPAM
12112,2024-05-07,0.533221,1,CHD
12113,2024-04-30,0.5147688,1,APTV
12114,2024-03-28,0.40880862,-1,CSGP
12115,2024-04-24,0.5531219,-1,MCD
12116,2024-05-21,0.4803249,-1,MET
12117,2024-04-08,0.47763148,-1,NOW
12118,2024-04-05,0.5354518,-1,IT
12119,2024-04-15,0.44755313,1,CRL
12120,2024-04-04,0.48071837,1,COST
12121,2024-04-03,0.6672167,-1,AMCR
12122,2024-04-11,0.4661433,-1,TER
12123,2024-05-02,0.41996452,1,ESS
12124,2024-05-15,0.3442176,1,MOS
12125,2024-04-19,0.3311193,1,IPG
12126,2024-04-05,0.4545654,-1,CCI
12127,2024-04-11,0.49261487,1,MS
12128,2024-04-05,0.38808414,-1,ROP
12129,2024-05-22,0.48163772,-1,MOH
12130,2024-05-06,0.5495042,1,BX
12131,2024-04-17,0.27837172,1,MET
12132,2024-05-09,0.54437804,1,ICE
12133,2024-05-22,0.49051234,1,AIG
12134,2024-03-28,0.51104856,-1,KLAC
12135,2024-04-09,0.55905867,-1,TECH
12136,2024-04-22,0.48642403,1,ANET
12137,2024-04-18,0.482646,1,KDP
12138,2024-05-22,0.53027797,-1,XYL
12139,2024-05-07,0.31394166,1,MTB
12140,2024-04-09,0.42059016,-1,GRMN
12141,2024-04-22,0.5070102,-1,FICO
12142,2024-04-10,0.4918175,-1,DRI
12143,2024-04-01,0.5915569,-1,VRSN
12144,2024-05-06,0.3105726,1,KKR
12145,2024-05-21,0.42433804,-1,CMG
12146,2024-04-17,0.481499,1,RMD
12147,2024-03-28,0.61750853,-1,DAY
12148,2024-04-10,0.35814366,-1,ULTA
12149,2024-05-07,0.53988725,-1,CSX
12150,2024-04-09,0.54774636,-1,AVGO
12151,2024-05-07,0.57386166,1,MSCI
12152,2024-05-13,0.56766343,-1,USB
12153,2024-04-15,0.5748452,1,HSIC
12154,2024-04-03,0.36427563,-1,MET
12155,2024-04-02,0.56242603,-1,DUK
12156,2024-05-22,0.53090554,-1,ORLY
12157,2024-05-16,0.446464,-1,AVB
12158,2024-05-17,0.49146166,-1,BIIB
12159,2024-04-23,0.57830024,-1,EQR
12160,2024-04-05,0.40405247,-1,LDOS
12161,2024-04-22,0.44088456,1,PYPL
12162,2024-05-03,0.54161054,1,MDLZ
12163,2024-04-19,0.57415074,1,RL
12164,2024-05-08,0.5285801,-1,MOH
12165,2024-03-28,0.46899366,-1,MNST
12166,2024-04-08,0.45067447,-1,PNC
12167,2024-04-26,0.44807708,1,SO
12168,2024-03-28,0.48433354,-1,DIS
12169,2024-04-16,0.49915412,1,HES
12170,2024-04-26,0.5425564,-1,IQV
12171,2024-04-19,0.555721,-1,ADM
12172,2024-05-14,0.4726285,1,MSI
12173,2024-04-12,0.34376603,1,CPAY
12174,2024-05-15,0.41359177,-1,KR
12175,2024-05-03,0.4323879,-1,KR
12176,2024-04-23,0.558937,1,TT
12177,2024-04-11,0.45954174,-1,MHK
12178,2024-05-21,0.53019154,-1,VICI
12179,2024-05-21,0.47415662,-1,CMI
12180,2024-05-14,0.77850044,-1,UNP
12181,2024-04-09,0.47878006,-1,CINF
12182,2024-05-02,0.22117214,1,WFC
12183,2024-05-07,0.22850865,1,PNC
12184,2024-04-18,0.48739836,-1,UNH
12185,2024-05-08,0.608167,-1,SNA
12186,2024-04-02,0.50418663,-1,MTD
12187,2024-04-11,0.4710074,-1,KEYS
12188,2024-04-29,0.4660299,1,POOL
12189,2024-04-01,0.6308355,-1,UHS
12190,2024-04-09,0.63112223,-1,HOLX
12191,2024-05-22,0.69397616,-1,CDW
12192,2024-04-15,0.46608984,1,RSG
12193,2024-05-22,0.46438682,-1,CTSH
12194,2024-04-12,0.49542817,-1,MRO
12195,2024-05-02,0.48045224,-1,DFS
12196,2024-04-15,0.39849806,1,KDP
12197,2024-05-21,0.6342074,-1,PRU
12198,2024-04-10,0.5006569,-1,ECL
12199,2024-05-21,0.8018473,-1,NOC
12200,2024-04-04,0.28575158,-1,PG
12201,2024-04-23,0.5555391,1,T
12202,2024-04-18,0.5177496,1,ELV
12203,2024-04-15,0.6985441,1,KKR
12204,2024-04-18,0.31668338,1,SNA
12205,2024-05-21,0.55878925,-1,LIN
12206,2024-05-13,0.3301567,-1,AIZ
12207,2024-04-15,0.41661873,1,AXON
12208,2024-05-07,0.4943139,1,GOOGL
12209,2024-04-12,0.23559764,1,ALL
12210,2024-05-01,0.44004694,1,HIG
12211,2024-04-08,0.3871758,-1,DAL
12212,2024-04-01,0.48394984,-1,STZ
12213,2024-04-30,0.6543903,1,WYNN
12214,2024-04-30,0.3922861,1,GD
12215,2024-04-18,0.07326759,-1,CME
12216,2024-04-17,0.3965688,1,NTAP
12217,2024-05-15,0.5476881,-1,CVS
12218,2024-05-07,0.52695024,1,MOH
12219,2024-04-05,0.44315895,-1,AEP
12220,2024-05-21,0.58439434,1,DD
12221,2024-05-02,0.15700652,1,XEL
12222,2024-05-08,0.51890314,-1,META
12223,2024-04-08,0.60688215,-1,CVS
12224,2024-04-18,0.58891237,1,LULU
12225,2024-04-24,0.4905847,-1,URI
12226,2024-04-04,0.47607416,-1,BK
12227,2024-05-23,0.1654374,-1,LYB
12228,2024-04-30,0.1356265,1,CMS
12229,2024-04-09,0.51334715,-1,EMR
12230,2024-05-08,0.37883323,1,MCK
12231,2024-05-10,0.5426655,1,DAY
12232,2024-04-05,0.6055395,-1,IPG
12233,2024-05-21,0.5590713,-1,CE
12234,2024-03-28,0.6237377,-1,LMT
12235,2024-05-02,0.5168645,1,CARR
12236,2024-05-23,0.5867026,1,NTRS
12237,2024-04-01,0.5120668,-1,VTRS
12238,2024-05-09,0.59200853,1,BXP
12239,2024-05-06,0.43588427,-1,CSGP
12240,2024-05-14,0.2608636,-1,UDR
12241,2024-04-26,0.6139272,1,ATO
12242,2024-04-02,0.51694447,-1,HUBB
12243,2024-04-12,0.5715609,1,UNH
12244,2024-04-10,0.40233323,-1,AMP
12245,2024-05-01,0.44742122,1,MOH
12246,2024-05-07,0.4386202,-1,PSX
12247,2024-04-22,0.3291281,-1,TAP
12248,2024-04-30,0.48234868,1,GM
12249,2024-04-25,0.24191776,-1,HLT
12250,2024-04-12,0.41967985,1,TGT
12251,2024-04-05,0.47275993,-1,PG
12252,2024-04-23,0.3265281,-1,MSI
12253,2024-05-09,0.45798153,1,DTE
12254,2024-05-09,0.584855,1,SCHW
12255,2024-03-28,0.4806487,-1,EPAM
12256,2024-05-22,0.32303008,1,J
12257,2024-04-01,0.5791921,1,CHRW
12258,2024-05-07,0.73571014,1,MCD
12259,2024-05-15,0.527051,1,INCY
12260,2024-04-02,0.57002395,-1,BMY
12261,2024-05-10,0.49896824,-1,SLB
12262,2024-04-12,0.66197133,1,MSI
12263,2024-04-05,0.56346303,-1,ON
12264,2024-04-30,0.42477423,1,EW
12265,2024-05-16,0.43878222,1,FOXA
12266,2024-04-05,0.42408422,-1,AME
12267,2024-05-03,0.45050636,-1,DPZ
12268,2024-05-07,0.52581066,1,CDW
12269,2024-04-09,0.5444575,-1,AMZN
12270,2024-04-05,0.42027098,-1,DOW
12271,2024-05-23,0.65665525,-1,DHR
12272,2024-05-16,0.46357372,-1,ABT
12273,2024-04-09,0.5207663,-1,BBY
12274,2024-04-25,0.48411652,1,MS
12275,2024-04-25,0.54694223,1,K
12276,2024-04-26,0.6708322,-1,ANSS
12277,2024-04-04,0.41057947,-1,L
12278,2024-04-08,0.46957207,-1,XOM
12279,2024-05-22,0.54415154,1,MAA
12280,2024-04-29,0.46163008,-1,BXP
12281,2024-05-14,0.3706775,1,REGN
12282,2024-05-10,0.61306286,-1,MCD
12283,2024-04-15,0.4244277,1,MO
12284,2024-03-28,0.51913726,1,ALGN
12285,2024-04-30,0.18751892,1,PG
12286,2024-04-29,0.4884969,-1,OXY
12287,2024-04-25,0.5129806,-1,KMX
12288,2024-05-14,0.14474905,-1,CI
12289,2024-05-15,0.7505363,-1,CCI
12290,2024-04-30,0.5990902,1,ICE
12291,2024-04-29,0.5199805,1,CFG
12292,2024-04-01,0.48380807,1,MLM
12293,2024-05-07,0.58310217,1,MO
12294,2024-05-15,0.35091838,-1,CAG
12295,2024-04-17,0.4241421,1,TFC
12296,2024-05-07,0.61150706,1,CMCSA
12297,2024-04-11,0.5213802,-1,FFIV
12298,2024-05-06,0.46881855,1,MTCH
12299,2024-04-05,0.48825192,-1,APTV
12300,2024-05-17,0.5695236,-1,BIO
12301,2024-04-19,0.5003983,1,WMB
12302,2024-04-24,0.46120477,-1,SYK
12303,2024-04-12,0.47647992,1,IRM
12304,2024-04-11,0.30896387,1,PNW
12305,2024-05-17,0.3758778,-1,RJF
12306,2024-04-10,0.41845766,-1,BRO
12307,2024-05-01,0.60020447,-1,LW
12308,2024-05-08,0.46158695,1,HWM
12309,2024-04-24,0.5580619,-1,IBM
12310,2024-04-26,0.33913484,1,MSI
12311,2024-05-01,0.47138295,1,OTIS
12312,2024-04-09,0.45616883,1,UAL
12313,2024-05-13,0.45166272,1,CPB
12314,2024-04-17,0.45561954,1,ZTS
12315,2024-05-22,0.5207621,1,HWM
12316,2024-04-11,0.5111824,-1,KKR
12317,2024-03-28,0.46317527,-1,IEX
12318,2024-04-12,0.51402897,1,BX
12319,2024-04-30,0.4994489,1,LOW
12320,2024-05-21,0.55186445,-1,ESS
12321,2024-05-15,0.8340644,-1,WTW
12322,2024-05-23,0.5535998,-1,HSY
12323,2024-04-25,0.48186573,1,DECK
12324,2024-04-16,0.49471343,-1,ROST
12325,2024-04-01,0.47243658,1,QCOM
12326,2024-04-19,0.45237213,-1,META
12327,2024-04-15,0.4670748,1,BG
12328,2024-04-05,0.48805946,-1,SYF
12329,2024-04-02,0.56875855,-1,TXN
12330,2024-05-03,0.50287783,-1,CAH
12331,2024-05-08,0.49628395,1,GRMN
12332,2024-03-28,0.58614504,1,DVN
12333,2024-04-16,0.32310858,1,EXC
12334,2024-04-23,0.33753258,-1,IVZ
12335,2024-04-01,0.45535132,1,PODD
12336,2024-04-12,0.4748907,1,FI
12337,2024-05-09,0.5018276,1,PTC
12338,2024-05-08,0.5186805,-1,CPRT
12339,2024-04-05,0.33848497,-1,A
12340,2024-04-11,0.30924332,1,K
12341,2024-04-30,0.42548335,-1,CF
12342,2024-04-16,0.7720679,1,UNP
12343,2024-04-24,0.50772095,1,DOC
12344,2024-05-10,0.41874546,-1,ED
12345,2024-03-28,0.47582638,-1,REGN
12346,2024-05-20,0.44159397,-1,CEG
12347,2024-04-11,0.44910088,-1,FDX
12348,2024-04-22,0.5228624,-1,ALL
12349,2024-05-09,0.43611303,-1,EOG
12350,2024-04-04,0.49571973,-1,DHI
12351,2024-05-21,0.6145113,-1,CMCSA
12352,2024-04-05,0.44391376,-1,STX
12353,2024-04-16,0.5595658,1,LEN
12354,2024-05-22,0.5447511,1,MTCH
12355,2024-04-29,0.43611336,1,AJG
12356,2024-05-06,0.32710606,1,FOX
12357,2024-04-02,0.40402433,-1,VLO
12358,2024-04-11,0.30918846,-1,NRG
12359,2024-05-23,0.40834033,-1,ALGN
12360,2024-04-08,0.48056686,-1,WAB
12361,2024-04-09,0.5395042,-1,VRSK
12362,2024-04-01,0.36912796,-1,AJG
12363,2024-05-14,0.5762017,-1,VZ
12364,2024-04-08,0.49229425,-1,CTRA
12365,2024-05-15,0.52741194,-1,INVH
12366,2024-04-15,0.42003495,-1,ADSK
12367,2024-04-24,0.27021578,1,HBAN
12368,2024-05-02,0.22270074,1,AIG
12369,2024-04-03,0.42854974,1,CVX
12370,2024-03-28,0.19929183,-1,USB
12371,2024-04-03,0.41467923,-1,CAG
12372,2024-05-02,0.5323218,1,EQIX
12373,2024-05-07,0.4459936,1,CMS
12374,2024-05-06,0.50208074,1,HAS
12375,2024-05-16,0.663053,-1,YUM
12376,2024-04-17,0.43691677,1,CHD
12377,2024-05-01,0.6154055,1,FDS
12378,2024-05-09,0.38065007,1,DUK
12379,2024-05-21,0.2551702,-1,XEL
12380,2024-04-15,0.52691174,-1,UBER
12381,2024-05-23,0.43181616,-1,BKNG
12382,2024-05-14,0.5212923,-1,CPT
12383,2024-05-07,0.3790619,1,MTD
12384,2024-04-19,0.16648406,1,UPS
12385,2024-04-12,0.29730108,-1,NTAP
12386,2024-05-16,0.7473757,-1,FAST
12387,2024-04-25,0.49222097,-1,DOW
12388,2024-04-12,0.46665466,1,IBM
12389,2024-04-22,0.46171457,1,CMG
12390,2024-04-22,0.5573684,-1,ZBH
12391,2024-05-13,0.51905745,-1,RF
12392,2024-04-11,0.5179068,-1,IQV
12393,2024-04-02,0.5213799,-1,MDLZ
12394,2024-05-17,0.48192605,-1,AMCR
12395,2024-04-23,0.395264,-1,SYK
12396,2024-05-09,0.6053811,1,RJF
12397,2024-05-10,0.394439,1,DTE
12398,2024-05-22,0.45867535,1,XOM
12399,2024-04-04,0.5873473,-1,WELL
12400,2024-05-17,0.39498568,1,GLW
12401,2024-04-19,0.4830617,1,IR
12402,2024-05-13,0.60975075,1,BX
12403,2024-04-19,0.50910115,1,ORCL
12404,2024-04-25,0.39197454,1,ACGL
12405,2024-05-03,0.1416822,1,KKR
12406,2024-05-17,0.16259252,-1,CARR
12407,2024-03-28,0.49760088,-1,HON
12408,2024-03-28,0.52506375,-1,HUBB
12409,2024-04-18,0.48248348,1,BSX
12410,2024-04-24,0.26828462,-1,PNC
12411,2024-04-17,0.45086944,1,MRO
12412,2024-05-06,0.44311076,1,META
12413,2024-05-09,0.6790593,1,AMP
12414,2024-04-23,0.6607493,-1,IBM
12415,2024-05-07,0.22541729,-1,NOC
12416,2024-04-30,0.37573093,1,PPL
12417,2024-05-20,0.5201655,-1,MSCI
12418,2024-05-17,0.13764055,-1,ELV
12419,2024-04-03,0.4096076,1,APH
12420,2024-05-02,0.5122667,1,A
12421,2024-04-08,0.49130842,-1,FAST
12422,2024-04-23,0.50789315,-1,ORCL
12423,2024-05-06,0.5249324,1,MU
12424,2024-04-12,0.1900315,-1,MAS
12425,2024-04-08,0.5105312,-1,JBL
12426,2024-04-16,0.36011463,1,BG
12427,2024-04-22,0.49018067,-1,TMO
12428,2024-04-18,0.41921774,-1,OTIS
12429,2024-04-26,0.46251258,-1,LIN
12430,2024-04-11,0.5444119,1,SCHW
12431,2024-04-16,0.47681358,-1,IP
12432,2024-05-21,0.53911257,-1,META
12433,2024-04-01,0.5869316,-1,MCD
12434,2024-05-10,0.44140872,-1,CMCSA
12435,2024-04-24,0.48939225,-1,DVN
12436,2024-04-10,0.41753718,-1,NOW
12437,2024-04-02,0.48239148,-1,ALLE
12438,2024-04-30,0.48320344,1,ESS
12439,2024-05-13,0.57536465,1,PSA
12440,2024-05-02,0.49660727,-1,DXCM
12441,2024-05-20,0.63402647,-1,SYY
12442,2024-04-12,0.3735404,-1,CDNS
12443,2024-04-10,0.5261421,1,MS
12444,2024-05-07,0.47354585,-1,L
12445,2024-04-23,0.50680035,-1,MCK
12446,2024-04-22,0.6187964,1,UDR
12447,2024-05-10,0.37497026,-1,ADM
12448,2024-05-01,0.48293182,1,IVZ
12449,2024-04-18,0.28417814,-1,CHRW
12450,2024-04-10,0.50883967,-1,NWS
12451,2024-04-22,0.51607996,-1,CTVA
12452,2024-04-01,0.5351406,1,FDS
12453,2024-04-11,0.5160059,-1,VLO
12454,2024-05-09,0.48042825,1,CMS
12455,2024-05-01,0.57051545,-1,EPAM
12456,2024-05-16,0.45554525,-1,MSI
12457,2024-04-12,0.50976974,-1,QCOM
12458,2024-05-16,0.4047477,-1,TSCO
12459,2024-04-05,0.5670449,-1,CEG
12460,2024-04-23,0.4016785,-1,DIS
12461,2024-05-03,0.3417199,-1,TFC
12462,2024-05-10,0.44675663,1,CTAS
12463,2024-04-26,0.601372,1,PRU
12464,2024-04-26,0.15292464,1,TDY
12465,2024-04-08,0.49976465,-1,CAH
12466,2024-04-18,0.55181855,1,AMZN
12467,2024-05-09,0.43815973,1,NEM
12468,2024-04-26,0.40617773,1,DLTR
12469,2024-04-25,0.43856472,-1,ETSY
12470,2024-04-17,0.3933525,1,IPG
12471,2024-04-10,0.6523172,-1,ES
12472,2024-05-07,0.48596343,1,SPGI
12473,2024-04-30,0.6144157,1,WY
12474,2024-05-22,0.49832025,-1,SNPS
12475,2024-05-23,0.52021074,-1,ADSK
12476,2024-04-22,0.17880116,-1,BAX
12477,2024-04-16,0.38826594,-1,LVS
12478,2024-04-04,0.49288863,-1,EOG
12479,2024-04-09,0.4629151,-1,FANG
12480,2024-04-26,0.5498958,1,MCO
12481,2024-03-28,0.38088295,-1,RMD
12482,2024-05-17,0.6176528,1,J
12483,2024-04-17,0.6562826,1,AAPL
12484,2024-04-11,0.50263685,-1,ADSK
12485,2024-04-02,0.35095486,-1,KMX
12486,2024-04-24,0.4433083,-1,CZR
12487,2024-04-19,0.45189834,1,TSCO
12488,2024-04-11,0.38801372,-1,JBL
12489,2024-05-10,0.47285932,1,BLDR
12490,2024-05-20,0.513132,-1,CLX
12491,2024-04-02,0.32629368,-1,BAX
12492,2024-04-19,0.5325118,1,CBOE
12493,2024-04-18,0.5584872,-1,PFE
12494,2024-04-03,0.5422203,-1,LEN
12495,2024-05-14,0.42971307,1,MCK
12496,2024-05-02,0.48526305,1,BEN
12497,2024-04-11,0.5021864,-1,GM
12498,2024-04-15,0.47609583,1,TFC
12499,2024-05-10,0.47573808,1,FFIV
12500,2024-04-04,0.3388219,-1,TSN
12501,2024-05-21,0.61406595,-1,REGN
12502,2024-05-15,0.43611154,1,ANSS
12503,2024-05-15,0.39069462,-1,CE
12504,2024-04-16,0.51082397,1,VST
12505,2024-04-08,0.33528623,-1,BBWI
12506,2024-04-02,0.6039852,-1,REGN
12507,2024-04-01,0.6697385,1,AWK
12508,2024-04-26,0.5554775,-1,CPAY
12509,2024-04-26,0.5788778,1,PGR
12510,2024-05-06,0.2986825,1,BAC
12511,2024-04-05,0.44004232,-1,BIIB
12512,2024-04-22,0.47068512,-1,NWS
12513,2024-05-22,0.59801495,1,CVX
12514,2024-04-15,0.55714244,1,GPN
12515,2024-04-22,0.5737656,1,PODD
12516,2024-05-03,0.48559663,-1,MKC
12517,2024-04-22,0.45058703,1,QCOM
12518,2024-04-11,0.7943131,-1,TYL
12519,2024-05-14,0.41592982,-1,AEP
12520,2024-04-01,0.55663985,1,WELL
12521,2024-05-15,0.4389277,-1,ABBV
12522,2024-04-17,0.4650669,1,CDW
12523,2024-05-09,0.5944059,1,ANET
12524,2024-05-16,0.3734537,-1,WELL
12525,2024-05-20,0.37012914,-1,AOS
12526,2024-04-18,0.30794322,-1,MMM
12527,2024-05-16,0.648173,-1,TXT
12528,2024-05-02,0.2914409,1,SNPS
12529,2024-05-14,0.4974805,1,VLO
12530,2024-04-03,0.47357523,-1,CB
12531,2024-04-30,0.5155756,1,TDG
12532,2024-05-21,0.570987,-1,BR
12533,2024-05-01,0.56356657,1,HII
12534,2024-05-14,0.46493703,1,CINF
12535,2024-05-07,0.49926227,1,FIS
12536,2024-04-17,0.31042966,1,PNW
12537,2024-05-01,0.45175695,-1,UBER
12538,2024-04-25,0.39996126,-1,KHC
12539,2024-04-12,0.5148226,1,MO
12540,2024-05-22,0.4865522,1,AWK
12541,2024-04-29,0.5110321,1,LHX
12542,2024-04-24,0.41666803,1,AWK
12543,2024-04-12,0.45723987,1,KO
12544,2024-05-17,0.5483205,-1,WM
12545,2024-04-23,0.42056277,1,FE
12546,2024-05-13,0.63388604,-1,ADM
12547,2024-04-10,0.51642305,-1,PTC
12548,2024-05-23,0.39199996,-1,GWW
12549,2024-04-01,0.49367523,-1,LMT
12550,2024-04-04,0.42614293,-1,DRI
12551,2024-04-01,0.5306759,-1,HUBB
12552,2024-04-17,0.27756518,-1,DOW
12553,2024-03-28,0.20991172,-1,WRB
12554,2024-04-25,0.6259728,-1,MLM
12555,2024-05-08,0.53637785,1,MDT
12556,2024-04-26,0.55117786,1,STX
12557,2024-05-10,0.53700644,1,ROP
12558,2024-05-21,0.59373343,-1,KKR
12559,2024-05-10,0.122008674,1,AVGO
12560,2024-04-10,0.34832537,-1,ORCL
12561,2024-05-01,0.48056248,1,T
12562,2024-04-05,0.33434728,-1,DHR
12563,2024-05-22,0.51464987,1,OKE
12564,2024-04-03,0.055136688,-1,VRTX
12565,2024-05-03,0.4010579,1,CTAS
12566,2024-04-16,0.53981763,1,MRNA
12567,2024-05-03,0.5824496,1,ULTA
12568,2024-05-17,0.5072504,-1,RVTY
12569,2024-05-07,0.6575649,1,ZTS
12570,2024-04-09,0.41588533,-1,AMD
12571,2024-04-10,0.49905527,-1,VZ
12572,2024-05-10,0.563973,1,AKAM
12573,2024-05-02,0.32581967,1,PCAR
12574,2024-04-01,0.18396996,-1,AAL
12575,2024-04-12,0.48055238,-1,AXON
12576,2024-05-07,0.551965,1,POOL
12577,2024-04-09,0.43392235,-1,AMCR
12578,2024-04-16,0.46102855,1,MDLZ
12579,2024-04-25,0.49358484,1,STLD
12580,2024-04-03,0.4206449,1,EL
12581,2024-04-29,0.6002981,-1,BBY
12582,2024-05-01,0.46743324,1,DLR
12583,2024-04-01,0.5964845,1,GRMN
12584,2024-04-08,0.1025508,-1,ADM
12585,2024-05-14,0.5318684,-1,MRO
12586,2024-04-03,0.45654014,1,KLAC
12587,2024-05-03,0.45675814,-1,ROL
12588,2024-03-28,0.57529646,-1,CZR
12589,2024-05-01,0.43266124,1,ANET
12590,2024-04-16,0.604621,1,SPGI
12591,2024-05-15,0.6060997,-1,LVS
12592,2024-04-03,0.5514199,1,CHRW
12593,2024-05-14,0.54948914,-1,CSCO
12594,2024-04-30,0.5380368,-1,MMM
12595,2024-05-21,0.56918234,-1,NXPI
12596,2024-05-22,0.47561046,-1,AKAM
12597,2024-05-10,0.543942,1,RL
12598,2024-04-02,0.524096,-1,EPAM
12599,2024-04-10,0.45214108,-1,KMX
12600,2024-05-01,0.528687,-1,J
12601,2024-04-12,0.49804473,-1,AMAT
12602,2024-05-14,0.6640316,-1,MOH
12603,2024-05-06,0.554726,1,K
12604,2024-05-01,0.5436124,1,BIIB
12605,2024-04-19,0.36644438,-1,NWSA
12606,2024-05-17,0.4079006,-1,PARA
12607,2024-04-12,0.43826354,-1,MKTX
12608,2024-05-16,0.6980428,-1,HCA
12609,2024-04-26,0.4501761,-1,UNP
12610,2024-05-03,0.36901143,-1,KEY
12611,2024-04-05,0.57872057,-1,FSLR
12612,2024-04-10,0.66435474,-1,SPGI
12613,2024-03-28,0.540626,-1,GM
12614,2024-05-07,0.5169293,1,TRGP
12615,2024-05-06,0.43948197,1,XOM
12616,2024-05-01,0.52586764,1,KDP
12617,2024-05-09,0.4179998,1,UPS
12618,2024-05-20,0.22475067,-1,PYPL
12619,2024-04-01,0.47102892,1,INTU
12620,2024-05-01,0.44966003,1,COP
12621,2024-05-02,0.551642,1,DOV
12622,2024-05-01,0.801278,1,CVX
12623,2024-05-21,0.701282,1,BBWI
12624,2024-04-01,0.42374784,1,BBY
12625,2024-04-12,0.4703346,1,SYY
12626,2024-05-23,0.5124232,-1,UNH
12627,2024-04-15,0.2752781,1,AON
12628,2024-04-12,0.47922802,-1,TRGP
12629,2024-04-11,0.48232168,1,NI
12630,2024-04-19,0.5250169,1,HWM
12631,2024-04-26,0.60741836,1,UDR
12632,2024-04-11,0.37333637,1,GNRC
12633,2024-04-30,0.4445508,-1,HRL
12634,2024-04-02,0.5721889,-1,AON
12635,2024-04-15,0.38733277,1,CPAY
12636,2024-05-23,0.47241724,1,FOXA
12637,2024-04-11,0.2878801,-1,TMO
12638,2024-04-09,0.44736633,-1,OKE
12639,2024-04-12,0.3764136,1,IPG
12640,2024-05-09,0.53731096,1,FTV
12641,2024-04-10,0.4647207,-1,PSA
12642,2024-04-22,0.43455514,1,AMAT
12643,2024-05-13,0.13931333,1,BALL
12644,2024-04-04,0.42568052,-1,LDOS
12645,2024-05-22,0.68217194,1,PH
12646,2024-04-01,0.10548518,1,F
12647,2024-05-16,0.56173795,-1,TFX
12648,2024-04-18,0.4470078,1,ON
12649,2024-05-13,0.3842734,1,CRM
12650,2024-04-17,0.44228673,1,AVGO
12651,2024-04-30,0.6342318,1,UNP
12652,2024-05-14,0.60473317,-1,BLDR
12653,2024-05-07,0.44107118,-1,TGT
12654,2024-04-03,0.4776766,1,CRWD
12655,2024-05-10,0.49811864,1,GEN
12656,2024-04-16,0.6514961,1,PSA
12657,2024-05-20,0.5544698,-1,MAR
12658,2024-04-09,0.44759446,-1,NWS
12659,2024-05-17,0.4321487,-1,AVB
12660,2024-04-22,0.35100567,-1,PANW
12661,2024-04-26,0.30173725,-1,HAL
12662,2024-04-02,0.55471843,-1,LRCX
12663,2024-05-15,0.5309635,-1,AEP
12664,2024-05-22,0.49736276,-1,SMCI
12665,2024-05-14,0.46256512,-1,SO
12666,2024-04-10,0.46496567,-1,APA
12667,2024-04-29,0.5034609,1,EW
12668,2024-04-19,0.4328001,1,ROL
12669,2024-05-20,0.5400636,-1,FFIV
12670,2024-05-01,0.5458085,1,CFG
12671,2024-05-03,0.5302256,-1,AMZN
12672,2024-05-17,0.6518323,-1,REG
12673,2024-05-15,0.5107219,-1,IQV
12674,2024-05-15,0.49020702,1,ELV
12675,2024-05-15,0.650528,-1,DLR
12676,2024-04-02,0.49286902,-1,CDW
12677,2024-04-02,0.64351666,-1,LVS
12678,2024-04-10,0.54482853,-1,LH
12679,2024-05-17,0.47385612,-1,C
12680,2024-05-08,0.2434676,1,CPB
12681,2024-05-14,0.69284743,-1,BIO
12682,2024-04-02,0.4797022,1,OXY
12683,2024-04-01,0.46238077,-1,TJX
12684,2024-05-09,0.47428825,1,ATO
12685,2024-05-10,0.5788636,1,GWW
12686,2024-04-25,0.41972494,1,FITB
12687,2024-05-09,0.52318865,-1,CMCSA
12688,2024-05-20,0.65557176,-1,AVY
12689,2024-05-20,0.44179443,-1,EXC
12690,2024-04-04,0.37906748,-1,PFE
12691,2024-04-03,0.45188394,-1,TRV
12692,2024-05-16,0.51633656,-1,NSC
12693,2024-05-16,0.38567477,-1,ATO
12694,2024-05-17,0.34249148,-1,CVX
12695,2024-04-17,0.4885155,1,VICI
12696,2024-05-20,0.6761152,-1,LH
12697,2024-05-10,0.5382647,-1,UPS
12698,2024-04-25,0.54376477,1,KIM
12699,2024-04-10,0.46878237,-1,SLB
12700,2024-04-10,0.5822176,-1,TPR
12701,2024-04-09,0.36381903,-1,IPG
12702,2024-04-22,0.49769723,-1,ETR
12703,2024-05-06,0.5325748,1,FDS
12704,2024-05-13,0.42744166,1,DFS
12705,2024-05-17,0.48424625,-1,ORCL
12706,2024-04-10,0.5399229,-1,TAP
12707,2024-05-13,0.55504644,1,AON
12708,2024-05-14,0.61237234,1,IPG
12709,2024-05-07,0.46224862,-1,DVN
12710,2024-05-09,0.57086736,-1,AOS
12711,2024-05-01,0.6160762,-1,DRI
12712,2024-05-21,0.5283396,-1,SO
12713,2024-05-16,0.5607111,-1,ADBE
12714,2024-05-07,0.4619154,1,DTE
12715,2024-04-26,0.56551516,-1,REG
12716,2024-04-25,0.4368503,1,UDR
12717,2024-05-02,0.4620666,1,LMT
12718,2024-04-16,0.4721439,1,CHRW
12719,2024-04-03,0.446448,-1,CFG
12720,2024-05-16,0.57762074,1,NCLH
12721,2024-04-04,0.3293923,-1,ATO
12722,2024-05-15,0.49156377,-1,CPB
12723,2024-05-09,0.6500672,-1,COF
12724,2024-04-10,0.43068936,1,PGR
12725,2024-04-09,0.6304861,-1,MDT
12726,2024-04-24,0.6940325,-1,LULU
12727,2024-04-23,0.41687492,-1,ABNB
12728,2024-05-15,0.5560979,-1,EXPE
12729,2024-04-01,0.5000459,-1,PARA
12730,2024-05-16,0.44177696,-1,TSN
12731,2024-05-09,0.49603143,-1,WFC
12732,2024-05-13,0.34417298,1,O
12733,2024-05-01,0.49372506,1,CSX
12734,2024-04-10,0.43201208,1,CMS
12735,2024-05-10,0.48615983,-1,RJF
12736,2024-04-03,0.52268517,-1,ZBH
12737,2024-05-03,0.49263358,1,AME
12738,2024-05-01,0.4377071,-1,FTNT
12739,2024-05-06,0.46803248,1,RVTY
12740,2024-05-15,0.60719544,-1,SWK
12741,2024-04-26,0.5577436,1,MCHP
12742,2024-04-03,0.27505317,-1,ETR
12743,2024-05-20,0.44835347,-1,SCHW
12744,2024-04-19,0.4589203,1,BALL
12745,2024-04-10,0.35063088,1,GPC
12746,2024-05-17,0.2380438,-1,ATO
12747,2024-05-23,0.36343065,1,GM
12748,2024-05-15,0.32527274,-1,BMY
12749,2024-04-05,0.73430187,-1,CAH
12750,2024-05-06,0.44532034,1,BMY
12751,2024-04-16,0.4653591,1,MSI
12752,2024-05-21,0.50670236,-1,GPN
12753,2024-04-15,0.47405067,1,EXC
12754,2024-04-18,0.42546558,-1,MSCI
12755,2024-05-15,0.46694398,-1,FTNT
12756,2024-04-29,0.53296405,1,GDDY
12757,2024-05-07,0.56087375,-1,LVS
12758,2024-04-04,0.49266106,-1,BALL
12759,2024-04-22,0.3903982,1,DGX
12760,2024-05-22,0.40233323,1,ES
12761,2024-04-02,0.5932245,-1,CCI
12762,2024-04-30,0.6026446,1,SHW
12763,2024-05-08,0.43186933,-1,DE
12764,2024-04-08,0.54351175,-1,FOXA
12765,2024-04-08,0.44313508,-1,EMR
12766,2024-05-17,0.448986,-1,ALLE
12767,2024-03-28,0.4455962,1,MAR
12768,2024-04-18,0.46595484,1,KLAC
12769,2024-05-14,0.6446996,-1,CMCSA
12770,2024-05-20,0.45893484,-1,HUM
12771,2024-05-16,0.51766956,-1,AXON
12772,2024-04-18,0.46665648,1,EOG
12773,2024-05-16,0.34563887,1,SYK
12774,2024-04-15,0.38152635,1,PPL
12775,2024-04-29,0.53407896,1,DD
12776,2024-05-01,0.3567237,-1,RMD
12777,2024-05-07,0.24005158,1,C
12778,2024-05-14,0.5079083,1,INCY
12779,2024-05-06,0.55033237,1,JCI
12780,2024-05-17,0.50217104,-1,ANET
12781,2024-04-12,0.5178742,1,SJM
12782,2024-04-09,0.65171134,-1,EXR
12783,2024-03-28,0.49611512,-1,AMD
12784,2024-04-29,0.5438453,1,BWA
12785,2024-04-02,0.5109035,-1,STT
12786,2024-04-25,0.47707233,1,RJF
12787,2024-04-25,0.37525696,-1,DVN
12788,2024-05-03,0.6777229,1,DTE
12789,2024-04-01,0.5808398,1,ETR
12790,2024-05-07,0.48018542,1,MRK
12791,2024-05-08,0.4807068,-1,FI
12792,2024-05-07,0.47706476,-1,GE
12793,2024-04-22,0.5704535,-1,GEN
12794,2024-04-26,0.27640307,-1,OMC
12795,2024-04-01,0.2489304,1,BX
12796,2024-04-12,0.44435704,1,KMI
12797,2024-05-02,0.44961458,1,NTAP
12798,2024-04-10,0.47288418,-1,ROK
12799,2024-05-09,0.57750297,1,RF
12800,2024-05-02,0.5630999,1,ETSY
12801,2024-03-28,0.55103195,-1,DECK
12802,2024-05-13,0.5027152,-1,AIG
12803,2024-05-13,0.4811913,1,RCL
12804,2024-04-04,0.67009515,-1,MU
12805,2024-05-17,0.53844386,-1,APA
12806,2024-04-23,0.48712912,1,CNP
12807,2024-04-23,0.38214692,-1,SNPS
12808,2024-05-13,0.545486,-1,IQV
12809,2024-04-01,0.48601037,-1,CMS
12810,2024-05-01,0.37544566,1,GD
12811,2024-04-10,0.31929106,-1,KMB
12812,2024-04-02,0.51583403,-1,JBHT
12813,2024-05-09,0.22160272,1,CNP
12814,2024-05-21,0.49313867,-1,SHW
12815,2024-05-08,0.29139104,1,KVUE
12816,2024-04-08,0.43472528,1,WMT
12817,2024-05-08,0.5234001,1,EQIX
12818,2024-05-15,0.48990637,-1,PNR
12819,2024-05-09,0.50354725,1,PODD
12820,2024-04-01,0.5427246,-1,OKE
12821,2024-04-17,0.42984903,-1,VRSN
12822,2024-04-18,0.53231585,-1,STLD
12823,2024-04-24,0.3981202,1,TDG
12824,2024-04-15,0.47850886,1,DECK
12825,2024-05-10,0.48500818,1,LLY
12826,2024-04-08,0.53598374,-1,HIG
12827,2024-04-09,0.6529931,-1,NOC
12828,2024-04-11,0.38181347,-1,VRSN
12829,2024-04-05,0.34119186,-1,TECH
12830,2024-04-25,0.2577389,1,MRNA
12831,2024-04-02,0.57606846,-1,BX
12832,2024-04-26,0.48252568,-1,NKE
12833,2024-04-19,0.4788613,1,MPC
12834,2024-04-02,0.5224511,-1,PNR
12835,2024-04-29,0.5865698,1,DLR
12836,2024-05-10,0.7045361,1,STX
12837,2024-04-30,0.44003668,-1,OXY
12838,2024-04-11,0.37506217,-1,PKG
12839,2024-03-28,0.30832455,1,CPAY
12840,2024-04-01,0.4854577,-1,PCAR
12841,2024-04-11,0.38756877,1,WRB
12842,2024-04-11,0.20467399,-1,IEX
12843,2024-05-21,0.5466389,-1,HES
12844,2024-04-25,0.22137456,1,NTRS
12845,2024-04-26,0.22875762,-1,XOM
12846,2024-05-08,0.5933793,-1,DOW
12847,2024-03-28,0.5572309,1,WDC
12848,2024-04-29,0.48399824,1,NTAP
12849,2024-04-26,0.54299176,1,VLTO
12850,2024-05-08,0.45250326,-1,BAX
12851,2024-05-09,0.34104925,1,PEP
12852,2024-05-22,0.52228636,-1,MCHP
12853,2024-05-09,0.6990952,-1,SYY
12854,2024-04-26,0.5188555,1,ETN
12855,2024-04-11,0.3087349,-1,CDW
12856,2024-05-03,0.37199894,1,DUK
12857,2024-04-19,0.48567656,1,RVTY
12858,2024-05-20,0.42362905,-1,ALL
12859,2024-04-18,0.25299212,1,DOV
12860,2024-04-30,0.484482,1,A
12861,2024-04-24,0.49085122,1,SRE
12862,2024-05-14,0.52026165,1,MPWR
12863,2024-04-09,0.6478766,-1,TAP
12864,2024-04-04,0.5626122,-1,HPQ
12865,2024-04-17,0.38942575,1,RVTY
12866,2024-04-09,0.60140795,-1,CAH
12867,2024-05-02,0.51172227,1,SCHW
12868,2024-04-29,0.5394578,1,MCK
12869,2024-05-08,0.5298893,-1,MKC
12870,2024-04-16,0.36903945,-1,AVGO
12871,2024-04-01,0.45963293,1,GDDY
12872,2024-05-03,0.5136702,1,IPG
12873,2024-04-30,0.4521955,1,LEN
12874,2024-04-12,0.47811955,-1,COP
12875,2024-05-06,0.52824813,-1,NSC
12876,2024-04-23,0.45200095,-1,IPG
12877,2024-05-02,0.5529438,1,CNC
12878,2024-05-23,0.5871427,-1,AAL
12879,2024-04-05,0.51745445,-1,LLY
12880,2024-05-02,0.38219446,-1,KHC
12881,2024-04-19,0.28646377,1,DGX
12882,2024-05-10,0.61351645,-1,MOH
12883,2024-04-24,0.42797694,-1,SNA
12884,2024-05-10,0.48587078,1,MRNA
12885,2024-04-15,0.35045996,1,AEE
12886,2024-05-13,0.43036366,-1,ABT
12887,2024-05-13,0.5219954,1,HAS
12888,2024-04-10,0.6339981,1,GS
12889,2024-05-21,0.6658882,1,ISRG
12890,2024-05-22,0.53609383,1,EXC
12891,2024-03-28,0.4483257,-1,POOL
12892,2024-05-01,0.49433985,1,DXCM
12893,2024-05-22,0.6756176,1,NWSA
12894,2024-05-08,0.5301303,-1,UNP
12895,2024-04-03,0.48734874,-1,NCLH
12896,2024-04-03,0.4714962,-1,UAL
12897,2024-05-07,0.50094837,1,CB
12898,2024-05-16,0.39105824,1,NVDA
12899,2024-04-02,0.5655976,-1,AVY
12900,2024-04-26,0.82474935,-1,ITW
12901,2024-05-23,0.55047214,-1,URI
12902,2024-04-22,0.5659746,1,NOC
12903,2024-04-04,0.425327,-1,POOL
12904,2024-04-01,0.58465415,1,ZTS
12905,2024-05-17,0.3742804,1,ADI
12906,2024-05-03,0.5919156,-1,CBOE
12907,2024-05-02,0.4168473,1,RF
12908,2024-05-21,0.55546165,1,LEN
12909,2024-04-10,0.2936293,-1,WBD
12910,2024-05-01,0.5458771,1,EXC
12911,2024-04-04,0.48317492,-1,EMN
12912,2024-04-03,0.5046524,1,FIS
12913,2024-05-01,0.5588592,1,BEN
12914,2024-04-04,0.44390446,1,GOOGL
12915,2024-03-28,0.5404942,-1,AAPL
12916,2024-04-09,0.58078223,-1,ETSY
12917,2024-04-12,0.56329465,-1,NOW
12918,2024-04-23,0.46300626,-1,TRMB
12919,2024-04-05,0.6082604,-1,DUK
12920,2024-03-28,0.40664837,1,PEG
12921,2024-04-04,0.3621441,-1,BRO
12922,2024-05-01,0.5336543,1,BRO
12923,2024-04-09,0.627903,-1,HAS
12924,2024-05-21,0.35843933,-1,APH
12925,2024-04-04,0.24661368,1,NOC
12926,2024-05-08,0.61315763,-1,MNST
12927,2024-05-03,0.43721372,-1,EQT
12928,2024-05-03,0.46117732,1,CE
12929,2024-05-14,0.39755884,-1,ROST
12930,2024-05-23,0.46327436,-1,PEG
12931,2024-05-07,0.5044218,-1,LYB
12932,2024-05-03,0.10614199,1,NTAP
12933,2024-05-20,0.4670459,-1,PCAR
12934,2024-04-08,0.5781826,-1,HES
12935,2024-05-14,0.6292085,-1,CZR
12936,2024-05-15,0.55226505,1,VST
12937,2024-04-19,0.5038179,1,ED
12938,2024-04-23,0.5099199,-1,TEL
12939,2024-04-08,0.5039304,-1,TYL
12940,2024-05-15,0.45783833,-1,BWA
12941,2024-05-14,0.53311175,-1,BIIB
12942,2024-04-30,0.5322723,-1,CVS
12943,2024-04-29,0.6160527,1,EFX
12944,2024-04-16,0.49662313,1,GE
12945,2024-03-28,0.23621331,1,ALB
12946,2024-05-01,0.34795398,1,ECL
12947,2024-05-22,0.6223266,1,CBRE
12948,2024-04-23,0.39352253,-1,GIS
12949,2024-05-16,0.5620503,1,PKG
12950,2024-05-03,0.5363324,1,MHK
12951,2024-05-17,0.47112474,-1,AIG
12952,2024-04-02,0.4562447,-1,HCA
12953,2024-05-17,0.49079853,-1,CMCSA
12954,2024-05-02,0.46765363,1,EG
12955,2024-05-08,0.4807392,-1,CAT
12956,2024-05-21,0.45309535,-1,SCHW
12957,2024-04-29,0.7355357,1,INTU
12958,2024-04-16,0.5064668,-1,WRB
12959,2024-04-04,0.48314407,1,WBD
12960,2024-04-10,0.44685334,-1,ZBRA
12961,2024-05-03,0.5017107,-1,EOG
12962,2024-05-06,0.49317348,1,NXPI
12963,2024-04-29,0.43888953,-1,CPB
12964,2024-04-10,0.5001144,-1,EOG
12965,2024-05-22,0.54235566,1,MSCI
12966,2024-05-09,0.39122874,1,CTRA
12967,2024-04-03,0.4402082,1,DPZ
12968,2024-04-08,0.42476547,1,CHD
12969,2024-04-04,0.46778226,-1,AVY
12970,2024-04-09,0.4502204,-1,MCK
12971,2024-04-02,0.43680412,1,IFF
12972,2024-04-30,0.34139663,1,CVX
12973,2024-04-23,0.44472715,-1,BSX
12974,2024-05-15,0.72641724,-1,HII
12975,2024-05-14,0.5138486,-1,STE
12976,2024-04-17,0.41722664,-1,ENPH
12977,2024-04-02,0.65871114,-1,FRT
12978,2024-04-11,0.29572245,1,CI
12979,2024-04-25,0.5233147,1,J
12980,2024-05-23,0.4375813,-1,META
12981,2024-04-12,0.48513594,1,WBD
12982,2024-04-17,0.56415856,1,GPN
12983,2024-04-11,0.39742944,1,EVRG
12984,2024-04-22,0.37898296,-1,WRB
12985,2024-04-25,0.46641707,-1,IDXX
12986,2024-03-28,0.37867424,-1,CTSH
12987,2024-05-20,0.520289,-1,FAST
12988,2024-04-25,0.41020656,-1,TPR
12989,2024-05-10,0.5468639,-1,VTRS
12990,2024-04-03,0.45759705,-1,LIN
12991,2024-04-10,0.33734548,-1,INTU
12992,2024-05-07,0.33751222,-1,ACGL
12993,2024-05-06,0.6425057,1,ON
12994,2024-04-08,0.4713655,-1,STE
12995,2024-04-24,0.44006824,1,QCOM
12996,2024-05-08,0.62728995,1,AVB
12997,2024-04-16,0.49090192,1,MCD
12998,2024-04-22,0.47792274,-1,AON
12999,2024-04-25,0.3792364,-1,WAB
13000,2024-04-09,0.48649696,-1,GE
13001,2024-05-06,0.4894406,1,SLB
13002,2024-04-30,0.21042787,1,TFC
13003,2024-04-04,0.457105,-1,DOC
13004,2024-05-22,0.511684,-1,ORCL
13005,2024-05-10,0.40703362,1,ETSY
13006,2024-05-15,0.5085541,-1,NUE
13007,2024-04-23,0.2627473,-1,LRCX
13008,2024-04-23,0.42387,-1,UAL
13009,2024-05-06,0.49540856,1,NCLH
13010,2024-04-30,0.52854043,1,NFLX
13011,2024-04-26,0.5474084,-1,MPC
13012,2024-05-17,0.40204883,-1,AEE
13013,2024-04-26,0.5258028,-1,PSX
13014,2024-05-06,0.57925916,1,MKTX
13015,2024-04-10,0.3680453,-1,ARE
13016,2024-04-24,0.58826846,1,DVA
13017,2024-04-04,0.57738113,-1,AZO
13018,2024-04-30,0.5249332,-1,BIO
13019,2024-04-05,0.5211025,1,HOLX
13020,2024-05-17,0.41401303,-1,STT
13021,2024-04-16,0.62642634,1,PANW
13022,2024-04-23,0.57023793,1,TXN
13023,2024-04-25,0.26668096,1,LYV
13024,2024-04-30,0.5344541,1,ROP
13025,2024-04-24,0.47991353,-1,CPAY
13026,2024-05-23,0.4352271,1,AMCR
13027,2024-04-16,0.38317966,1,CF
13028,2024-05-02,0.4689438,1,STZ
13029,2024-04-17,0.63989145,1,JNJ
13030,2024-04-17,0.48311943,1,VLTO
13031,2024-04-18,0.4612809,1,TTWO
13032,2024-04-23,0.5106432,-1,NDAQ
13033,2024-04-11,0.49929756,-1,TFX
13034,2024-04-10,0.5146484,1,KDP
13035,2024-04-25,0.14566293,-1,MOS
13036,2024-05-21,0.57454187,-1,EQT
13037,2024-04-24,0.5031272,-1,TMO
13038,2024-04-04,0.5471702,-1,CHD
13039,2024-04-26,0.51597786,1,DHR
13040,2024-05-07,0.4679499,1,AEP
13041,2024-04-16,0.5192552,-1,CRM
13042,2024-04-18,0.09953466,1,MCK
13043,2024-05-20,0.4753597,-1,STZ
13044,2024-05-03,0.48952967,1,LDOS
13045,2024-04-02,0.4697927,1,NEE
13046,2024-04-18,0.007293178,1,WELL
13047,2024-04-05,0.6408802,-1,MDLZ
13048,2024-05-21,0.4856381,1,AAPL
13049,2024-04-18,0.49128127,1,COST
13050,2024-04-19,0.32134435,-1,TEL
13051,2024-05-23,0.5601884,1,LHX
13052,2024-05-01,0.37276074,1,LEN
13053,2024-04-19,0.37613916,1,MPWR
13054,2024-05-20,0.50130224,1,NTAP
13055,2024-04-26,0.6455116,1,BLDR
13056,2024-04-22,0.39898953,-1,SPG
13057,2024-05-21,0.48686302,-1,MAR
13058,2024-04-03,0.4072631,-1,GD
13059,2024-04-18,0.36863732,1,MS
13060,2024-05-03,0.49629703,1,HUBB
13061,2024-05-17,0.49050513,1,NEE
13062,2024-05-13,0.47076076,1,LHX
13063,2024-04-19,0.2225959,-1,ORLY
13064,2024-04-01,0.6171214,1,ON
13065,2024-03-28,0.44768944,1,EQR
13066,2024-05-13,0.5198603,1,DHI
13067,2024-05-15,0.5403378,1,CNC
13068,2024-04-17,0.4463664,1,AMAT
13069,2024-05-08,0.39887172,-1,L
13070,2024-04-01,0.3429472,1,CARR
13071,2024-04-18,0.58229905,1,FRT
13072,2024-04-11,0.40782928,1,LNT
13073,2024-05-22,0.24168885,-1,STX
13074,2024-04-01,0.37274238,-1,ITW
13075,2024-05-03,0.661537,1,CSCO
13076,2024-05-03,0.44161496,-1,INTU
13077,2024-04-10,0.5009599,-1,NWSA
13078,2024-05-02,0.51560295,1,VZ
13079,2024-05-08,0.5339304,1,NWS
13080,2024-05-22,0.5372738,1,WM
13081,2024-04-22,0.5340906,1,CHRW
13082,2024-04-04,0.4826194,-1,ABBV
13083,2024-05-22,0.4674903,1,CNP
13084,2024-04-08,0.4463069,-1,IFF
13085,2024-04-23,0.540506,-1,CPRT
13086,2024-04-08,0.33444372,-1,IDXX
13087,2024-04-11,0.57276875,-1,HSIC
13088,2024-05-06,0.5423075,1,TRV
13089,2024-04-15,0.40060034,1,A
13090,2024-05-10,0.53203654,-1,CSX
13091,2024-05-20,0.31455296,-1,DOV
13092,2024-04-03,0.3994694,-1,MKC
13093,2024-04-02,0.50295377,-1,FICO
13094,2024-04-25,0.44693327,1,AES
13095,2024-05-23,0.52077794,-1,CMG
13096,2024-04-29,0.5125663,1,CSGP
13097,2024-05-23,0.40930283,-1,AMP
13098,2024-05-02,0.52134645,1,KEYS
13099,2024-04-09,0.47395393,-1,CTAS
13100,2024-04-16,0.5368136,1,GILD
13101,2024-05-01,0.46048218,1,AIZ
13102,2024-05-02,0.45948866,1,MCK
13103,2024-05-23,0.45374805,1,AAPL
13104,2024-04-24,0.55527335,-1,GPN
13105,2024-05-13,0.3797151,-1,CAH
13106,2024-04-12,0.35200927,-1,ALGN
13107,2024-05-17,0.79371727,-1,GL
13108,2024-05-07,0.46887195,1,PYPL
13109,2024-05-14,0.5447858,-1,NEM
13110,2024-04-03,0.2158998,-1,SLB
13111,2024-04-18,0.42146784,1,PHM
13112,2024-05-16,0.34430888,-1,GOOG
13113,2024-05-08,0.5464302,1,IVZ
13114,2024-04-01,0.38442206,-1,MKC
13115,2024-04-08,0.5011527,1,SMCI
13116,2024-04-22,0.37096053,1,TRMB
13117,2024-04-24,0.5420938,-1,DRI
13118,2024-04-10,0.451887,-1,STT
13119,2024-05-21,0.5192281,-1,AMCR
13120,2024-04-25,0.28949106,1,ATO
13121,2024-05-09,0.46104014,1,GOOG
13122,2024-04-09,0.57307434,-1,BKNG
13123,2024-04-16,0.65444463,1,JNJ
13124,2024-04-12,0.49311763,-1,SNPS
13125,2024-04-24,0.3383977,-1,CNC
13126,2024-05-13,0.4024467,1,SRE
13127,2024-04-03,0.6041249,-1,GEN
13128,2024-05-02,0.40565637,1,AVB
13129,2024-05-23,0.49780884,1,RL
13130,2024-04-01,0.27026334,1,HBAN
13131,2024-05-15,0.51950973,-1,IFF
13132,2024-05-01,0.5142048,1,WFC
13133,2024-05-10,0.5505942,1,DRI
13134,2024-05-09,0.5963437,1,AFL
13135,2024-05-03,0.6059357,1,WBA
13136,2024-05-06,0.21469595,1,CAG
13137,2024-04-18,0.19743392,1,IQV
13138,2024-04-11,0.34871253,1,CLX
13139,2024-04-08,0.5381758,-1,MCO
13140,2024-04-19,0.480617,-1,UAL
13141,2024-04-05,0.48895052,-1,ULTA
13142,2024-04-08,0.28964204,1,LW
13143,2024-04-02,0.24447282,-1,STE
13144,2024-03-28,0.3712151,-1,NVR
13145,2024-04-10,0.39044836,-1,TEL
13146,2024-05-07,0.51311606,1,AAL
13147,2024-05-22,0.45899424,1,WDC
13148,2024-04-05,0.40774557,-1,TJX
13149,2024-04-11,0.421457,1,WM
13150,2024-04-01,0.18214172,1,ROK
13151,2024-04-16,0.53680426,1,IBM
13152,2024-04-02,0.33270922,-1,WAT
13153,2024-04-12,0.38980037,-1,ALB
13154,2024-05-16,0.48522893,-1,WMB
13155,2024-04-16,0.6124022,1,TFC
13156,2024-04-12,0.30817443,-1,MOS
13157,2024-04-22,0.4861358,1,CL
13158,2024-05-07,0.5623449,1,IVZ
13159,2024-04-04,0.36581635,-1,PTC
13160,2024-05-23,0.6683788,1,LKQ
13161,2024-05-03,0.5226651,1,MOS
13162,2024-05-09,0.48402172,1,XOM
13163,2024-05-02,0.5123365,1,LOW
13164,2024-04-18,0.46609697,-1,BBY
13165,2024-05-08,0.4256234,-1,DPZ
13166,2024-04-03,0.6020207,1,HAS
13167,2024-05-14,0.50997865,-1,MDLZ
13168,2024-04-19,0.52880645,1,MOS
13169,2024-04-03,0.44881415,-1,WRB
13170,2024-04-26,0.46309248,1,WRB
13171,2024-05-23,0.47492963,-1,LYV
13172,2024-05-10,0.61448216,-1,CRL
13173,2024-04-01,0.2921699,1,IFF
13174,2024-04-11,0.47773296,1,MO
13175,2024-05-14,0.43676156,-1,EQIX
13176,2024-04-17,0.40620676,1,PNR
13177,2024-04-19,0.2459568,-1,CME
13178,2024-05-21,0.5144094,-1,KEYS
13179,2024-04-11,0.42799345,-1,FAST
13180,2024-05-20,0.34108552,1,CRWD
13181,2024-04-11,0.5161275,-1,CPAY
13182,2024-04-24,0.6365233,-1,CF
13183,2024-05-07,0.46677214,1,UBER
13184,2024-05-15,0.47469217,1,WAB
13185,2024-04-22,0.47686118,1,WEC
13186,2024-05-23,0.47671753,-1,GRMN
13187,2024-05-08,0.3831813,1,CSCO
13188,2024-05-14,0.47742897,-1,MU
13189,2024-04-05,0.5763366,-1,INCY
13190,2024-04-01,0.5167648,-1,HD
13191,2024-05-09,0.3074524,-1,CSX
13192,2024-05-03,0.4408299,1,GNRC
13193,2024-05-14,0.6316229,1,ROP
13194,2024-05-20,0.58200777,-1,STLD
13195,2024-04-05,0.3011275,-1,MGM
13196,2024-05-03,0.5678855,1,FAST
13197,2024-05-15,0.31250194,-1,KHC
13198,2024-04-03,0.5161434,-1,TDY
13199,2024-04-23,0.4711513,1,DD
13200,2024-04-16,0.4652135,1,MO
13201,2024-05-07,0.56481814,-1,VTRS
13202,2024-04-09,0.34194702,-1,EQIX
13203,2024-04-04,0.52160573,-1,ZBH
13204,2024-05-23,0.4575968,1,TTWO
13205,2024-04-08,0.4934596,-1,AEP
13206,2024-05-15,0.8821898,-1,FDS
13207,2024-05-17,0.4992802,-1,TSCO
13208,2024-05-06,0.19677319,-1,LLY
13209,2024-04-09,0.48629814,-1,VLO
13210,2024-04-22,0.55378115,1,KHC
13211,2024-04-12,0.46188644,-1,CRL
13212,2024-04-26,0.4840736,1,AOS
13213,2024-05-08,0.5630269,1,DLTR
13214,2024-04-03,0.54397273,1,VTR
13215,2024-03-28,0.2839011,-1,COO
13216,2024-05-02,0.07412729,1,HRL
13217,2024-05-03,0.67709196,1,IQV
13218,2024-05-08,0.49603614,-1,LOW
13219,2024-05-17,0.36837026,-1,VZ
13220,2024-05-07,0.44454354,1,VRSK
13221,2024-04-19,0.55131215,1,AMGN
13222,2024-05-06,0.48697874,1,MSCI
13223,2024-04-19,0.49461657,1,JBL
13224,2024-04-05,0.5512865,-1,WBD
13225,2024-05-01,0.6141143,1,UDR
13226,2024-04-04,0.5848603,-1,AMGN
13227,2024-05-23,0.5003903,1,COR
13228,2024-05-15,0.4969532,-1,STE
13229,2024-04-23,0.5069329,1,APD
13230,2024-04-16,0.7307918,1,MCO
13231,2024-05-03,0.5574165,1,EG
13232,2024-05-09,0.69373196,1,PSA
13233,2024-05-15,0.51726794,1,ECL
13234,2024-05-17,0.5485488,-1,HD
13235,2024-04-23,0.5424246,-1,PM
13236,2024-04-26,0.77422225,1,AMCR
13237,2024-04-25,0.28329796,-1,CF
13238,2024-04-19,0.31073663,1,ETSY
13239,2024-04-10,0.50225526,-1,FFIV
13240,2024-05-21,0.57327247,-1,AMP
13241,2024-04-17,0.24648312,1,SO
13242,2024-04-03,0.4027789,-1,HII
13243,2024-05-14,0.28417435,1,ISRG
13244,2024-05-10,0.45270845,1,SBAC
13245,2024-04-25,0.46370187,1,LVS
13246,2024-05-06,0.37073866,1,VTR
13247,2024-04-24,0.5101357,-1,MTCH
13248,2024-04-17,0.46813974,-1,SMCI
13249,2024-04-22,0.3162197,-1,WAT
13250,2024-05-08,0.50420123,-1,CME
13251,2024-05-01,0.5099597,1,ADI
13252,2024-04-08,0.42920256,-1,CSGP
13253,2024-05-01,0.5129703,1,WTW
13254,2024-03-28,0.4467875,1,ETN
13255,2024-05-13,0.55801475,1,AAPL
13256,2024-04-16,0.5251154,1,HCA
13257,2024-05-06,0.52107906,-1,PWR
13258,2024-04-25,0.46806327,1,PRU
13259,2024-04-24,0.38374564,-1,PH
13260,2024-05-01,0.6206682,1,EIX
13261,2024-03-28,0.42197484,-1,GPN
13262,2024-05-13,0.5856316,-1,FAST
13263,2024-04-03,0.40313378,1,ESS
13264,2024-04-23,0.39025998,-1,EXPE
13265,2024-04-15,0.08178619,1,TMUS
13266,2024-05-03,0.6323675,1,TEL
13267,2024-04-11,0.50424236,-1,INCY
13268,2024-04-01,0.2850079,1,OXY
13269,2024-04-05,0.1416603,-1,RF
13270,2024-05-01,0.5029114,1,PANW
13271,2024-05-10,0.5328992,-1,ULTA
13272,2024-05-08,0.43037337,1,HLT
13273,2024-05-06,0.65259343,1,WBA
13274,2024-04-17,0.65473336,1,ROST
13275,2024-05-02,0.576433,1,TRV
13276,2024-04-29,0.66953975,1,FTV
13277,2024-05-20,0.4972272,-1,ANET
13278,2024-04-23,0.46109244,1,A
13279,2024-05-02,0.3308717,-1,FRT
13280,2024-04-22,0.50173724,-1,MOH
13281,2024-04-18,0.261353,-1,EG
13282,2024-05-23,0.43345398,-1,FITB
13283,2024-04-24,0.49936083,1,PG
13284,2024-05-20,0.45196623,-1,FTNT
13285,2024-04-08,0.46132562,-1,GD
13286,2024-05-13,0.42306736,-1,FITB
13287,2024-05-02,0.4544698,-1,TTWO
13288,2024-04-26,0.42209134,1,C
13289,2024-04-01,0.50622237,-1,DIS
13290,2024-05-17,0.22544062,-1,MO
13291,2024-04-23,0.55964476,-1,NVR
13292,2024-05-20,0.53580374,-1,CTSH
13293,2024-04-11,0.4378183,1,FCX
13294,2024-05-15,0.5538256,-1,CNP
13295,2024-05-01,0.5036525,1,CI
13296,2024-05-02,0.408258,1,REG
13297,2024-04-01,0.2722318,1,FITB
13298,2024-04-10,0.62232345,-1,BIO
13299,2024-05-23,0.48681012,1,MHK
13300,2024-05-01,0.46624658,1,GLW
13301,2024-04-09,0.29434672,-1,PWR
13302,2024-04-12,0.44954637,1,AEE
13303,2024-04-24,0.43450573,1,LHX
13304,2024-05-15,0.35090643,-1,BG
13305,2024-04-03,0.31498381,1,MTCH
13306,2024-05-17,0.7715801,1,ZBRA
13307,2024-05-14,0.47069418,1,ADP
13308,2024-04-15,0.49458438,1,WAB
13309,2024-05-22,0.4318741,1,BBWI
13310,2024-04-29,0.64517254,1,INTC
13311,2024-04-02,0.609529,1,RSG
13312,2024-04-29,0.5289986,1,DTE
13313,2024-05-16,0.49597123,-1,PCG
13314,2024-05-14,0.4793633,1,CTSH
13315,2024-04-11,0.28323436,1,RJF
13316,2024-04-04,0.5254966,-1,MHK
13317,2024-04-16,0.4919821,1,TDG
13318,2024-04-17,0.5383136,-1,EPAM
13319,2024-05-02,0.54450357,1,GLW
13320,2024-05-22,0.46507454,1,FCX
13321,2024-05-17,0.7040904,-1,CMI
13322,2024-04-08,0.5505483,-1,TTWO
13323,2024-04-19,0.48872763,-1,TAP
13324,2024-05-02,0.46770278,1,PNC
13325,2024-05-22,0.58547866,-1,IEX
13326,2024-05-02,0.5203248,-1,HST
13327,2024-04-10,0.49131885,-1,MLM
13328,2024-04-15,0.491259,-1,JBL
13329,2024-04-23,0.518966,1,DOV
13330,2024-04-22,0.3900196,1,IRM
13331,2024-05-13,0.56827575,1,INTC
13332,2024-04-19,0.4971765,-1,PEP
13333,2024-04-01,0.6094799,1,O
13334,2024-04-19,0.5021861,1,FCX
13335,2024-03-28,0.41204962,1,VICI
13336,2024-05-23,0.60076034,-1,CPAY
13337,2024-04-05,0.47569716,-1,PYPL
13338,2024-04-01,0.29724318,1,PNC
13339,2024-04-24,0.538114,1,DTE
13340,2024-05-03,0.4519502,1,CAT
13341,2024-04-10,0.518436,1,CHD
13342,2024-04-25,0.27892995,1,PEG
13343,2024-05-14,0.4953545,1,TXN
13344,2024-04-16,0.679461,1,KMX
13345,2024-04-16,0.4619586,1,DPZ
13346,2024-05-17,0.5852655,-1,ADSK
13347,2024-04-19,0.43290696,1,BIIB
13348,2024-05-22,0.64295983,1,INVH
13349,2024-04-08,0.44894662,-1,T
13350,2024-04-03,0.70023894,-1,PTC
13351,2024-05-02,0.5902041,-1,BA
13352,2024-04-24,0.4171251,-1,COF
13353,2024-04-15,0.54186696,1,DE
13354,2024-05-07,0.4850743,1,AME
13355,2024-04-29,0.50931406,1,KDP
13356,2024-05-22,0.37800714,1,CLX
13357,2024-04-11,0.34623328,1,FRT
13358,2024-05-15,0.4041609,-1,TRMB
13359,2024-05-02,0.48080185,1,NVDA
13360,2024-05-01,0.51464444,1,BK
13361,2024-04-12,0.47372317,1,RSG
13362,2024-05-20,0.5229035,-1,A
13363,2024-04-24,0.508867,1,PNW
13364,2024-05-21,0.4833338,-1,GPC
13365,2024-05-01,0.6157505,-1,WBA
13366,2024-05-15,0.37932828,-1,RJF
13367,2024-04-04,0.13422473,-1,NSC
13368,2024-04-29,0.47476158,1,OTIS
13369,2024-04-16,0.57560366,1,AAPL
13370,2024-04-09,0.5127148,-1,PPL
13371,2024-04-08,0.3801452,-1,PKG
13372,2024-04-02,0.4105088,1,BKR
13373,2024-04-19,0.4194302,1,VICI
13374,2024-04-29,0.6181319,1,BRO
13375,2024-05-02,0.59009486,1,CDW
13376,2024-04-15,0.33138743,1,MA
13377,2024-05-02,0.4111391,-1,OXY
13378,2024-04-19,0.4928238,1,DECK
13379,2024-04-26,0.553004,1,WYNN
13380,2024-04-19,0.49499944,1,HCA
13381,2024-05-13,0.5363636,1,A
13382,2024-04-10,0.42283556,-1,APTV
13383,2024-05-02,0.47588086,-1,INCY
13384,2024-04-03,0.68316084,-1,KEY
13385,2024-05-15,0.49553552,-1,BKR
13386,2024-04-01,0.47185397,1,BR
13387,2024-04-24,0.44298956,-1,ROK
13388,2024-04-10,0.5654104,1,PG
13389,2024-04-01,0.6669569,-1,CCI
13390,2024-05-03,0.66119033,1,MSCI
13391,2024-04-24,0.20701002,1,TFC
13392,2024-05-01,0.39140353,1,APA
13393,2024-05-21,0.576963,-1,SJM
13394,2024-04-29,0.54795116,1,PNR
13395,2024-05-07,0.5076193,-1,OXY
13396,2024-05-17,0.47271124,-1,FTV
13397,2024-04-12,0.46038353,-1,MNST
13398,2024-05-15,0.52793723,-1,WYNN
13399,2024-05-02,0.5440467,1,JNJ
13400,2024-05-14,0.45467266,-1,PLD
13401,2024-05-23,0.5252561,-1,SMCI
13402,2024-04-30,0.42471284,1,MKC
13403,2024-05-08,0.6150382,1,ENPH
13404,2024-04-12,0.18594979,1,AJG
13405,2024-04-26,0.47240353,1,PEG
13406,2024-04-26,0.7201507,1,EQR
13407,2024-04-30,0.50717366,-1,ALGN
13408,2024-04-22,0.5384213,-1,CEG
13409,2024-04-24,0.61173564,1,GL
13410,2024-04-15,0.55672896,-1,SMCI
13411,2024-04-04,0.5196013,-1,BWA
13412,2024-04-05,0.41252658,-1,WAT
13413,2024-05-03,0.5483003,1,AMT
13414,2024-04-02,0.33304346,-1,NVR
13415,2024-05-01,0.3398454,1,MSCI
13416,2024-04-26,0.44017348,1,DE
13417,2024-04-24,0.5127126,-1,HCA
13418,2024-03-28,0.30040714,-1,KEY
13419,2024-04-30,0.29941016,1,NCLH
13420,2024-05-06,0.5237181,1,ITW
13421,2024-04-26,0.8522523,1,TRV
13422,2024-04-09,0.51661366,1,VLTO
13423,2024-04-12,0.33819857,-1,USB
13424,2024-04-29,0.51092637,1,KEY
13425,2024-05-09,0.45443502,-1,CTAS
13426,2024-04-10,0.5176844,-1,BBWI
13427,2024-04-22,0.47497982,-1,MRO
13428,2024-04-01,0.44518012,-1,CLX
13429,2024-04-10,0.42843005,1,CL
13430,2024-04-29,0.6424337,1,ALLE
13431,2024-04-02,0.26340958,1,FSLR
13432,2024-05-03,0.53986573,-1,CRL
13433,2024-04-10,0.43026507,-1,AMT
13434,2024-04-01,0.5327226,-1,GM
13435,2024-04-26,0.49371392,-1,AXP
13436,2024-05-14,0.4981391,-1,FTV
13437,2024-04-10,0.51862293,-1,SNPS
13438,2024-05-10,0.40796536,1,PHM
13439,2024-04-16,0.61120546,1,TYL
13440,2024-05-23,0.5906783,-1,J
13441,2024-05-20,0.24445423,-1,AIG
13442,2024-05-07,0.4623257,1,BKNG
13443,2024-04-01,0.57946485,1,CSCO
13444,2024-05-08,0.51795655,1,MO
13445,2024-03-28,0.42636156,-1,J
13446,2024-04-15,0.5020677,1,XOM
13447,2024-05-03,0.45974264,1,IVZ
13448,2024-04-18,0.2516661,1,BAX
13449,2024-04-22,0.47048727,1,DPZ
13450,2024-05-09,0.35573035,1,MOS
13451,2024-05-23,0.29629475,1,MCK
13452,2024-04-15,0.4334142,-1,MOS
13453,2024-03-28,0.5626947,-1,WELL
13454,2024-05-03,0.36267027,1,DAL
13455,2024-05-21,0.5679186,-1,PEP
13456,2024-04-26,0.4425591,-1,RL
13457,2024-05-01,0.4779127,1,FSLR
13458,2024-04-30,0.756477,1,GEN
13459,2024-04-29,0.56954443,1,BLK
13460,2024-05-21,0.36208862,-1,ZBRA
13461,2024-04-02,0.342898,-1,TPR
13462,2024-04-30,0.87153566,1,HPQ
13463,2024-04-18,0.32398504,-1,ZBH
13464,2024-05-02,0.5089646,1,MMC
13465,2024-05-10,0.44429785,1,NI
13466,2024-04-26,0.3907601,-1,CRM
13467,2024-05-13,0.6489355,1,HIG
13468,2024-04-04,0.33472785,-1,BLDR
13469,2024-03-28,0.5091439,1,GRMN
13470,2024-04-23,0.3968576,1,LHX
13471,2024-05-13,0.45926452,1,UHS
13472,2024-05-07,0.41319135,1,HSY
13473,2024-04-24,0.6973784,-1,ACN
13474,2024-04-19,0.6006401,1,UNP
13475,2024-04-23,0.59201133,-1,UNH
13476,2024-05-17,0.49828187,1,TJX
13477,2024-04-23,0.60014904,1,TSLA
13478,2024-05-21,0.47896612,-1,MSFT
13479,2024-04-01,0.4654374,1,TEL
13480,2024-04-02,0.377337,-1,DFS
13481,2024-04-08,0.39138994,-1,AXP
13482,2024-04-04,0.5103517,-1,GLW
13483,2024-04-04,0.49309486,-1,TJX
13484,2024-04-26,0.49942046,-1,SBAC
13485,2024-04-08,0.43334967,-1,PCG
13486,2024-04-11,0.41978177,-1,LOW
13487,2024-05-23,0.49102706,1,BIIB
13488,2024-04-18,0.51162076,1,MO
13489,2024-05-01,0.6414361,1,ZTS
13490,2024-05-23,0.4844343,1,VZ
13491,2024-04-09,0.4807388,-1,C
13492,2024-04-24,0.8490607,-1,XEL
13493,2024-04-30,0.8039764,1,RVTY
13494,2024-05-08,0.43044984,1,MU
13495,2024-04-15,0.6604734,1,CPB
13496,2024-04-02,0.43877715,1,BR
13497,2024-04-16,0.5242565,1,WELL
13498,2024-05-01,0.6026127,1,WYNN
13499,2024-04-08,0.48136574,-1,JNJ
13500,2024-04-03,0.46290866,-1,LYB
13501,2024-05-02,0.5153223,1,IRM
13502,2024-04-05,0.27473643,-1,CCL
13503,2024-04-26,0.55190665,-1,AEE
13504,2024-05-02,0.54629296,1,NOC
13505,2024-04-10,0.4077531,-1,PFG
13506,2024-05-17,0.676984,-1,UBER
13507,2024-04-03,0.37003994,1,DHR
13508,2024-04-16,0.4950143,1,FANG
13509,2024-04-15,0.5177202,1,INTU
13510,2024-04-08,0.18859923,-1,ETSY
13511,2024-04-12,0.5487502,1,FDS
13512,2024-04-30,0.36748022,1,UPS
13513,2024-04-08,0.5116691,-1,OTIS
13514,2024-05-03,0.5048092,1,BWA
13515,2024-05-20,0.47698212,-1,SYF
13516,2024-04-19,0.5531336,1,DVA
13517,2024-05-09,0.425983,1,TTWO
13518,2024-04-30,0.5169363,1,LDOS
13519,2024-05-01,0.6269306,1,STT
13520,2024-04-04,0.35793433,-1,LYV
13521,2024-04-05,0.53382224,-1,SPG
13522,2024-04-05,0.4894253,-1,DVN
13523,2024-04-01,0.49960643,1,AEE
13524,2024-04-22,0.60840106,1,RSG
13525,2024-04-24,0.41323295,1,NDSN
13526,2024-04-26,0.6450388,-1,RVTY
13527,2024-05-21,0.52785045,-1,CHD
13528,2024-05-15,0.5629537,-1,UDR
13529,2024-04-11,0.48386726,-1,SLB
13530,2024-04-11,0.32108817,-1,SHW
13531,2024-05-02,0.4621841,1,PH
13532,2024-04-01,0.5383709,1,FRT
13533,2024-04-10,0.07366955,-1,LHX
13534,2024-04-22,0.4351983,1,NEE
13535,2024-04-17,0.5949261,-1,MNST
13536,2024-05-23,0.50082666,1,JNPR
13537,2024-05-13,0.60989165,-1,ULTA
13538,2024-04-15,0.5524146,-1,AMD
13539,2024-05-06,0.39595088,-1,WTW
13540,2024-04-05,0.31569794,-1,MS
13541,2024-04-22,0.58998626,1,DAL
13542,2024-05-08,0.51657397,1,UPS
13543,2024-04-29,0.85592747,-1,TMUS
13544,2024-04-17,0.24295194,-1,AOS
13545,2024-04-15,0.49667314,1,ESS
13546,2024-04-08,0.29323438,-1,EXC
13547,2024-05-03,0.56879634,-1,PYPL
13548,2024-04-02,0.48604572,1,ISRG
13549,2024-04-02,0.49890205,-1,GWW
13550,2024-05-02,0.5111216,1,WMB
13551,2024-04-22,0.5126386,-1,META
13552,2024-05-10,0.7572208,-1,ALB
13553,2024-04-23,0.54536235,-1,ELV
13554,2024-04-24,0.43327984,-1,HAS
13555,2024-05-09,0.52782243,-1,SNA
13556,2024-05-14,0.6781391,-1,CDNS
13557,2024-04-10,0.3479544,-1,ESS
13558,2024-05-17,0.46740314,-1,DE
13559,2024-04-10,0.3901953,-1,CDW
13560,2024-04-17,0.5297058,1,GEHC
13561,2024-05-02,0.50776833,1,AXP
13562,2024-05-22,0.3837574,1,AMCR
13563,2024-05-09,0.6283401,-1,MAR
13564,2024-04-04,0.4846593,-1,TECH
13565,2024-04-30,0.5417092,1,FANG
13566,2024-05-22,0.41766706,1,CB
13567,2024-04-16,0.5030021,1,DVN
13568,2024-04-29,0.50455564,1,ED
13569,2024-04-15,0.5707426,1,KIM
13570,2024-04-25,0.59625256,1,GL
13571,2024-05-09,0.3235076,1,SWKS
13572,2024-04-03,0.20540121,-1,PNW
13573,2024-05-13,0.4373749,1,BSX
13574,2024-05-14,0.51088536,1,CRWD
13575,2024-04-10,0.44743356,1,SO
13576,2024-05-20,0.5674955,-1,CSCO
13577,2024-04-12,0.30282417,1,ATO
13578,2024-05-17,0.12779012,-1,GD
13579,2024-04-22,0.54655594,-1,JNPR
13580,2024-04-12,0.5553329,1,MRK
13581,2024-04-01,0.5401254,1,PSA
13582,2024-04-11,0.3828377,1,O
13583,2024-05-13,0.5740615,1,DRI
13584,2024-05-20,0.5147433,-1,HAL
13585,2024-05-03,0.47602063,1,TT
13586,2024-05-03,0.50681555,1,GWW
13587,2024-05-09,0.50944495,1,FIS
13588,2024-04-10,0.19683656,1,PNW
13589,2024-05-03,0.4275397,1,QCOM
13590,2024-04-18,0.5159848,1,O
13591,2024-04-25,0.4907538,1,MNST
13592,2024-05-06,0.41246346,1,PM
13593,2024-04-03,0.39002842,-1,EXC
13594,2024-04-26,0.41753507,-1,FCX
13595,2024-04-01,0.38363,1,EQR
13596,2024-05-07,0.5240664,1,AMGN
13597,2024-05-10,0.4770533,-1,CINF
13598,2024-05-02,0.5511874,-1,EL
13599,2024-04-02,0.61943483,-1,PSA
13600,2024-04-16,0.38306722,1,AVY
13601,2024-04-04,0.4467562,-1,TT
13602,2024-04-12,0.40567586,1,MCD
13603,2024-05-03,0.44714308,-1,L
13604,2024-04-17,0.46053517,-1,PSA
13605,2024-05-09,0.370155,1,NEE
13606,2024-04-18,0.08258127,-1,HON
13607,2024-05-02,0.6380187,1,UPS
13608,2024-05-10,0.33837795,1,NVDA
13609,2024-04-22,0.5690025,1,APTV
13610,2024-05-01,0.39547294,1,IRM
13611,2024-04-09,0.4435877,-1,KKR
13612,2024-05-20,0.6319736,-1,WBA
13613,2024-05-09,0.4769488,1,WDC
13614,2024-05-07,0.42200664,1,GRMN
13615,2024-05-16,0.5442087,1,CHD
13616,2024-05-03,0.5546113,1,HON
13617,2024-04-25,0.28775758,1,STT
13618,2024-05-03,0.4372613,1,JNJ
13619,2024-04-25,0.46847,-1,FFIV
13620,2024-04-11,0.5177444,1,BK
13621,2024-04-09,0.41333485,1,ORLY
13622,2024-04-10,0.45809725,-1,GOOG
13623,2024-04-19,0.4252992,1,APA
13624,2024-05-08,0.62532103,1,BLK
13625,2024-04-16,0.5816421,1,CMS
13626,2024-05-09,0.48263273,-1,CMI
13627,2024-05-15,0.5720004,-1,ARE
13628,2024-04-25,0.29752424,1,KDP
13629,2024-05-15,0.31516024,-1,MTB
13630,2024-04-23,0.52473354,1,TSCO
13631,2024-04-08,0.35267738,-1,DLTR
13632,2024-05-14,0.52870375,-1,WAT
13633,2024-04-22,0.38141543,-1,NUE
13634,2024-04-22,0.4280801,-1,CFG
13635,2024-05-13,0.54595035,-1,WFC
13636,2024-05-21,0.8374344,-1,INVH
13637,2024-05-20,0.46514437,-1,DIS
13638,2024-04-24,0.3972316,1,AMP
13639,2024-04-09,0.5000257,-1,DLTR
13640,2024-05-06,0.31466478,1,PFE
13641,2024-04-10,0.33371243,-1,ALGN
13642,2024-05-10,0.2185834,1,SPGI
13643,2024-04-05,0.438654,-1,TRGP
13644,2024-04-09,0.5640156,-1,HWM
13645,2024-04-24,0.4603653,-1,LYV
13646,2024-05-23,0.54632753,-1,AXP
13647,2024-04-12,0.44335994,1,TDY
13648,2024-05-20,0.58630264,1,CSX
13649,2024-05-07,0.49193788,1,SMCI
13650,2024-05-09,0.54772604,1,MA
13651,2024-05-13,0.51904255,1,J
13652,2024-04-03,0.39398426,1,ETSY
13653,2024-04-11,0.50305897,1,UNH
13654,2024-04-09,0.47851816,-1,FTNT
13655,2024-05-01,0.47232887,1,MAS
13656,2024-05-23,0.38567343,-1,TDG
13657,2024-05-15,0.54677695,1,PAYX
13658,2024-05-16,0.47541964,-1,KR
13659,2024-05-20,0.69306505,1,JNPR
13660,2024-04-04,0.64914834,-1,MLM
13661,2024-04-18,0.46085778,1,CF
13662,2024-04-01,0.4498042,1,ES
13663,2024-04-25,0.5167007,1,FDS
13664,2024-05-23,0.46396658,-1,OXY
13665,2024-05-13,0.6089244,-1,CME
13666,2024-04-24,0.5085951,1,COST
13667,2024-04-12,0.33596644,-1,PYPL
13668,2024-05-09,0.5865618,1,HST
13669,2024-04-12,0.48311526,1,BK
13670,2024-04-23,0.46051347,1,NEM
13671,2024-04-04,0.39991236,-1,EXR
13672,2024-05-23,0.5339612,-1,CSX
13673,2024-05-22,0.530985,1,KMI
13674,2024-05-07,0.53168,1,WY
13675,2024-05-16,0.5821061,1,PM
13676,2024-04-17,0.5226476,-1,FTNT
13677,2024-05-14,0.46552387,1,EG
13678,2024-05-14,0.46024936,-1,IQV
13679,2024-05-03,0.44928178,1,DD
13680,2024-04-10,0.5109336,-1,BDX
13681,2024-04-24,0.5545614,1,INCY
13682,2024-04-04,0.21761991,-1,TDY
13683,2024-05-10,0.4709674,1,TPR
13684,2024-04-09,0.2730321,-1,SYY
13685,2024-05-23,0.5871663,-1,DOW
13686,2024-05-07,0.50686884,-1,TSLA
13687,2024-03-28,0.55932695,-1,NWSA
13688,2024-04-30,0.53255814,1,LMT
13689,2024-05-03,0.46017143,1,TAP
13690,2024-05-21,0.50273913,-1,EQIX
13691,2024-04-23,0.583484,1,DAL
13692,2024-05-08,0.5086662,-1,VMC
13693,2024-05-10,0.66136646,1,LW
13694,2024-05-10,0.52076954,1,TXN
13695,2024-04-08,0.62524897,1,NRG
13696,2024-05-13,0.5568703,-1,UBER
13697,2024-05-13,0.69515866,-1,POOL
13698,2024-04-11,0.18165402,1,WBD
13699,2024-04-05,0.5094709,-1,K
13700,2024-04-05,0.41375968,-1,GILD
13701,2024-04-19,0.4883675,1,SNPS
13702,2024-04-29,0.5636735,-1,HII
13703,2024-05-06,0.22512473,1,CNP
13704,2024-05-09,0.29391572,1,DRI
13705,2024-04-10,0.21225633,-1,STZ
13706,2024-05-01,0.3258606,1,FCX
13707,2024-04-30,0.22815235,1,ECL
13708,2024-04-01,0.4552121,1,ZBRA
13709,2024-05-14,0.6045117,1,GILD
13710,2024-05-23,0.24798107,-1,MLM
13711,2024-04-12,0.55202514,1,SBUX
13712,2024-05-17,0.4275424,1,ADM
13713,2024-05-10,0.3888634,-1,VZ
13714,2024-05-13,0.488106,-1,JNJ
13715,2024-04-08,0.54251045,-1,MCHP
13716,2024-05-06,0.34296346,1,ADP
13717,2024-05-01,0.4035604,1,AKAM
13718,2024-04-05,0.5668861,-1,UNH
13719,2024-04-18,0.46558395,-1,CZR
13720,2024-05-03,0.5070667,1,DAY
13721,2024-05-08,0.51430005,1,SWKS
13722,2024-04-29,0.26360413,-1,DAY
13723,2024-05-08,0.5307202,-1,WY
13724,2024-04-12,0.49238542,-1,GE
13725,2024-05-13,0.5361327,1,VRTX
13726,2024-05-17,0.47261053,-1,PGR
13727,2024-04-01,0.630778,1,PAYC
13728,2024-04-30,0.5332422,1,EL
13729,2024-05-06,0.6516422,-1,AIG
13730,2024-05-21,0.5241462,-1,KMI
13731,2024-05-02,0.51433575,1,MOH
13732,2024-04-11,0.5972038,-1,ECL
13733,2024-05-22,0.5421096,1,MGM
13734,2024-04-15,0.3637624,1,STT
13735,2024-04-15,0.50581616,-1,TT
13736,2024-04-23,0.52980596,-1,FIS
13737,2024-04-12,0.56699127,-1,CCI
13738,2024-05-15,0.52319777,-1,DG
13739,2024-04-29,0.67863643,-1,BKR
13740,2024-04-17,0.28947622,-1,CMCSA
13741,2024-03-28,0.5810804,1,ARE
13742,2024-04-15,0.67372835,-1,WMT
13743,2024-05-15,0.42321676,-1,FICO
13744,2024-03-28,0.47272444,-1,LYV
13745,2024-05-17,0.5622795,-1,EPAM
13746,2024-04-18,0.33537033,-1,PSX
13747,2024-05-17,0.6921144,-1,KHC
13748,2024-05-20,0.41313484,-1,WFC
13749,2024-04-26,0.52449477,-1,PTC
13750,2024-04-18,0.46683213,-1,CCI
13751,2024-04-26,0.3396023,-1,IPG
13752,2024-04-26,0.5477353,1,NWSA
13753,2024-05-20,0.6453796,-1,TAP
13754,2024-05-13,0.4232328,-1,ED
13755,2024-04-17,0.42676094,1,CNC
13756,2024-04-23,0.5980474,1,BIIB
13757,2024-04-25,0.5299361,-1,CCL
13758,2024-05-16,0.5208486,-1,APA
13759,2024-05-06,0.45967034,-1,OXY
13760,2024-04-16,0.59031826,-1,INTC
13761,2024-04-18,0.43644327,1,SRE
13762,2024-04-17,0.47458223,1,WFC
13763,2024-04-29,0.5856741,-1,CBRE
13764,2024-04-24,0.36247027,-1,CTRA
13765,2024-05-01,0.39610547,1,NXPI
13766,2024-04-29,0.5802413,1,LDOS
13767,2024-05-20,0.5268991,-1,POOL
13768,2024-04-17,0.41367915,1,DHR
13769,2024-04-25,0.46893638,1,AEP
13770,2024-04-10,0.60533273,-1,VMC
13771,2024-05-06,0.37154695,1,BLDR
13772,2024-05-20,0.5427555,-1,LOW
13773,2024-04-26,0.5458196,-1,NSC
13774,2024-05-22,0.41463464,-1,IT
13775,2024-04-11,0.4843544,-1,PCAR
13776,2024-04-01,0.2895909,1,CAT
13777,2024-05-10,0.48953164,-1,FOX
13778,2024-04-17,0.46969655,-1,NFLX
13779,2024-04-19,0.46804857,-1,DXCM
13780,2024-04-26,0.52615196,-1,IEX
13781,2024-05-14,0.5430884,1,HIG
13782,2024-04-16,0.4084573,1,L
13783,2024-05-20,0.79027474,1,IP
13784,2024-05-21,0.8167791,-1,ARE
13785,2024-04-17,0.49812475,1,PWR
13786,2024-05-13,0.27759954,1,PEP
13787,2024-04-24,0.47715598,-1,HST
13788,2024-05-08,0.41561562,-1,UBER
13789,2024-05-13,0.55623,-1,SNA
13790,2024-04-18,0.4535802,1,HSIC
13791,2024-04-09,0.5332134,-1,CMCSA
13792,2024-05-16,0.43737835,-1,FFIV
13793,2024-05-17,0.39619198,-1,KEYS
13794,2024-04-04,0.28608066,-1,CPAY
13795,2024-03-28,0.4998893,-1,AIZ
13796,2024-05-17,0.53692,-1,AMZN
13797,2024-04-18,0.525549,1,KIM
13798,2024-04-03,0.5163386,-1,RL
13799,2024-04-24,0.504851,-1,UPS
13800,2024-04-24,0.40958658,1,WEC
13801,2024-04-10,0.49448133,-1,SYF
13802,2024-05-17,0.55236644,-1,OMC
13803,2024-05-06,0.40824282,1,TER
13804,2024-05-15,0.5693777,-1,MA
13805,2024-05-20,0.56180435,-1,LNT
13806,2024-04-30,0.4660897,1,XYL
13807,2024-04-09,0.6882409,-1,FOXA
13808,2024-04-08,0.51068014,-1,WAT
13809,2024-04-18,0.42759475,1,AXP
13810,2024-05-20,0.44972187,-1,VRSK
13811,2024-05-10,0.47920793,1,T
13812,2024-04-15,0.7625271,1,MKC
13813,2024-05-08,0.6386756,1,O
13814,2024-04-04,0.66443515,-1,JNJ
13815,2024-05-07,0.4810682,1,DUK
13816,2024-04-24,0.4599229,1,PPL
13817,2024-05-07,0.5434512,1,EXPE
13818,2024-05-10,0.4819949,1,MCK
13819,2024-04-02,0.5426,-1,ON
13820,2024-04-02,0.54009616,-1,GEHC
13821,2024-04-05,0.51105833,-1,KVUE
13822,2024-03-28,0.4769562,-1,RL
13823,2024-04-26,0.55972,1,ANET
13824,2024-04-23,0.48023713,-1,CTVA
13825,2024-04-05,0.44663572,-1,EBAY
13826,2024-05-06,0.53668046,-1,ELV
13827,2024-04-12,0.45611668,1,HBAN
13828,2024-05-07,0.54961896,-1,ACN
13829,2024-05-23,0.632745,1,BAC
13830,2024-04-30,0.6380728,1,CTSH
13831,2024-05-20,0.55956507,-1,EBAY
13832,2024-04-02,0.5758651,-1,VTRS
13833,2024-04-25,0.3857696,1,CEG
13834,2024-04-24,0.44213155,1,SO
13835,2024-04-03,0.6075109,-1,LULU
13836,2024-04-29,0.563821,1,KIM
13837,2024-05-03,0.49696663,1,PH
13838,2024-05-23,0.33700725,-1,STLD
13839,2024-04-25,0.3765053,1,HWM
13840,2024-04-19,0.5218307,1,PCAR
13841,2024-04-26,0.2925406,-1,PEP
13842,2024-04-04,0.29388452,-1,LUV
13843,2024-05-22,0.26768807,1,O
13844,2024-05-08,0.5434365,1,D
13845,2024-04-16,0.47459078,1,WY
13846,2024-05-10,0.49834606,1,IP
13847,2024-05-21,0.49589634,-1,UPS
13848,2024-04-11,0.55192256,1,ACN
13849,2024-04-30,0.61419827,1,BIIB
13850,2024-05-03,0.5606288,1,CARR
13851,2024-04-22,0.4472344,1,NXPI
13852,2024-05-13,0.57457304,1,APA
13853,2024-05-14,0.36854288,1,ACGL
13854,2024-04-10,0.1852977,-1,SYY
13855,2024-05-16,0.5335914,1,ACGL
13856,2024-04-22,0.5986231,1,MSCI
13857,2024-05-22,0.4973914,1,PEG
13858,2024-05-14,0.5785456,1,BR
13859,2024-04-17,0.46774438,-1,ADM
13860,2024-04-11,0.111056484,1,MTB
13861,2024-05-16,0.16599742,-1,REG
13862,2024-05-17,0.67503935,1,EA
13863,2024-04-05,0.11965086,-1,CFG
13864,2024-04-02,0.46928182,-1,RF
13865,2024-05-17,0.5706307,-1,KMI
13866,2024-04-01,0.4120016,1,KIM
13867,2024-04-10,0.5458357,-1,TXN
13868,2024-04-12,0.50467306,-1,VLO
13869,2024-04-25,0.290232,-1,OKE
13870,2024-05-10,0.4029037,-1,SJM
13871,2024-04-30,0.51041454,1,MU
13872,2024-05-15,0.47058642,1,HAS
13873,2024-04-30,0.26620236,-1,BR
13874,2024-05-22,0.5666953,1,TSLA
13875,2024-04-24,0.4760233,-1,V
13876,2024-05-08,0.49485976,1,IDXX
13877,2024-05-03,0.5021483,1,ADP
13878,2024-05-22,0.41322702,1,ACGL
13879,2024-04-22,0.5124539,1,PWR
13880,2024-03-28,0.46923974,-1,XYL
13881,2024-05-09,0.5435375,1,A
13882,2024-05-07,0.68126816,1,SYY
13883,2024-04-11,0.42988956,-1,PLD
13884,2024-04-24,0.43672162,-1,CSX
13885,2024-04-10,0.3513637,-1,TSN
13886,2024-05-06,0.49133277,1,TRGP
13887,2024-04-15,0.5393419,1,TXT
13888,2024-04-19,0.5343427,1,MS
13889,2024-05-02,0.4270161,1,COO
13890,2024-05-03,0.45049796,-1,NKE
13891,2024-05-02,0.32110074,-1,ENPH
13892,2024-05-15,0.42844763,-1,WM
13893,2024-04-15,0.5916608,1,EMN
13894,2024-05-03,0.5374071,1,ALLE
13895,2024-04-12,0.20529573,1,BAX
13896,2024-05-17,0.18877354,-1,URI
13897,2024-04-03,0.5357392,-1,IVZ
13898,2024-04-03,0.5330946,-1,CL
13899,2024-04-01,0.5509111,1,HST
13900,2024-05-06,0.4536609,1,SRE
13901,2024-03-28,0.48246253,1,ED
13902,2024-05-08,0.47634408,-1,DVA
13903,2024-04-02,0.47005305,1,BSX
13904,2024-05-21,0.55029804,1,PWR
13905,2024-04-29,0.34349388,1,ENPH
13906,2024-05-07,0.40666187,1,ZBH
13907,2024-03-28,0.49375507,1,VST
13908,2024-04-18,0.3257787,1,WAB
13909,2024-04-25,0.25295213,-1,CSCO
13910,2024-03-28,0.45079136,-1,BBY
13911,2024-04-17,0.39485437,1,WMT
13912,2024-05-09,0.56452674,-1,COR
13913,2024-04-10,0.43660057,-1,VRTX
13914,2024-04-01,0.54093826,1,FFIV
13915,2024-05-13,0.602047,-1,DE
13916,2024-04-22,0.47183508,-1,HSIC
13917,2024-05-08,0.52583706,1,TXN
13918,2024-05-02,0.70352453,1,TPR
13919,2024-04-22,0.55003303,1,DTE
13920,2024-03-28,0.54542243,1,VTR
13921,2024-04-01,0.519037,-1,ALL
13922,2024-04-25,0.4491494,1,VTRS
13923,2024-05-17,0.5647293,-1,XYL
13924,2024-05-09,0.5332311,-1,MKC
13925,2024-04-10,0.4189374,-1,TSCO
13926,2024-05-16,0.5568983,-1,MPC
13927,2024-04-03,0.55542994,-1,REG
13928,2024-04-03,0.61839956,1,ODFL
13929,2024-04-03,0.7621521,-1,WYNN
13930,2024-05-22,0.3815681,-1,GWW
13931,2024-05-15,0.48143458,1,TSCO
13932,2024-04-18,0.5164873,1,TSLA
13933,2024-04-25,0.435193,1,L
13934,2024-04-04,0.5700561,-1,CRM
13935,2024-05-22,0.4735895,1,TGT
13936,2024-05-13,0.37423277,1,IFF
13937,2024-04-09,0.48171502,-1,ADI
13938,2024-05-20,0.4719063,-1,LMT
13939,2024-04-18,0.55027586,-1,DG
13940,2024-05-14,0.5232493,1,SBUX
13941,2024-05-03,0.2737962,1,D
13942,2024-04-22,0.52228665,-1,CSX
13943,2024-04-23,0.5142087,1,KDP
13944,2024-04-29,0.52221286,1,ABT
13945,2024-04-30,0.47001007,-1,DGX
13946,2024-04-04,0.48232555,-1,JPM
13947,2024-05-10,0.4386557,1,CDNS
13948,2024-05-22,0.6511739,-1,LH
13949,2024-03-28,0.35741842,1,RJF
13950,2024-05-20,0.7376859,-1,BLK
13951,2024-04-17,0.36805758,-1,DAY
13952,2024-05-23,0.5858825,-1,CINF
13953,2024-04-05,0.5197627,-1,CPB
13954,2024-05-13,0.6053421,-1,PSX
13955,2024-04-04,0.42522383,-1,VZ
13956,2024-04-05,0.50368696,-1,GWW
13957,2024-05-13,0.33996382,-1,UAL
13958,2024-03-28,0.10065109,-1,CMCSA
13959,2024-05-22,0.53770727,-1,NDSN
13960,2024-04-12,0.42351705,-1,TDG
13961,2024-05-01,0.37435418,1,HCA
13962,2024-05-16,0.29686287,-1,VTR
13963,2024-04-29,0.5063521,1,JPM
13964,2024-03-28,0.42555603,-1,RF
13965,2024-04-03,0.44938588,1,QCOM
13966,2024-04-11,0.35734785,1,AEP
13967,2024-04-16,0.24953094,1,LMT
13968,2024-04-16,0.48549792,1,HAL
13969,2024-05-22,0.36802527,1,META
13970,2024-05-21,0.5601768,1,NFLX
13971,2024-05-03,0.5105304,1,MNST
13972,2024-05-02,0.4383431,1,AZO
13973,2024-04-19,0.097562835,1,CHD
13974,2024-04-10,0.4909447,-1,QCOM
13975,2024-05-08,0.28111613,1,DXCM
13976,2024-05-16,0.58886105,1,ANSS
13977,2024-05-08,0.35913953,-1,ALGN
13978,2024-05-14,0.42382115,-1,MTD
13979,2024-04-25,0.58692646,1,JNPR
13980,2024-03-28,0.4233483,1,MPC
13981,2024-04-17,0.4134828,1,MSI
13982,2024-04-23,0.5958695,-1,LULU
13983,2024-05-21,0.6171828,-1,MDT
13984,2024-05-22,0.4795023,1,DOC
13985,2024-05-22,0.373401,1,TER
13986,2024-05-23,0.5312805,-1,JCI
13987,2024-04-30,0.32054698,1,REGN
13988,2024-05-06,0.41053694,1,UAL
13989,2024-05-22,0.59108204,-1,TRMB
13990,2024-04-17,0.35494918,-1,BIO
13991,2024-05-06,0.46828005,1,BSX
13992,2024-05-14,0.5574662,1,MOS
13993,2024-04-15,0.45179677,1,BALL
13994,2024-04-30,0.4930022,-1,AON
13995,2024-04-24,0.47289532,1,RTX
13996,2024-04-18,0.44321543,1,UPS
13997,2024-05-08,0.27470976,-1,CRL
13998,2024-04-12,0.51730245,1,PEG
13999,2024-04-29,0.31454757,1,PEP
14000,2024-04-30,0.37138504,1,TAP
14001,2024-04-12,0.32108715,1,SO
14002,2024-05-17,0.47682735,1,NFLX
14003,2024-04-25,0.53827393,-1,NKE
14004,2024-04-12,0.4088753,1,INVH
14005,2024-04-03,0.4454614,-1,MRK
14006,2024-05-17,0.57079357,-1,DHI
14007,2024-04-29,0.48751318,1,AWK
14008,2024-04-19,0.48117697,1,ZTS
14009,2024-04-08,0.6222521,-1,AKAM
14010,2024-04-19,0.53462374,1,FE
14011,2024-04-12,0.49996662,1,GD
14012,2024-04-09,0.6070242,-1,GOOG
14013,2024-04-22,0.5070299,-1,FIS
14014,2024-05-02,0.53191507,1,SJM
14015,2024-05-22,0.39151505,-1,AVB
14016,2024-05-20,0.49279407,-1,HSY
14017,2024-05-03,0.5442588,1,NOW
14018,2024-05-10,0.5630381,-1,PH
14019,2024-04-25,0.34194633,1,ECL
14020,2024-05-13,0.39003357,1,FSLR
14021,2024-04-24,0.45714495,1,ZTS
14022,2024-05-01,0.41370356,1,HSIC
14023,2024-04-22,0.6229422,1,SPGI
14024,2024-04-22,0.46954903,-1,TRV
14025,2024-05-10,0.4863543,1,CARR
14026,2024-05-16,0.44847697,-1,NI
14027,2024-04-15,0.47603077,-1,BIO
14028,2024-05-16,0.62622935,1,META
14029,2024-04-08,0.47901362,-1,CEG
14030,2024-04-10,0.35646984,-1,CSCO
14031,2024-04-04,0.435259,-1,CVS
14032,2024-04-08,0.6058644,-1,ESS
14033,2024-04-19,0.58697283,-1,KR
14034,2024-05-09,0.57639587,1,ORCL
14035,2024-05-01,0.563559,1,AMP
14036,2024-04-05,0.6434936,1,GOOGL
14037,2024-05-17,0.33760467,1,NWSA
14038,2024-05-13,0.5102188,-1,CTLT
14039,2024-04-29,0.39259917,1,MAA
14040,2024-05-16,0.43313155,-1,LOW
14041,2024-05-10,0.70410156,1,CCI
14042,2024-05-03,0.5177204,1,EL
14043,2024-03-28,0.47220632,1,HIG
14044,2024-04-17,0.5794119,-1,CCI
14045,2024-04-03,0.44220725,1,EBAY
14046,2024-05-22,0.54668283,1,DHI
14047,2024-05-21,0.47239056,-1,TER
14048,2024-04-18,0.49887118,1,SHW
14049,2024-04-15,0.44424325,1,TAP
14050,2024-05-21,0.47221196,-1,MO
14051,2024-05-09,0.516904,-1,FOXA
14052,2024-04-12,0.5344922,1,XEL
14053,2024-05-21,0.47647268,-1,CPAY
14054,2024-04-12,0.3562656,1,WRB
14055,2024-05-22,0.46214575,-1,ZBRA
14056,2024-04-26,0.44926605,1,CHRW
14057,2024-04-10,0.3539568,-1,LULU
14058,2024-05-23,0.46881726,1,FOX
14059,2024-05-20,0.38956428,-1,ISRG
14060,2024-04-30,0.55525416,1,FI
14061,2024-05-02,0.3356814,-1,TSLA
14062,2024-04-03,0.45787597,1,GE
14063,2024-05-09,0.614202,1,INTC
14064,2024-05-01,0.4813787,1,ES
14065,2024-04-15,0.51381767,-1,SYK
14066,2024-05-22,0.495923,1,PCG
14067,2024-05-06,0.501176,1,GPC
14068,2024-04-29,0.5520659,1,PWR
14069,2024-05-03,0.5650494,-1,ALL
14070,2024-05-22,0.57744116,1,BKNG
14071,2024-04-03,0.43682837,-1,ECL
14072,2024-04-12,0.45925504,1,AVB
14073,2024-04-08,0.26478848,-1,LVS
14074,2024-04-16,0.5340442,1,MOH
14075,2024-04-25,0.7541195,1,LKQ
14076,2024-05-01,0.5356067,1,INVH
14077,2024-05-21,0.62935126,-1,IEX
14078,2024-05-08,0.551195,-1,FMC
14079,2024-04-10,0.48838463,-1,TER
14080,2024-05-08,0.5128249,-1,BLDR
14081,2024-04-15,0.56051725,1,UHS
14082,2024-05-21,0.46781054,1,HPE
14083,2024-04-03,0.43224296,-1,UNP
14084,2024-04-10,0.50598353,-1,KR
14085,2024-04-05,0.4481907,-1,LKQ
14086,2024-05-07,0.4706585,1,VICI
14087,2024-04-23,0.49663037,1,IR
14088,2024-04-15,0.50542766,1,ACN
14089,2024-05-03,0.46826437,1,JCI
14090,2024-05-06,0.5182966,1,SPG
14091,2024-04-16,0.42926183,1,TSCO
14092,2024-05-16,0.47328883,1,XYL
14093,2024-04-29,0.45965195,1,DXCM
14094,2024-05-16,0.4225496,1,CRWD
14095,2024-05-08,0.5704903,1,GEN
14096,2024-05-21,0.5575786,-1,PG
14097,2024-04-22,0.46439832,-1,AFL
14098,2024-04-10,0.5836107,-1,IPG
14099,2024-04-17,0.4190923,-1,LLY
14100,2024-04-26,0.48261467,1,COST
14101,2024-05-06,0.61089337,1,SWKS
14102,2024-04-02,0.6196553,-1,LW
14103,2024-05-23,0.53399324,-1,HII
14104,2024-05-16,0.41195217,-1,NDAQ
14105,2024-04-22,0.56377465,-1,INTU
14106,2024-05-06,0.6491603,1,LULU
14107,2024-05-02,0.5195528,-1,CVS
14108,2024-04-05,0.03558363,-1,CTVA
14109,2024-05-14,0.4931163,-1,PH
14110,2024-03-28,0.4880151,-1,MTD
14111,2024-04-11,0.40303066,-1,TECH
14112,2024-05-17,0.50334436,-1,CBRE
14113,2024-04-10,0.5812899,1,MDLZ
14114,2024-05-21,0.57923454,-1,AZO
14115,2024-04-05,0.49505964,-1,ZBRA
14116,2024-04-19,0.51188123,1,PM
14117,2024-05-20,0.6131493,-1,XYL
14118,2024-04-10,0.31121102,-1,PNR
14119,2024-04-10,0.5255318,1,DAL
14120,2024-05-13,0.30992314,-1,SBAC
14121,2024-04-24,0.49070266,-1,AVGO
14122,2024-04-02,0.50638664,-1,NKE
14123,2024-04-08,0.52272785,-1,VRSK
14124,2024-05-13,0.6971694,1,LKQ
14125,2024-04-16,0.4186334,1,WFC
14126,2024-04-29,0.44946238,1,CRM
14127,2024-04-05,0.4954706,-1,GPN
14128,2024-05-17,0.2730445,-1,ALL
14129,2024-04-30,0.53886247,1,BKR
14130,2024-04-08,0.4167388,-1,PWR
14131,2024-05-13,0.46297514,1,AME
14132,2024-04-17,0.3826432,-1,TGT
14133,2024-05-13,0.44575033,-1,BBY
14134,2024-04-10,0.51040447,-1,JPM
14135,2024-05-16,0.43700835,-1,HD
14136,2024-05-08,0.4753391,-1,EMN
14137,2024-05-20,0.5692586,-1,GM
14138,2024-04-11,0.25393862,1,KMB
14139,2024-04-09,0.42477942,-1,DPZ
14140,2024-05-21,0.36455375,1,BBY
14141,2024-05-15,0.4977531,1,J
14142,2024-05-09,0.44630063,1,MTD
14143,2024-04-05,0.12140846,-1,BR
14144,2024-05-14,0.52532995,1,NFLX
14145,2024-05-03,0.34084165,1,TXN
14146,2024-04-05,0.47203764,-1,MRO
14147,2024-05-17,0.33693212,-1,WFC
14148,2024-04-15,0.4765754,-1,EFX
14149,2024-05-09,0.53635174,1,AMGN
14150,2024-04-08,0.524384,-1,ED
14151,2024-05-07,0.37025532,1,NEM
14152,2024-05-23,0.6623249,1,LULU
14153,2024-05-20,0.33845043,-1,ACGL
14154,2024-04-05,0.39746183,-1,PH
14155,2024-04-15,0.59967196,1,CMCSA
14156,2024-04-11,0.4488932,-1,LEN
14157,2024-05-06,0.5269097,-1,AKAM
14158,2024-04-30,0.50837463,1,MRO
14159,2024-04-09,0.38743812,-1,JBL
14160,2024-05-13,0.44116798,1,AVY
14161,2024-04-12,0.48190063,1,T
14162,2024-04-02,0.53064215,1,CHRW
14163,2024-04-10,0.4409621,1,FDS
14164,2024-05-03,0.46934167,1,NSC
14165,2024-05-21,0.5113079,-1,ON
14166,2024-03-28,0.56296027,-1,TMUS
14167,2024-05-08,0.48490724,-1,MRO
14168,2024-04-01,0.44730845,-1,MDLZ
14169,2024-05-17,0.6121439,1,RL
14170,2024-04-11,0.5439299,-1,NUE
14171,2024-05-09,0.5264628,1,VRSK
14172,2024-05-14,0.60433185,-1,SWKS
14173,2024-05-14,0.38660148,-1,WY
14174,2024-04-22,0.580825,-1,CMCSA
14175,2024-05-09,0.43070376,-1,RSG
14176,2024-05-01,0.49756202,1,SNA
14177,2024-04-30,0.500341,1,BEN
14178,2024-04-08,0.44507107,-1,SHW
14179,2024-04-29,0.6152402,1,APTV
14180,2024-05-16,0.36513036,-1,CPAY
14181,2024-05-01,0.57140625,1,CMI
14182,2024-04-15,0.45544305,1,IRM
14183,2024-05-09,0.5291833,1,MRK
14184,2024-05-16,0.36749634,-1,PLD
14185,2024-04-05,0.27964535,-1,POOL
14186,2024-04-12,0.4980114,-1,INTU
14187,2024-04-30,0.32898843,1,C
14188,2024-04-08,0.53278065,-1,SNA
14189,2024-04-18,0.3712105,1,DHR
14190,2024-05-09,0.54199463,1,PFG
14191,2024-05-01,0.55854183,-1,ABBV
14192,2024-04-23,0.47785604,1,TYL
14193,2024-04-25,0.19610806,-1,ADI
14194,2024-04-18,0.5162785,1,NCLH
14195,2024-04-03,0.5955566,-1,MCD
14196,2024-04-11,0.48407513,-1,STZ
14197,2024-05-10,0.3239299,1,LHX
14198,2024-04-08,0.18893196,-1,ACN
14199,2024-04-09,0.50099254,-1,FAST
14200,2024-05-02,0.40287346,1,CBRE
14201,2024-04-19,0.390936,1,HPE
14202,2024-04-23,0.58742595,-1,TMO
14203,2024-05-02,0.49374422,1,FICO
14204,2024-04-24,0.5474884,-1,CPRT
14205,2024-04-04,0.59791446,-1,EMR
14206,2024-04-01,0.5043636,1,MRO
14207,2024-05-20,0.54152364,-1,ICE
14208,2024-04-15,0.5825076,-1,MTCH
14209,2024-05-09,0.6782922,-1,CHTR
14210,2024-05-09,0.46810624,1,CRWD
14211,2024-04-26,0.4640138,1,WTW
14212,2024-05-21,0.6381222,1,TRGP
14213,2024-05-01,0.2947712,-1,DVA
14214,2024-04-30,0.37022373,1,KMX
14215,2024-05-22,0.5553145,1,ISRG
14216,2024-04-03,0.32206416,1,PEG
14217,2024-04-19,0.3138405,1,GNRC
14218,2024-05-20,0.51481545,-1,REGN
14219,2024-04-08,0.36133134,-1,ZBH
14220,2024-04-17,0.50454736,1,UHS
14221,2024-04-10,0.5700978,1,DUK
14222,2024-04-16,0.49471432,1,CEG
14223,2024-05-22,0.50360674,-1,IQV
14224,2024-05-23,0.52317035,-1,A
14225,2024-04-02,0.6620238,-1,LH
14226,2024-04-09,0.44879666,-1,MLM
14227,2024-04-04,0.43837926,-1,KHC
14228,2024-04-10,0.68970233,1,XEL
14229,2024-04-29,0.40470687,1,LMT
14230,2024-05-03,0.23563237,-1,LLY
14231,2024-04-15,0.39901665,-1,LKQ
14232,2024-04-04,0.37304676,-1,URI
14233,2024-05-14,0.4845427,-1,PGR
14234,2024-04-08,0.59437466,-1,BXP
14235,2024-04-05,0.4879089,-1,MMM
14236,2024-05-20,0.2713418,1,DVA
14237,2024-05-08,0.55951375,-1,CSGP
14238,2024-04-09,0.5766683,-1,EA
14239,2024-05-16,0.47055212,-1,IFF
14240,2024-05-08,0.47993502,-1,SYF
14241,2024-05-03,0.42778873,1,MAR
14242,2024-05-13,0.4902447,1,APH
14243,2024-05-09,0.5315215,1,TRMB
14244,2024-04-22,0.49699214,1,CPB
14245,2024-04-03,0.49764407,-1,FDX
14246,2024-05-07,0.3839938,1,NDSN
14247,2024-05-06,0.7427173,-1,AIZ
14248,2024-04-01,0.51663256,1,CSGP
14249,2024-04-18,0.41670594,-1,ODFL
14250,2024-04-17,0.57701975,1,EQT
14251,2024-04-18,0.3878801,1,PNR
14252,2024-04-09,0.44441155,-1,BEN
14253,2024-05-17,0.4641974,-1,DIS
14254,2024-05-08,0.48085105,-1,NOC
14255,2024-04-17,0.5498835,1,GOOG
14256,2024-05-06,0.43031225,1,ADM
14257,2024-05-14,0.4721436,1,EQT
14258,2024-04-26,0.47940207,1,DIS
14259,2024-04-25,0.39609,1,CTLT
14260,2024-04-16,0.42118943,1,TRV
14261,2024-05-21,0.33597383,1,PGR
14262,2024-04-17,0.37338907,1,DPZ
14263,2024-04-22,0.49106112,-1,BLK
14264,2024-04-23,0.48002914,-1,HUBB
14265,2024-05-01,0.47024426,1,NFLX
14266,2024-05-20,0.48566157,-1,EXR
14267,2024-04-05,0.28193375,-1,LYV
14268,2024-04-11,0.5671157,-1,FTV
14269,2024-05-06,0.4151792,1,ALLE
14270,2024-05-23,0.43270582,-1,VLO
14271,2024-05-14,0.47159722,-1,NWSA
14272,2024-05-01,0.43890265,1,MCHP
14273,2024-04-05,0.5233209,-1,MPWR
14274,2024-04-26,0.5367392,-1,TPR
14275,2024-05-01,0.3559603,-1,ABNB
14276,2024-05-14,0.40503234,-1,EIX
14277,2024-05-09,0.40840366,1,MDLZ
14278,2024-05-16,0.43504754,-1,IDXX
14279,2024-04-11,0.45664018,1,WBA
14280,2024-05-03,0.5466279,1,TECH
14281,2024-05-10,0.56621915,1,ICE
14282,2024-05-21,0.5347563,-1,TFX
14283,2024-04-11,0.28155434,-1,ALGN
14284,2024-05-16,0.41314393,-1,MAR
14285,2024-04-01,0.52314866,1,TFX
14286,2024-05-23,0.5584275,1,VTRS
14287,2024-05-03,0.52857465,1,MO
14288,2024-04-10,0.35937852,1,GL
14289,2024-05-13,0.53080493,-1,TGT
14290,2024-04-03,0.39654428,-1,PEP
14291,2024-04-18,0.46767864,1,MU
14292,2024-04-30,0.2406217,1,SO
14293,2024-04-17,0.4923006,-1,MTCH
14294,2024-05-14,0.45735812,1,AIG
14295,2024-04-29,0.43083277,1,NSC
14296,2024-04-30,0.18891658,1,EIX
14297,2024-04-26,0.5044202,1,CEG
14298,2024-04-19,0.5306402,1,LLY
14299,2024-04-16,0.6430349,-1,ZBH
14300,2024-04-23,0.70191103,-1,REGN
14301,2024-04-11,0.49689764,-1,KMX
14302,2024-05-07,0.46188903,-1,WMT
14303,2024-04-01,0.4443468,1,BKNG
14304,2024-05-10,0.4920846,-1,FITB
14305,2024-04-18,0.4461162,-1,BRO
14306,2024-04-04,0.47746816,-1,ACN
14307,2024-05-17,0.4866932,-1,HOLX
14308,2024-04-19,0.6636212,1,KDP
14309,2024-05-10,0.59468174,-1,ALLE
14310,2024-05-13,0.26689434,1,TYL
14311,2024-05-16,0.50525105,-1,CTAS
14312,2024-05-02,0.67590576,1,IQV
14313,2024-05-17,0.50639373,-1,PSX
14314,2024-04-26,0.52736956,1,VST
14315,2024-05-14,0.5556182,-1,STZ
14316,2024-04-08,0.48471418,-1,PH
14317,2024-04-19,0.4210322,1,AVGO
14318,2024-04-08,0.62594575,-1,FRT
14319,2024-05-15,0.515433,-1,CLX
14320,2024-05-08,0.7023709,1,ADP
14321,2024-05-03,0.54008454,-1,INTC
14322,2024-04-10,0.65170705,-1,SNA
14323,2024-04-10,0.4883116,-1,GM
14324,2024-04-18,0.024246253,1,RVTY
14325,2024-04-18,0.43040818,-1,TDY
14326,2024-04-16,0.42160428,1,RL
14327,2024-04-10,0.5279247,-1,CF
14328,2024-04-19,0.45655042,1,NEM
14329,2024-04-19,0.4465138,1,C
14330,2024-04-16,0.5794363,1,YUM
14331,2024-05-16,0.42154583,-1,UDR
14332,2024-04-15,0.45266277,1,GE
14333,2024-04-10,0.46442,-1,CTAS
14334,2024-04-01,0.51962006,-1,DAY
14335,2024-05-15,0.45303458,-1,XEL
14336,2024-04-10,0.3970044,-1,EMR
14337,2024-04-11,0.51715106,-1,INTC
14338,2024-04-04,0.47456384,-1,PNR
14339,2024-05-23,0.4992633,-1,EG
14340,2024-04-17,0.27277246,1,SYY
14341,2024-04-15,0.35265556,1,VMC
14342,2024-05-09,0.4508349,-1,MRO
14343,2024-05-14,0.3870773,-1,APTV
14344,2024-03-28,0.5093259,-1,SYY
14345,2024-05-01,0.51338637,1,EMR
14346,2024-05-09,0.62264496,-1,V
14347,2024-04-25,0.4773663,-1,CAT
14348,2024-04-24,0.65615076,1,REG
14349,2024-05-06,0.4690011,1,BKR
14350,2024-05-13,0.47677872,-1,KR
14351,2024-05-08,0.31644067,1,MSCI
14352,2024-05-03,0.19230157,1,ODFL
14353,2024-05-08,0.29810387,1,GNRC
14354,2024-05-09,0.784344,1,BDX
14355,2024-04-15,0.33061475,1,EVRG
14356,2024-04-04,0.35323533,-1,RJF
14357,2024-04-05,0.44185466,-1,AON
14358,2024-05-16,0.4877999,-1,LUV
14359,2024-05-23,0.3593718,-1,HWM
14360,2024-04-15,0.31505388,1,MRNA
14361,2024-05-22,0.5021917,-1,PSX
14362,2024-05-17,0.26268733,-1,INVH
14363,2024-05-09,0.79723173,1,MET
14364,2024-05-16,0.77596027,1,AME
14365,2024-05-20,0.5193603,-1,EQR
14366,2024-05-22,0.53797567,1,L
14367,2024-04-11,0.38849515,-1,NTAP
14368,2024-04-11,0.49429128,-1,TT
14369,2024-05-21,0.40734264,-1,ORCL
14370,2024-04-24,0.5309994,-1,ALLE
14371,2024-05-07,0.5984209,1,LH
14372,2024-04-19,0.42574945,-1,MMC
14373,2024-04-23,0.5277322,-1,JBL
14374,2024-05-02,0.5132244,1,WELL
14375,2024-05-01,0.55733794,1,MOS
14376,2024-04-12,0.45820513,1,OTIS
14377,2024-04-04,0.4007482,-1,FTNT
14378,2024-05-07,0.35114285,1,PAYX
14379,2024-05-21,0.5148399,1,APTV
14380,2024-05-17,0.45321512,1,HPQ
14381,2024-05-23,0.42838886,-1,GEHC
14382,2024-03-28,0.537211,1,PNW
14383,2024-04-02,0.647769,1,UDR
14384,2024-04-29,0.562021,1,STX
14385,2024-05-17,0.6119796,-1,RSG
14386,2024-05-22,0.50467944,1,BSX
14387,2024-04-03,0.42338127,-1,DUK
14388,2024-05-10,0.4976709,1,COO
14389,2024-04-01,0.47770336,-1,PRU
14390,2024-04-19,0.679498,1,CRM
14391,2024-03-28,0.37656254,1,MMC
14392,2024-05-02,0.39442405,1,CTVA
14393,2024-04-29,0.5904145,-1,DGX
14394,2024-04-15,0.40970078,1,PFG
14395,2024-04-26,0.47426298,-1,GPC
14396,2024-04-26,0.443545,-1,CMG
14397,2024-05-02,0.47736174,1,BKR
14398,2024-05-09,0.65098405,1,NOW
14399,2024-04-09,0.42677894,-1,LIN
14400,2024-04-15,0.51970786,1,CNP
14401,2024-04-08,0.433807,-1,ADSK
14402,2024-05-08,0.45907703,1,ZBRA
14403,2024-04-16,0.6338301,-1,ETSY
14404,2024-05-02,0.5155311,1,KR
14405,2024-05-20,0.40311486,-1,DFS
14406,2024-03-28,0.49176955,-1,UHS
14407,2024-03-28,0.36349154,1,F
14408,2024-04-17,0.45737454,-1,CAH
14409,2024-05-21,0.4708697,-1,EMR
14410,2024-04-02,0.2864554,-1,BLK
14411,2024-04-04,0.8528989,-1,HSY
14412,2024-04-22,0.48729718,-1,SHW
14413,2024-05-17,0.38282174,-1,CSCO
14414,2024-04-01,0.50771517,-1,MNST
14415,2024-05-01,0.4985119,-1,CTLT
14416,2024-04-15,0.5357872,1,TYL
14417,2024-04-29,0.50468314,1,AMP
14418,2024-04-25,0.4815415,-1,TAP
14419,2024-04-19,0.5626378,1,ELV
14420,2024-04-29,0.55658036,1,F
14421,2024-04-09,0.4565904,-1,IFF
14422,2024-04-02,0.22680144,-1,GS
14423,2024-05-20,0.5321396,1,RL
14424,2024-05-14,0.538857,1,CAG
14425,2024-03-28,0.4793047,-1,DFS
14426,2024-05-08,0.6305349,1,EPAM
14427,2024-04-10,0.5080942,-1,HAS
14428,2024-04-04,0.33172318,-1,ABT
14429,2024-04-02,0.46627426,-1,WFC
14430,2024-05-03,0.64599496,1,AMCR
14431,2024-05-13,0.4136521,-1,TAP
14432,2024-05-17,0.53076947,-1,DLTR
14433,2024-04-01,0.6987866,1,NEM
14434,2024-05-14,0.6169705,-1,HUBB
14435,2024-04-01,0.46613395,1,DOV
14436,2024-05-13,0.46620238,1,BAC
14437,2024-05-16,0.49113002,-1,PHM
14438,2024-05-09,0.56604123,1,IVZ
14439,2024-03-28,0.50445354,-1,ABT
14440,2024-04-30,0.6432224,-1,HCA
14441,2024-05-16,0.54849106,-1,EMN
14442,2024-04-12,0.40089625,-1,AME
14443,2024-05-08,0.49368834,1,EQT
14444,2024-05-02,0.5222986,1,UDR
14445,2024-05-15,0.55107296,-1,AOS
14446,2024-05-21,0.5032131,-1,VLTO
14447,2024-05-02,0.37580818,1,LEN
14448,2024-05-01,0.47447297,1,SBAC
14449,2024-05-15,0.44402552,-1,DGX
14450,2024-05-23,0.42792514,-1,BR
14451,2024-05-01,0.51538956,1,TT
14452,2024-05-20,0.4485916,-1,AAPL
14453,2024-04-17,0.51793575,1,AXON
14454,2024-04-12,0.49793357,-1,FCX
14455,2024-04-17,0.43759814,1,AMGN
14456,2024-04-11,0.45726398,-1,MNST
14457,2024-05-02,0.6161238,1,COST
14458,2024-04-22,0.57361674,-1,CPRT
14459,2024-04-30,0.544096,1,ADSK
14460,2024-05-10,0.5359198,1,PWR
14461,2024-04-30,0.36631647,1,VTR
14462,2024-05-08,0.5356962,1,HIG
14463,2024-04-17,0.4364287,-1,EXPD
14464,2024-04-02,0.50268865,-1,NI
14465,2024-05-09,0.4246868,1,BSX
14466,2024-05-02,0.48870248,1,PSA
14467,2024-04-11,0.5486703,-1,PANW
14468,2024-04-29,0.6227671,1,ANET
14469,2024-05-13,0.49439985,1,ORCL
14470,2024-04-03,0.087286524,-1,PLD
14471,2024-04-30,0.4285635,1,ON
14472,2024-05-08,0.640699,1,BXP
14473,2024-04-24,0.46433944,1,AMZN
14474,2024-04-11,0.24011394,1,OMC
14475,2024-05-17,0.38881508,-1,NDAQ
14476,2024-04-24,0.7159809,-1,BXP
14477,2024-04-12,0.406342,1,MMM
14478,2024-05-15,0.62594,1,ETN
14479,2024-04-02,0.39089406,1,CMI
14480,2024-04-10,0.5569594,-1,BA
14481,2024-04-24,0.42153016,1,BIO
14482,2024-05-06,0.5027625,-1,DHI
14483,2024-04-01,0.49038514,1,CTAS
14484,2024-04-11,0.5155786,-1,GWW
14485,2024-04-22,0.6515356,-1,ROK
14486,2024-04-24,0.43673083,1,ZBRA
14487,2024-05-08,0.49994448,-1,COP
14488,2024-05-21,0.4252748,-1,TXN
14489,2024-05-07,0.4261868,1,MRNA
14490,2024-04-03,0.6079925,1,INTU
14491,2024-05-02,0.42866293,1,AMZN
14492,2024-05-10,0.51871854,-1,BBY
14493,2024-05-09,0.5044752,-1,PGR
14494,2024-04-08,0.027067836,-1,FICO
14495,2024-04-12,0.41823927,1,TFC
14496,2024-04-11,0.44061092,-1,TXN
14497,2024-04-05,0.06770487,-1,TFC
14498,2024-05-17,0.46094579,-1,AMT
14499,2024-03-28,0.47119337,1,GDDY
14500,2024-04-30,0.55240303,1,IDXX
14501,2024-05-10,0.25809285,1,EIX
14502,2024-04-29,0.6083499,-1,NCLH
14503,2024-05-01,0.41074342,1,QRVO
14504,2024-05-08,0.4907354,1,TRGP
14505,2024-04-02,0.5120807,-1,PFG
14506,2024-05-15,0.5294419,-1,CARR
14507,2024-04-01,0.45795134,-1,RL
14508,2024-04-05,0.37057987,-1,SWK
14509,2024-04-23,0.37058362,-1,GPC
14510,2024-04-24,0.38888237,-1,ADP
14511,2024-05-22,0.43854272,1,VTR
14512,2024-04-25,0.46716738,-1,INTC
14513,2024-05-02,0.49190372,1,TGT
14514,2024-05-03,0.68205523,-1,BR
14515,2024-04-18,0.5061995,1,GOOGL
14516,2024-04-05,0.4593842,-1,CL
14517,2024-04-15,0.31072265,-1,CSGP
14518,2024-03-28,0.7693961,-1,TSLA
14519,2024-04-30,0.5052708,1,NEE
14520,2024-04-25,0.29746437,1,TDY
14521,2024-04-24,0.597791,1,PARA
14522,2024-04-10,0.4882766,-1,CMI
14523,2024-04-04,0.2977899,-1,JBHT
14524,2024-05-03,0.49881622,1,DHR
14525,2024-05-09,0.39922935,1,BBWI
14526,2024-04-15,0.49228027,1,PWR
14527,2024-04-03,0.46725506,-1,ALLE
14528,2024-05-13,0.46208072,-1,BAX
14529,2024-04-12,0.454607,1,CVS
14530,2024-04-03,0.5337174,-1,KMI
14531,2024-05-22,0.4387201,1,WBD
14532,2024-04-18,0.5160865,1,KEYS
14533,2024-05-13,0.5110526,1,AMT
14534,2024-05-20,0.6021182,-1,F
14535,2024-05-20,0.56966066,-1,NCLH
14536,2024-05-09,0.32499218,-1,GPC
14537,2024-04-04,0.20508517,-1,EA
14538,2024-05-22,0.74417025,1,HCA
14539,2024-05-08,0.43758294,1,SNPS
14540,2024-04-30,0.46226195,1,CTLT
14541,2024-04-22,0.51438993,-1,HBAN
14542,2024-05-22,0.4984411,1,KDP
14543,2024-05-03,0.4678607,1,URI
14544,2024-05-15,0.6285747,-1,CL
14545,2024-04-08,0.55738485,-1,ABT
14546,2024-05-21,0.5084066,-1,DVN
14547,2024-04-02,0.484371,-1,AAL
14548,2024-04-22,0.522057,1,WAB
14549,2024-05-17,0.4684415,-1,FRT
14550,2024-04-19,0.43125957,-1,GD
14551,2024-04-12,0.46432295,-1,TT
14552,2024-05-09,0.5008142,1,EQIX
14553,2024-04-19,0.5287077,1,OMC
14554,2024-05-09,0.508228,1,SPGI
14555,2024-04-23,0.62753934,-1,ACN
14556,2024-05-21,0.6944928,-1,MOS
14557,2024-04-25,0.5120486,1,FAST
14558,2024-04-01,0.37096444,1,RF
14559,2024-04-19,0.34483707,1,CFG
14560,2024-05-06,0.19155851,1,LHX
14561,2024-04-11,0.6180813,1,WMB
14562,2024-04-30,0.35330635,1,COF
14563,2024-05-03,0.56665313,1,IFF
14564,2024-04-18,0.4364754,1,SPGI
14565,2024-04-01,0.53283393,-1,CNP
14566,2024-04-11,0.12545644,1,AMP
14567,2024-04-05,0.5895995,-1,MRNA
14568,2024-05-16,0.5123026,-1,V
14569,2024-05-20,0.43452063,-1,D
14570,2024-05-10,0.50170606,1,ORCL
14571,2024-04-18,0.3363218,1,CBRE
14572,2024-05-23,0.6047553,1,REGN
14573,2024-04-22,0.46242407,-1,CSCO
14574,2024-04-26,0.4474747,1,WAT
14575,2024-04-03,0.53588563,-1,RF
14576,2024-04-17,0.52643585,-1,ORCL
14577,2024-04-01,0.33564258,1,CMI
14578,2024-05-01,0.47086486,1,NUE
14579,2024-04-26,0.3413466,-1,ZBH
14580,2024-05-15,0.51991045,1,NXPI
14581,2024-05-07,0.46648446,1,VST
14582,2024-05-20,0.42567295,-1,EVRG
14583,2024-05-06,0.5145239,1,MCO
14584,2024-05-10,0.42428926,-1,RSG
14585,2024-04-03,0.56828,1,MLM
14586,2024-04-01,0.62848926,-1,LH
14587,2024-05-23,0.5080184,-1,DAL
14588,2024-05-15,0.577065,-1,CBOE
14589,2024-04-23,0.574971,1,MSCI
14590,2024-05-07,0.4167622,1,NEE
14591,2024-04-30,0.52283883,1,CHRW
14592,2024-05-10,0.5229083,-1,CI
14593,2024-05-17,0.37848046,-1,K
14594,2024-04-29,0.38925347,1,PFE
14595,2024-04-10,0.52260673,-1,QRVO
14596,2024-05-23,0.5072172,-1,PSX
14597,2024-05-22,0.3823501,1,TMUS
14598,2024-05-09,0.7080068,-1,CSGP
14599,2024-04-17,0.3610118,1,EMR
14600,2024-05-09,0.5182416,1,O
14601,2024-04-08,0.4524977,-1,EQIX
14602,2024-04-09,0.118317276,-1,IDXX
14603,2024-04-15,0.49069852,1,DFS
14604,2024-04-25,0.44110373,-1,EQT
14605,2024-05-02,0.49576297,1,DTE
14606,2024-04-19,0.6068047,-1,HON
14607,2024-04-12,0.54440236,-1,META
14608,2024-05-16,0.5412255,-1,EVRG
14609,2024-04-15,0.5536017,-1,KMX
14610,2024-04-12,0.36634463,1,RL
14611,2024-05-09,0.573583,-1,DOW
14612,2024-05-15,0.32037088,-1,BBWI
14613,2024-04-15,0.7437907,1,FICO
14614,2024-04-23,0.009110163,-1,IT
14615,2024-05-07,0.48591214,1,FDX
14616,2024-04-11,0.5040414,-1,BKNG
14617,2024-04-22,0.51089126,-1,GILD
14618,2024-05-08,0.6252633,-1,COR
14619,2024-05-10,0.7170967,-1,FI
14620,2024-04-24,0.5689626,-1,MOH
14621,2024-04-15,0.43951234,1,CEG
14622,2024-05-23,0.46706095,1,L
14623,2024-04-26,0.5111857,1,WFC
14624,2024-04-11,0.43467084,-1,A
14625,2024-04-25,0.57584643,1,MTCH
14626,2024-04-09,0.45788556,-1,MSFT
14627,2024-04-25,0.3907139,-1,XOM
14628,2024-04-18,0.48120695,1,MCO
14629,2024-05-10,0.6197413,1,AJG
14630,2024-04-05,0.552641,-1,NOC
14631,2024-05-08,0.48471838,1,GDDY
14632,2024-05-23,0.6304357,1,DVA
14633,2024-05-23,0.52832675,-1,WAB
14634,2024-05-06,0.43209618,1,TFC
14635,2024-05-08,0.50728863,-1,AMZN
14636,2024-05-14,0.39161375,-1,PSA
14637,2024-05-21,0.5733148,-1,XYL
14638,2024-05-16,0.5208834,-1,KMX
14639,2024-04-17,0.24221556,1,BX
14640,2024-04-18,0.276258,1,ZBRA
14641,2024-04-02,0.58680683,-1,XEL
14642,2024-04-24,0.49138483,1,DPZ
14643,2024-04-18,0.09272844,1,HBAN
14644,2024-05-13,0.22951365,1,PFE
14645,2024-04-19,0.33429348,-1,VRSK
14646,2024-04-18,0.37321487,-1,GD
14647,2024-04-16,0.5337736,1,EVRG
14648,2024-05-03,0.37173268,1,FCX
14649,2024-05-13,0.58835554,-1,HST
14650,2024-05-06,0.7176018,-1,SYK
14651,2024-04-01,0.3379962,1,FIS
14652,2024-04-26,0.3530644,1,VRSK
14653,2024-05-16,0.64538974,-1,EL
14654,2024-04-29,0.42729616,-1,MOS
14655,2024-05-09,0.56286395,-1,ORLY
14656,2024-05-17,0.47001588,-1,GRMN
14657,2024-04-15,0.19645454,1,LNT
14658,2024-05-16,0.50723785,-1,SO
14659,2024-04-29,0.5209948,-1,UHS
14660,2024-04-26,0.572104,1,NWS
14661,2024-04-24,0.36466292,1,CRL
14662,2024-04-25,0.53635705,-1,MPC
14663,2024-05-07,0.54139656,1,NDAQ
14664,2024-05-20,0.3309219,-1,COP
14665,2024-04-03,0.4687003,1,EW
14666,2024-05-07,0.475125,1,UNP
14667,2024-05-02,0.5775983,1,CMS
14668,2024-04-17,0.40025315,1,GLW
14669,2024-04-10,0.8156616,1,WELL
14670,2024-05-10,0.55991656,-1,MKC
14671,2024-04-11,0.4893957,1,LHX
14672,2024-05-08,0.5785981,1,AXP
14673,2024-04-10,0.48700547,-1,MOS
14674,2024-04-15,0.31247583,1,VLTO
14675,2024-04-01,0.46535286,-1,DTE
14676,2024-05-16,0.5083433,-1,ICE
14677,2024-05-01,0.48114157,1,LYB
14678,2024-04-12,0.43818057,1,STZ
14679,2024-04-16,0.529406,-1,STLD
14680,2024-05-22,0.50118834,-1,GOOGL
14681,2024-05-08,0.538678,-1,APTV
14682,2024-04-12,0.36669397,1,PFG
14683,2024-05-07,0.4665463,1,KO
14684,2024-04-18,0.43118352,-1,CAT
14685,2024-05-08,0.50800747,1,C
14686,2024-04-29,0.56356645,1,ETR
14687,2024-05-13,0.48788765,1,PHM
14688,2024-04-24,0.3752871,1,ARE
14689,2024-04-26,0.4548773,-1,MOH
14690,2024-04-02,0.6023972,1,TFX
14691,2024-04-09,0.40140298,-1,DVN
14692,2024-04-09,0.5333183,-1,EQR
14693,2024-05-03,0.56488,1,ICE
14694,2024-05-03,0.23008212,-1,PODD
14695,2024-04-04,0.5068227,-1,LKQ
14696,2024-04-23,0.8910883,-1,ESS
14697,2024-04-29,0.7301089,1,ROST
14698,2024-04-11,0.6168881,1,HES
14699,2024-05-08,0.37102214,-1,WAB
14700,2024-04-18,0.59691477,-1,TPR
14701,2024-04-30,0.33033994,1,CHD
14702,2024-04-04,0.60327584,-1,INTC
14703,2024-04-16,0.31054157,-1,OTIS
14704,2024-05-20,0.20845318,-1,PH
14705,2024-04-24,0.24811737,-1,MSI
14706,2024-05-20,0.476247,1,CDNS
14707,2024-04-03,0.4799356,-1,COF
14708,2024-05-14,0.5400044,1,TER
14709,2024-04-04,0.34094316,-1,FOXA
14710,2024-05-09,0.44508085,1,EL
14711,2024-04-26,0.4297268,1,BWA
14712,2024-05-13,0.62554634,1,LIN
14713,2024-05-23,0.43672857,-1,QCOM
14714,2024-05-10,0.59015,-1,KMX
14715,2024-04-22,0.48408,1,KEYS
14716,2024-04-03,0.4198051,-1,CI
14717,2024-05-23,0.3403387,-1,TXN
14718,2024-04-16,0.44657996,1,ALB
14719,2024-05-14,0.08758489,-1,HOLX
14720,2024-05-16,0.45272812,-1,STZ
14721,2024-04-26,0.4446656,-1,GEHC
14722,2024-03-28,0.42492855,1,EMR
14723,2024-05-20,0.44277915,-1,PEG
14724,2024-04-16,0.56378716,-1,ENPH
14725,2024-05-01,0.41581738,1,CB
14726,2024-04-11,0.46417826,-1,TRMB
14727,2024-04-16,0.40292677,1,SWK
14728,2024-04-02,0.5243297,-1,CPAY
14729,2024-04-29,0.5252164,1,CBOE
14730,2024-04-12,0.38389742,1,PARA
14731,2024-04-22,0.5324711,-1,KEY
14732,2024-04-24,0.54231226,-1,AMD
14733,2024-05-16,0.5161223,-1,POOL
14734,2024-04-03,0.50639206,-1,J
14735,2024-04-23,0.5367766,1,CHRW
14736,2024-05-01,0.6789919,1,MET
14737,2024-05-16,0.47066116,-1,CAH
14738,2024-04-11,0.5541737,-1,ORCL
14739,2024-04-08,0.3552258,-1,ABBV
14740,2024-04-03,0.5490614,-1,KVUE
14741,2024-05-02,0.41714734,1,ROL
14742,2024-04-11,0.52135116,1,PM
14743,2024-04-30,0.6340151,-1,CAH
14744,2024-05-13,0.54254276,1,AMGN
14745,2024-05-21,0.3322082,-1,CPB
14746,2024-04-23,0.5193167,1,PPG
14747,2024-04-18,0.39753398,1,TRMB
14748,2024-04-17,0.32728323,1,BKR
14749,2024-04-01,0.4692772,1,CDW
14750,2024-04-15,0.40690082,-1,CRM
14751,2024-04-12,0.35214826,-1,CDW
14752,2024-05-01,0.5208008,1,USB
14753,2024-05-15,0.49454907,1,CRWD
14754,2024-04-18,0.4384774,1,MLM
14755,2024-05-07,0.5147781,1,SPG
14756,2024-04-18,0.47700417,1,BWA
14757,2024-05-06,0.5949533,-1,CPRT
14758,2024-04-26,0.52490234,1,MS
14759,2024-04-30,0.18089394,1,IFF
14760,2024-04-09,0.45376956,-1,GILD
14761,2024-05-06,0.4808829,1,TMO
14762,2024-04-25,0.4586371,1,NEE
14763,2024-04-11,0.5513652,-1,MRO
14764,2024-05-06,0.43173727,1,NTAP
14765,2024-04-16,0.61948824,1,UDR
14766,2024-04-25,0.5888278,-1,CZR
14767,2024-05-20,0.44725507,-1,CRM
14768,2024-05-13,0.5242814,1,FICO
14769,2024-05-21,0.5294839,-1,ADSK
14770,2024-05-01,0.5057823,1,GEHC
14771,2024-04-11,0.4472992,-1,TEL
14772,2024-04-01,0.49001437,-1,ORLY
14773,2024-04-24,0.39868215,1,AIZ
14774,2024-05-06,0.19467157,-1,WMT
14775,2024-04-26,0.5141655,1,TYL
14776,2024-04-04,0.19157739,-1,PLD
14777,2024-05-01,0.33666784,1,CF
14778,2024-05-15,0.50630754,-1,NI
14779,2024-04-19,0.5542591,1,MKC
14780,2024-04-18,0.46680138,1,NFLX
14781,2024-04-29,0.28891236,1,SYY
14782,2024-04-10,0.51778626,-1,BWA
14783,2024-05-06,0.5133326,1,FICO
14784,2024-05-21,0.5512991,-1,WEC
14785,2024-04-25,0.5963756,1,T
14786,2024-05-07,0.46954095,-1,J
14787,2024-04-29,0.5552659,1,AFL
14788,2024-04-04,0.62593377,-1,TTWO
14789,2024-04-01,0.53735876,1,COST
14790,2024-04-25,0.4821521,-1,SWKS
14791,2024-05-09,0.5467555,-1,VMC
14792,2024-05-08,0.5419455,-1,COF
14793,2024-04-10,0.48099008,-1,TECH
14794,2024-04-29,0.46432653,1,SCHW
14795,2024-04-04,0.4788849,-1,INVH
14796,2024-04-18,0.44585997,1,DHI
14797,2024-05-13,0.49399528,1,ADP
14798,2024-05-02,0.50410736,1,META
14799,2024-05-13,0.35028937,-1,OMC
14800,2024-05-03,0.48178217,1,AXP
14801,2024-04-16,0.35895047,1,VLTO
14802,2024-04-24,0.45674554,-1,MOS
14803,2024-04-02,0.4986177,-1,TJX
14804,2024-04-03,0.4155433,1,FCX
14805,2024-05-08,0.47838283,1,KLAC
14806,2024-04-25,0.34858057,1,MAA
14807,2024-05-09,0.36564627,-1,DE
14808,2024-04-10,0.48967198,-1,IP
14809,2024-05-01,0.4284582,1,VST
14810,2024-04-19,0.15013732,1,WELL
14811,2024-04-22,0.57706094,-1,MSFT
14812,2024-04-09,0.45786956,-1,ACGL
14813,2024-05-13,0.43062025,1,DG
14814,2024-04-17,0.44700074,1,PHM
14815,2024-05-06,0.48377123,-1,NDSN
14816,2024-05-17,0.62259,-1,TRMB
14817,2024-04-17,0.4922958,1,ETN
14818,2024-05-02,0.5798033,1,CLX
14819,2024-05-02,0.5175543,-1,AAPL
14820,2024-05-03,0.5755058,-1,AKAM
14821,2024-05-23,0.5614589,-1,BSX
14822,2024-05-13,0.5443725,1,LRCX
14823,2024-04-29,0.47547212,1,VTR
14824,2024-04-15,0.4518183,1,KEY
14825,2024-05-21,0.6695277,-1,L
14826,2024-04-24,0.5347863,-1,HSIC
14827,2024-05-07,0.45944905,1,V
14828,2024-04-22,0.40403956,1,TMUS
14829,2024-04-25,0.07649464,1,SNA
14830,2024-05-06,0.46966407,1,GD
14831,2024-04-12,0.45381105,1,TXT
14832,2024-04-09,0.5500353,-1,AES
14833,2024-04-17,0.49728334,1,MPC
14834,2024-04-16,0.5626211,1,HWM
14835,2024-05-01,0.40633678,1,TER
14836,2024-05-16,0.44823423,-1,ETSY
14837,2024-04-26,0.45306653,-1,AKAM
14838,2024-05-21,0.6070105,-1,VRSK
14839,2024-05-17,0.66683996,-1,SYY
14840,2024-04-17,0.46657777,1,REG
14841,2024-05-22,0.5263993,-1,SLB
14842,2024-03-28,0.518842,-1,PLD
14843,2024-05-15,0.6454324,-1,ACN
14844,2024-04-01,0.5242186,1,ALLE
14845,2024-04-17,0.39020586,1,BAC
14846,2024-05-08,0.5786585,1,VLTO
14847,2024-05-16,0.5825866,-1,DLR
14848,2024-05-23,0.5086703,1,CHRW
14849,2024-04-19,0.44807506,1,AKAM
14850,2024-03-28,0.46557805,-1,ACN
14851,2024-05-20,0.6802787,-1,DTE
14852,2024-05-01,0.43415558,1,CPRT
14853,2024-03-28,0.49741384,-1,MAS
14854,2024-04-17,0.44882223,1,PCG
14855,2024-05-23,0.42745814,-1,GILD
14856,2024-05-08,0.43323067,1,SYY
14857,2024-04-19,0.44358987,1,ZBH
14858,2024-04-09,0.61283743,-1,PSX
14859,2024-04-26,0.4971876,1,INCY
14860,2024-05-21,0.71821123,-1,LUV
14861,2024-04-15,0.49838716,-1,MPWR
14862,2024-04-24,0.49848604,-1,WMT
14863,2024-05-01,0.42885527,-1,CAG
14864,2024-04-19,0.4767554,-1,SHW
14865,2024-04-30,0.5507097,-1,EXPE
14866,2024-04-08,0.47706416,-1,MRO
14867,2024-04-15,0.38075206,1,DD
14868,2024-04-15,0.41231674,1,EQT
14869,2024-05-09,0.61992896,1,MSCI
14870,2024-04-10,0.489479,-1,WMB
14871,2024-04-29,0.52710766,1,IEX
14872,2024-05-17,0.56480324,-1,AAPL
14873,2024-05-22,0.32981783,-1,KVUE
14874,2024-05-23,0.39039588,-1,HSIC
14875,2024-05-09,0.43033406,1,ABBV
14876,2024-05-14,0.54267,-1,SJM
14877,2024-04-08,0.64400613,-1,DE
14878,2024-04-15,0.4984084,1,PNC
14879,2024-04-02,0.49158442,-1,FI
14880,2024-05-22,0.5753087,-1,A
14881,2024-05-22,0.47433275,1,NEM
14882,2024-05-03,0.68024164,1,BLK
14883,2024-04-03,0.46923146,-1,BLK
14884,2024-05-02,0.5455942,1,NDSN
14885,2024-04-24,0.021135578,-1,EQT
14886,2024-04-08,0.49155506,-1,PAYC
14887,2024-04-26,0.53755695,1,SPGI
14888,2024-04-24,0.31877765,1,EXC
14889,2024-04-17,0.49388736,1,STZ
14890,2024-04-23,0.47413,-1,C
14891,2024-03-28,0.44199234,1,FTNT
14892,2024-04-30,0.42217118,-1,FTNT
14893,2024-05-20,0.49526727,-1,EFX
14894,2024-04-11,0.34864876,1,IVZ
14895,2024-05-09,0.4922188,1,INVH
14896,2024-04-17,0.22621727,-1,INCY
14897,2024-04-29,0.7018703,1,BEN
14898,2024-04-29,0.45531297,1,TDY
14899,2024-04-30,0.46961942,1,WMB
14900,2024-05-09,0.5077399,1,LDOS
14901,2024-04-25,0.5212153,-1,SJM
14902,2024-05-02,0.53195226,1,EFX
14903,2024-04-01,0.458902,1,MSI
14904,2024-04-19,0.59043,1,JCI
14905,2024-04-02,0.5886841,1,BIO
14906,2024-05-22,0.24115384,1,COF
14907,2024-05-13,0.33033577,-1,EFX
14908,2024-05-06,0.48466387,-1,AMD
14909,2024-04-12,0.53531,1,EA
14910,2024-04-18,0.37187126,-1,BMY
14911,2024-04-25,0.42264456,-1,AAL
14912,2024-04-05,0.41307268,-1,OTIS
14913,2024-04-05,0.4317253,-1,STE
14914,2024-05-01,0.6081361,1,XEL
14915,2024-04-26,0.5497878,1,EVRG
14916,2024-04-23,0.6338783,-1,TFC
14917,2024-04-23,0.49640906,-1,SMCI
14918,2024-04-08,0.40830284,-1,WYNN
14919,2024-04-03,0.4844406,1,TXN
14920,2024-05-21,0.5421866,1,MRO
14921,2024-04-30,0.20418127,1,GLW
14922,2024-04-30,0.37504464,1,KDP
14923,2024-04-16,0.590729,1,IFF
14924,2024-04-08,0.56466836,-1,HON
14925,2024-05-01,0.45004532,1,PCG
14926,2024-04-18,0.44498634,1,VLTO
14927,2024-05-06,0.4434099,-1,GOOG
14928,2024-04-23,0.4801235,-1,WM
14929,2024-05-08,0.5108408,-1,GD
14930,2024-04-16,0.49779034,-1,CAH
14931,2024-05-13,0.4929414,1,PWR
14932,2024-04-11,0.5090646,-1,HCA
14933,2024-04-10,0.5396295,-1,RVTY
14934,2024-04-26,0.5064169,1,CDNS
14935,2024-04-10,0.38825098,-1,SJM
14936,2024-04-12,0.5011867,-1,DAY
14937,2024-04-08,0.5082085,-1,IVZ
14938,2024-05-22,0.48417982,1,DD
14939,2024-05-08,0.44572508,1,WAT
14940,2024-04-23,0.47598112,-1,KMB
14941,2024-04-08,0.48134947,-1,INTU
14942,2024-04-02,0.45844072,-1,AAPL
14943,2024-04-17,0.31228128,-1,IT
14944,2024-05-13,0.5713126,-1,KIM
14945,2024-05-22,0.40387544,-1,CMI
14946,2024-05-22,0.35228744,-1,BIO
14947,2024-04-09,0.4531371,1,CNP
14948,2024-04-10,0.5316115,-1,AZO
14949,2024-05-20,0.48595056,-1,APA
14950,2024-04-24,0.35120505,-1,SHW
14951,2024-04-16,0.25603238,1,LNT
14952,2024-04-09,0.47466332,-1,REGN
14953,2024-05-02,0.4682739,1,NWS
14954,2024-05-16,0.54638684,-1,DIS
14955,2024-04-03,0.40289214,-1,APA
14956,2024-05-16,0.4939688,1,MRNA
14957,2024-04-05,0.5069326,-1,KR
14958,2024-04-09,0.5208698,-1,ADP
14959,2024-04-15,0.48277783,-1,NEM
14960,2024-05-20,0.523402,-1,PNW
14961,2024-04-09,0.5077565,-1,WEC
14962,2024-05-22,0.49668688,-1,CSGP
14963,2024-05-15,0.57137823,1,MCHP
14964,2024-04-15,0.5699832,1,JNJ
14965,2024-05-14,0.6055793,1,ON
14966,2024-05-22,0.5589082,-1,EL
14967,2024-05-09,0.392522,-1,ED
14968,2024-04-24,0.44090226,-1,PSX
14969,2024-04-04,0.39293942,-1,QRVO
14970,2024-04-12,0.011012288,1,NWSA
14971,2024-04-10,0.39897385,-1,CLX
14972,2024-04-22,0.48684314,-1,VZ
14973,2024-05-16,0.53105575,-1,AMT
14974,2024-05-03,0.6072284,1,DRI
14975,2024-04-05,0.420752,-1,JCI
14976,2024-05-22,0.49445915,1,AIZ
14977,2024-05-10,0.48976892,1,MGM
14978,2024-04-24,0.5122697,-1,CTSH
14979,2024-04-24,0.35036954,1,PKG
14980,2024-05-08,0.44709113,-1,JBHT
14981,2024-04-08,0.4933997,-1,ETR
14982,2024-04-16,0.47354844,1,BBWI
14983,2024-05-14,0.51038927,-1,ETN
14984,2024-05-09,0.70798975,-1,JBL
14985,2024-05-09,0.6244507,1,CFG
14986,2024-04-30,0.4075166,1,INTU
14987,2024-05-06,0.3794102,-1,TSLA
14988,2024-04-16,0.36543226,1,D
14989,2024-04-04,0.52064455,-1,TFX
14990,2024-04-17,0.2593943,-1,OTIS
14991,2024-05-20,0.5057271,-1,IQV
14992,2024-04-29,0.6401724,1,STT
14993,2024-03-28,0.5200571,-1,DHR
14994,2024-04-01,0.49107164,-1,PM
14995,2024-05-10,0.35129878,-1,MLM
14996,2024-04-19,0.4313847,-1,SPGI
14997,2024-04-23,0.5221687,-1,EW
14998,2024-04-29,0.4630366,1,PTC
14999,2024-05-21,0.5772351,-1,BLK
15000,2024-04-25,0.48695597,-1,MKC
15001,2024-04-16,0.45508927,1,MS
15002,2024-04-04,0.4899266,-1,UHS
15003,2024-05-09,0.6709595,1,MKTX
15004,2024-05-21,0.49620628,1,FCX
15005,2024-04-30,0.5445358,1,CLX
15006,2024-05-10,0.36287418,1,TMO
15007,2024-05-14,0.5170114,-1,ZBH
15008,2024-05-23,0.40545672,1,XOM
15009,2024-04-01,0.43194622,1,XOM
15010,2024-05-06,0.4644465,1,INTC
15011,2024-05-03,0.4616255,1,CPB
15012,2024-04-03,0.58970785,-1,MDT
15013,2024-04-02,0.5078556,-1,VRSK
15014,2024-05-15,0.53291357,-1,TEL
15015,2024-05-23,0.5131234,1,KMB
15016,2024-04-24,0.52881134,1,CHRW
15017,2024-05-13,0.3768587,1,EVRG
15018,2024-05-08,0.45383283,1,UDR
15019,2024-05-07,0.51782465,1,RF
15020,2024-04-29,0.6761642,1,CCI
15021,2024-04-03,0.42200473,-1,PFE
15022,2024-05-16,0.5587023,-1,COF
15023,2024-04-04,0.47091433,-1,HUBB
15024,2024-05-08,0.57262033,1,TSCO
15025,2024-05-06,0.48638305,1,MLM
15026,2024-04-09,0.47048107,-1,STLD
15027,2024-04-18,0.32828292,-1,PPG
15028,2024-04-09,0.54618776,-1,GWW
15029,2024-04-15,0.543468,1,BR
15030,2024-04-18,0.48228148,1,SYY
15031,2024-04-18,0.47714755,-1,JBHT
15032,2024-05-06,0.3434439,1,MPWR
15033,2024-05-06,0.569181,1,USB
15034,2024-04-29,0.5438934,1,TRV
15035,2024-04-24,0.17257415,-1,OMC
15036,2024-04-18,0.44724166,1,ORCL
15037,2024-05-22,0.42998904,1,SWK
15038,2024-04-05,0.064218074,-1,IP
15039,2024-04-30,0.5098678,-1,MOS
15040,2024-04-29,0.4924665,1,BK
15041,2024-04-03,0.67663306,-1,CZR
15042,2024-05-07,0.5125624,-1,PGR
15043,2024-04-03,0.5025923,-1,APD
15044,2024-05-21,0.68453336,1,GLW
15045,2024-04-12,0.5651888,-1,ADSK
15046,2024-05-01,0.6176375,1,VRSN
15047,2024-04-25,0.28700614,-1,IQV
15048,2024-05-10,0.5479278,1,PG
15049,2024-04-23,0.3742421,-1,ADM
15050,2024-05-16,0.53499776,-1,FTNT
15051,2024-04-17,0.39695722,1,LMT
15052,2024-05-08,0.54000723,-1,HD
15053,2024-04-29,0.5183793,-1,EMR
15054,2024-05-13,0.51076293,-1,DOC
15055,2024-04-12,0.5136543,1,PTC
15056,2024-05-08,0.4154394,1,MMC
15057,2024-04-19,0.4520877,-1,MTCH
15058,2024-05-23,0.5943115,1,AIZ
15059,2024-05-20,0.43982205,-1,ED
15060,2024-05-07,0.8995336,1,MMC
15061,2024-04-10,0.57340854,-1,TFC
15062,2024-04-24,0.43894875,-1,ZBH
15063,2024-05-14,0.45729148,-1,EVRG
15064,2024-05-13,0.4471852,-1,COF
15065,2024-05-10,0.4855211,-1,CMI
15066,2024-05-09,0.50578797,1,AMT
15067,2024-05-13,0.703315,1,CF
15068,2024-04-12,0.52816045,1,LIN
15069,2024-04-25,0.4322982,-1,CTRA
15070,2024-05-01,0.4647381,1,FFIV
15071,2024-05-02,0.4810941,1,NVR
15072,2024-05-01,0.4446758,1,CMCSA
15073,2024-05-23,0.3329634,-1,CDW
15074,2024-04-05,0.29132658,-1,CHTR
15075,2024-05-20,0.55022734,-1,GPC
15076,2024-05-07,0.52220285,1,LDOS
15077,2024-05-21,0.572389,-1,HON
15078,2024-04-24,0.33438468,-1,MPC
15079,2024-05-20,0.30260143,-1,ALGN
15080,2024-03-28,0.5861039,-1,CHD
15081,2024-04-09,0.52185935,-1,CEG
15082,2024-04-15,0.53115326,-1,ULTA
15083,2024-05-22,0.51149094,1,VST
15084,2024-05-20,0.39207387,-1,AKAM
15085,2024-04-09,0.6175561,-1,DHR
15086,2024-05-17,0.60591495,1,SPG
15087,2024-05-15,0.5148961,1,EBAY
15088,2024-04-09,0.5477941,-1,HBAN
15089,2024-05-17,0.298547,1,HPE
15090,2024-04-25,0.46737033,1,PFE
15091,2024-04-03,0.76892936,1,ON
15092,2024-04-10,0.51759106,-1,COP
15093,2024-05-03,0.6135267,1,LUV
15094,2024-05-16,0.48336717,-1,CRM
15095,2024-05-09,0.21864305,1,MPWR
15096,2024-04-01,0.37962645,-1,CSX
15097,2024-04-15,0.5645234,1,CSCO
15098,2024-05-14,0.4736013,-1,CEG
15099,2024-05-03,0.5994834,-1,NCLH
15100,2024-04-02,0.4411197,-1,HST
15101,2024-04-25,0.5510725,-1,AFL
15102,2024-04-25,0.6969099,-1,GILD
15103,2024-04-26,0.5843491,-1,STLD
15104,2024-04-10,0.54037714,-1,ETSY
15105,2024-05-22,0.6258517,1,SNA
15106,2024-05-03,0.65083313,1,APH
15107,2024-05-21,0.5823096,1,FOXA
15108,2024-04-23,0.45034432,1,DPZ
15109,2024-04-09,0.40038383,-1,EG
15110,2024-04-29,0.6662294,1,EVRG
15111,2024-04-22,0.38230985,-1,OKE
15112,2024-03-28,0.2743161,-1,TROW
15113,2024-04-08,0.49601525,-1,HAL
15114,2024-04-03,0.57999855,1,D
15115,2024-04-18,0.67153096,-1,FTV
15116,2024-04-30,0.4253153,1,BBWI
15117,2024-04-04,0.519363,-1,SWK
15118,2024-05-02,0.16891773,-1,GPC
15119,2024-04-04,0.4439816,-1,C
15120,2024-05-15,0.5033271,-1,GIS
15121,2024-04-30,0.706892,1,SWKS
15122,2024-04-03,0.6291098,1,NKE
15123,2024-05-23,0.5065955,-1,PAYC
15124,2024-05-21,0.63585,-1,CBOE
15125,2024-04-05,0.3667047,1,CHD
15126,2024-04-23,0.48071298,-1,COF
15127,2024-04-29,0.35800126,1,EA
15128,2024-04-11,0.26782984,-1,AIZ
15129,2024-05-22,0.46418136,-1,INTU
15130,2024-05-13,0.42494637,-1,NDSN
15131,2024-05-21,0.77512395,-1,CCL
15132,2024-04-26,0.36372992,-1,IT
15133,2024-04-17,0.45000792,-1,BDX
15134,2024-05-17,0.44628516,-1,DAL
15135,2024-04-15,0.598322,-1,NFLX
15136,2024-04-08,0.46561563,-1,KIM
15137,2024-03-28,0.516832,-1,FAST
15138,2024-05-17,0.49834803,-1,ED
15139,2024-04-05,0.521031,-1,GEHC
15140,2024-05-07,0.51210153,1,ADI
15141,2024-04-15,0.5269553,1,WBA
15142,2024-04-11,0.2837249,1,LW
15143,2024-04-01,0.21504962,-1,CTSH
15144,2024-05-22,0.4799721,1,NCLH
15145,2024-05-20,0.4958784,-1,MDLZ
15146,2024-04-12,0.42165157,1,CF
15147,2024-04-23,0.9092383,-1,ROP
15148,2024-05-08,0.53897715,1,CDW
15149,2024-04-11,0.4551752,-1,OXY
15150,2024-05-08,0.41444442,1,MPWR
15151,2024-05-14,0.4788682,-1,CARR
15152,2024-04-02,0.40285555,-1,RJF
15153,2024-04-16,0.061050106,1,SYY
15154,2024-04-09,0.61353755,-1,REG
15155,2024-04-10,0.4903235,-1,ACN
15156,2024-04-01,0.46779683,1,HUM
15157,2024-04-24,0.34436274,1,DHI
15158,2024-04-03,0.519462,-1,NWS
15159,2024-04-05,0.53610206,-1,WDC
15160,2024-04-22,0.3789684,1,LHX
15161,2024-04-29,0.2866884,1,TER
15162,2024-04-04,0.4294275,-1,J
15163,2024-04-23,0.51380265,-1,KR
15164,2024-05-14,0.57373524,-1,BX
15165,2024-04-09,0.4788869,-1,VZ
15166,2024-05-13,0.4153375,-1,BDX
15167,2024-05-21,0.45774227,-1,OKE
15168,2024-04-18,0.45940655,1,MSI
15169,2024-04-22,0.4672608,1,PNR
15170,2024-05-02,0.44481698,1,BXP
15171,2024-04-23,0.38692605,-1,ADI
15172,2024-04-09,0.41459504,1,FDS
15173,2024-04-08,0.4967041,-1,LKQ
15174,2024-05-16,0.5184509,-1,BAX
15175,2024-05-03,0.39365515,1,JBHT
15176,2024-05-23,0.55085343,-1,EQR
15177,2024-04-15,0.33860955,-1,FAST
15178,2024-04-03,0.5409392,-1,EA
15179,2024-04-12,0.34857205,1,STX
15180,2024-05-20,0.3783827,-1,AVGO
15181,2024-05-21,0.5270643,1,TTWO
15182,2024-05-20,0.4861341,-1,RTX
15183,2024-04-16,0.6155959,1,JPM
15184,2024-05-23,0.36572695,1,AMT
15185,2024-05-21,0.5491153,1,HPQ
15186,2024-05-13,0.47014832,1,FCX
15187,2024-04-30,0.3197473,1,D
15188,2024-05-20,0.44606143,-1,LUV
15189,2024-04-03,0.42676422,1,NEM
15190,2024-05-15,0.5235211,-1,PEP
15191,2024-05-13,0.60949916,-1,AMZN
15192,2024-05-14,0.37324986,-1,WDC
15193,2024-04-23,0.5479642,-1,MS
15194,2024-05-21,0.45022705,1,TGT
15195,2024-05-08,0.44508773,-1,PSX
15196,2024-04-23,0.45231777,1,MRK
15197,2024-04-09,0.516931,-1,ENPH
15198,2024-04-02,0.6024167,-1,AFL
15199,2024-05-20,0.28637287,-1,AFL
15200,2024-04-19,0.3840555,1,WDC
15201,2024-04-30,0.28897125,-1,SJM
15202,2024-05-09,0.5391377,1,MCK
15203,2024-04-25,0.58500034,1,REG
15204,2024-05-02,0.4283782,1,AIZ
15205,2024-04-01,0.5765457,1,PEG
15206,2024-04-29,0.51183045,-1,BALL
15207,2024-05-03,0.5374911,1,NWSA
15208,2024-04-24,0.3908194,1,HWM
15209,2024-03-28,0.26063812,-1,LDOS
15210,2024-05-02,0.36374846,1,CZR
15211,2024-05-23,0.5458086,-1,FTNT
15212,2024-05-02,0.32995135,1,APD
15213,2024-05-08,0.5150677,-1,LKQ
15214,2024-04-17,0.6070306,1,DOC
15215,2024-04-26,0.5833846,-1,AMD
15216,2024-05-01,0.54688966,1,AEP
15217,2024-05-22,0.40032858,1,WMT
15218,2024-04-04,0.7205215,-1,TROW
15219,2024-05-10,0.40308604,-1,RF
15220,2024-05-01,0.5493833,1,GOOGL
15221,2024-04-26,0.43190873,-1,LH
15222,2024-05-02,0.22818132,1,CRM
15223,2024-04-02,0.51025605,-1,CLX
15224,2024-04-19,0.5290605,1,FOX
15225,2024-05-15,0.5488536,1,COST
15226,2024-05-16,0.45773274,-1,AIZ
15227,2024-05-07,0.43955284,-1,DIS
15228,2024-03-28,0.3077962,-1,DRI
15229,2024-04-08,0.4585267,-1,MMC
15230,2024-04-16,0.72785985,1,HBAN
15231,2024-05-06,0.4314683,1,FAST
15232,2024-05-07,0.62895745,1,ON
15233,2024-04-26,0.58963406,-1,HST
15234,2024-05-22,0.6770651,-1,FTNT
15235,2024-04-17,0.4994248,1,EFX
15236,2024-05-03,0.61468685,1,PG
15237,2024-05-02,0.5003754,1,NFLX
15238,2024-04-29,0.5045215,1,NUE
15239,2024-04-15,0.537537,-1,NUE
15240,2024-04-02,0.48994687,-1,MCO
15241,2024-04-15,0.50156146,1,HAL
15242,2024-04-12,0.48737127,-1,SHW
15243,2024-04-02,0.3574597,1,KMB
15244,2024-05-15,0.54533374,-1,CFG
15245,2024-04-04,0.49682507,-1,HIG
15246,2024-04-25,0.5035174,1,AVB
15247,2024-04-24,0.47286463,1,DHR
15248,2024-05-13,0.6843901,-1,PFG
15249,2024-05-01,0.47903407,1,ED
15250,2024-04-04,0.43242136,-1,ALLE
15251,2024-05-14,0.3303795,-1,MAA
15252,2024-05-17,0.62213165,-1,SWK
15253,2024-04-30,0.5847652,1,ORLY
15254,2024-05-15,0.5304449,-1,DLTR
15255,2024-04-15,0.5667375,1,KMB
15256,2024-05-01,0.60838985,1,KIM
15257,2024-05-10,0.51389486,1,ZTS
15258,2024-04-29,0.5336686,1,STE
15259,2024-05-07,0.5199462,1,DHR
15260,2024-04-15,0.49190888,-1,AMP
15261,2024-04-23,0.4505912,-1,AAL
15262,2024-04-30,0.6321807,1,SYF
15263,2024-05-03,0.47166717,1,LYB
15264,2024-05-22,0.5059163,-1,COP
15265,2024-05-09,0.47324592,1,ELV
15266,2024-04-05,0.4681699,-1,HLT
15267,2024-04-22,0.5410088,-1,ROST
15268,2024-05-15,0.49089694,-1,EPAM
15269,2024-05-10,0.5915296,1,CME
15270,2024-05-17,0.58057606,-1,MCO
15271,2024-05-23,0.50963163,1,ENPH
15272,2024-05-20,0.54507536,-1,PKG
15273,2024-04-25,0.41907945,-1,TMO
15274,2024-04-22,0.55330104,1,BBWI
15275,2024-04-01,0.37067312,-1,CFG
15276,2024-04-18,0.19181696,-1,JKHY
15277,2024-04-05,0.25528753,-1,F
15278,2024-04-04,0.50261354,-1,AME
15279,2024-04-10,0.44161218,-1,CE
15280,2024-04-24,0.36092332,-1,NUE
15281,2024-05-09,0.60734516,1,NVR
15282,2024-03-28,0.44077018,-1,WMT
15283,2024-05-01,0.3225994,-1,BDX
15284,2024-05-06,0.45636976,1,IPG
15285,2024-04-08,0.63134664,-1,KO
15286,2024-05-07,0.66481596,1,SBUX
15287,2024-05-02,0.46754712,1,CHRW
15288,2024-04-03,0.50152975,-1,AXP
15289,2024-05-13,0.54253626,1,CPRT
15290,2024-04-30,0.46902442,1,RCL
15291,2024-04-19,0.37117183,1,ENPH
15292,2024-04-18,0.39406058,-1,SJM
15293,2024-04-16,0.85163635,-1,CTAS
15294,2024-04-09,0.4330835,-1,MNST
15295,2024-04-24,0.38796255,-1,SNPS
15296,2024-03-28,0.19252977,-1,AAL
15297,2024-05-14,0.48715833,-1,KEY
15298,2024-04-05,0.252525,-1,AFL
15299,2024-05-15,0.3718511,1,GE
15300,2024-05-08,0.45328116,1,INTC
15301,2024-05-08,0.42789438,1,FSLR
15302,2024-05-23,0.48638684,-1,LH
15303,2024-05-14,0.49640116,1,KHC
15304,2024-04-29,0.49005786,-1,JNPR
15305,2024-05-01,0.48633185,-1,DIS
15306,2024-04-02,0.6400662,-1,IVZ
15307,2024-04-24,0.5768692,1,GILD
15308,2024-04-12,0.4509381,1,KEY
15309,2024-04-03,0.53990984,-1,MHK
15310,2024-04-12,0.5294545,1,CTRA
15311,2024-05-06,0.48517433,1,HII
15312,2024-05-16,0.39242876,-1,CSCO
15313,2024-05-08,0.5202082,1,MAR
15314,2024-05-22,0.45069292,1,LHX
15315,2024-05-13,0.48857906,1,ETN
15316,2024-05-17,0.53341436,1,KDP
15317,2024-04-26,0.42226392,-1,WMT
15318,2024-05-23,0.5054054,-1,GS
15319,2024-04-15,0.44237936,1,CFG
15320,2024-04-18,0.499701,1,PYPL
15321,2024-05-14,0.47554502,-1,VMC
15322,2024-04-15,0.5100512,1,BSX
15323,2024-04-29,0.50367284,-1,EL
15324,2024-04-09,0.7857599,-1,SYF
15325,2024-05-22,0.5333292,1,BWA
15326,2024-04-29,0.4749733,1,CDNS
15327,2024-05-10,0.4072008,1,GOOG
15328,2024-05-10,0.48148197,1,SRE
15329,2024-05-23,0.24636629,-1,ACN
15330,2024-04-01,0.60122514,1,NDSN
15331,2024-04-30,0.45083946,-1,AME
15332,2024-04-05,0.30976453,-1,ORCL
15333,2024-05-07,0.45416814,-1,ALL
15334,2024-04-02,0.5870465,-1,IRM
15335,2024-05-09,0.3719437,1,HAS
15336,2024-04-09,0.48314804,1,SBUX
15337,2024-04-24,0.4471811,-1,PNR
15338,2024-04-30,0.21817656,1,STT
15339,2024-04-23,0.50774854,1,HII
15340,2024-05-06,0.4856473,1,COST
15341,2024-05-01,0.6267817,1,PLD
15342,2024-05-01,0.46809307,1,ITW
15343,2024-04-16,0.5358486,-1,IEX
15344,2024-05-07,0.6348824,1,WBA
15345,2024-04-17,0.27396032,-1,SWK
15346,2024-04-02,0.49143872,-1,KLAC
15347,2024-04-24,0.45424357,-1,MAS
15348,2024-04-24,0.6308643,-1,LUV
15349,2024-04-17,0.47314996,1,MHK
15350,2024-05-13,0.48165005,1,LMT
15351,2024-04-29,0.5052252,1,WMB
15352,2024-04-11,0.1498122,-1,RVTY
15353,2024-05-14,0.47533083,1,MSFT
15354,2024-05-13,0.4126485,1,HWM
15355,2024-04-19,0.41591027,1,EVRG
15356,2024-04-05,0.45347,-1,ECL
15357,2024-05-20,0.44785726,-1,AMAT
15358,2024-05-07,0.34764054,1,CTSH
15359,2024-04-11,0.5256495,1,MRK
15360,2024-05-09,0.5695439,1,BIO
15361,2024-04-01,0.51333874,1,ARE
15362,2024-05-03,0.2926814,1,RTX
15363,2024-04-26,0.6401211,1,NOW
15364,2024-05-01,0.40881535,1,LHX
15365,2024-05-03,0.39192155,1,LH
15366,2024-04-12,0.42070255,1,FIS
15367,2024-05-22,0.5331639,-1,NDAQ
15368,2024-05-15,0.60166574,-1,AZO
15369,2024-04-03,0.49201855,1,EXPE
15370,2024-05-17,0.50362474,-1,PNC
15371,2024-05-07,0.41238126,-1,CTLT
15372,2024-05-15,0.4677224,-1,MAA
15373,2024-04-09,0.49315974,-1,GPC
15374,2024-04-22,0.5598468,1,ADI
15375,2024-04-03,0.43048435,1,ALB
15376,2024-04-04,0.33685672,-1,CBRE
15377,2024-05-16,0.30753887,1,AVGO
15378,2024-04-11,0.40164325,1,CNP
15379,2024-05-09,0.49307135,1,RL
15380,2024-04-15,0.3588317,1,BBWI
15381,2024-05-20,0.51241106,-1,GOOG
15382,2024-04-23,0.6476466,1,JNJ
15383,2024-04-17,0.46857163,1,HON
15384,2024-04-03,0.13226315,-1,ATO
15385,2024-04-19,0.62969357,1,SBAC
15386,2024-04-11,0.33893076,1,ELV
15387,2024-04-01,0.41907617,1,BK
15388,2024-04-18,0.38923177,-1,TRV
15389,2024-04-25,0.28878912,1,MPWR
15390,2024-05-13,0.5068042,-1,CLX
15391,2024-04-01,0.52552074,1,UDR
15392,2024-05-01,0.49229145,1,AMAT
15393,2024-04-12,0.65389496,1,DE
15394,2024-04-26,0.6691999,1,LNT
15395,2024-04-18,0.29662657,-1,MGM
15396,2024-05-01,0.41673923,1,SYF
15397,2024-05-23,0.5558407,-1,CAG
15398,2024-04-24,0.6702644,1,TDY
15399,2024-04-25,0.44125786,-1,EW
15400,2024-05-14,0.535707,1,MRNA
15401,2024-04-09,0.47583115,-1,YUM
15402,2024-04-17,0.59814656,-1,PLD
15403,2024-04-25,0.5818835,1,XEL
15404,2024-05-14,0.42757237,1,CB
15405,2024-04-26,0.6456801,1,BIIB
15406,2024-05-21,0.57115746,-1,LNT
15407,2024-03-28,0.52510244,-1,ORLY
15408,2024-04-01,0.49638814,1,PWR
15409,2024-05-10,0.613825,1,ANET
15410,2024-04-03,0.49797723,1,HCA
15411,2024-05-22,0.21878785,-1,PSA
15412,2024-05-17,0.7185387,1,MSFT
15413,2024-04-22,0.3763462,-1,AEE
15414,2024-04-24,0.53512,-1,BBWI
15415,2024-04-04,0.14518598,-1,FTV
15416,2024-04-30,0.47627288,-1,COP
15417,2024-05-01,0.46601605,1,PAYX
15418,2024-04-04,0.46027157,-1,AXP
15419,2024-05-16,0.47654578,-1,EQIX
15420,2024-04-04,0.4817557,-1,CPRT
15421,2024-04-02,0.60726714,-1,MPC
15422,2024-04-23,0.34521496,-1,WTW
15423,2024-03-28,0.43405318,-1,APA
15424,2024-04-11,0.5530367,1,KR
15425,2024-04-17,0.46000537,1,PGR
15426,2024-05-23,0.4844184,-1,KVUE
15427,2024-05-20,0.49959233,-1,MTD
15428,2024-04-19,0.56784695,-1,PARA
15429,2024-04-11,0.38072717,-1,XYL
15430,2024-05-07,0.36013147,1,SO
15431,2024-04-12,0.5278923,1,LULU
15432,2024-05-01,0.41333833,1,EG
15433,2024-04-05,0.33086553,-1,PPG
15434,2024-04-18,0.5643876,1,TFX
15435,2024-05-17,0.44423014,-1,UHS
15436,2024-04-26,0.49296343,-1,KDP
15437,2024-05-20,0.5940157,-1,DLTR
15438,2024-05-06,0.57027495,1,MCD
15439,2024-05-06,0.4213511,-1,PSX
15440,2024-05-21,0.48741955,-1,WMT
15441,2024-04-17,0.41509187,1,KDP
15442,2024-05-08,0.032642912,1,CRWD
15443,2024-04-25,0.58532363,-1,BX
15444,2024-05-03,0.44242674,1,KVUE
15445,2024-05-09,0.23484151,1,HAL
15446,2024-04-29,0.5920188,1,CNP
15447,2024-04-02,0.5677949,-1,EMN
15448,2024-05-20,0.50941175,-1,HUBB
15449,2024-04-05,0.4076742,-1,PLD
15450,2024-04-30,0.48970088,1,NDSN
15451,2024-04-11,0.47191763,-1,C
15452,2024-04-26,0.50050473,-1,SBUX
15453,2024-04-03,0.3644501,1,EXPD
15454,2024-05-17,0.55029106,-1,LYV
15455,2024-04-22,0.3714351,1,PPL
15456,2024-04-26,0.54640335,-1,BALL
15457,2024-04-12,0.32494146,1,CFG
15458,2024-04-25,0.5732166,-1,BEN
15459,2024-04-12,0.40216798,1,BALL
15460,2024-05-15,0.42291364,1,ENPH
15461,2024-04-04,0.50381744,-1,KEYS
15462,2024-04-17,0.46519488,1,ETR
15463,2024-04-03,0.47723478,-1,MTB
15464,2024-05-16,0.8323771,1,HII
15465,2024-04-29,0.5459293,1,FMC
15466,2024-05-08,0.47158685,1,EQR
15467,2024-05-08,0.47531056,1,WMT
15468,2024-04-24,0.60621214,1,MKTX
15469,2024-04-01,0.5172739,-1,HLT
15470,2024-04-29,0.6749253,1,MGM
15471,2024-04-17,0.33532262,1,KO
15472,2024-04-19,0.5108692,1,GRMN
15473,2024-04-24,0.5734585,-1,UNH
15474,2024-04-11,0.037110634,-1,FTNT
15475,2024-05-23,0.77329767,1,WRB
15476,2024-05-09,0.45943737,1,ETR
15477,2024-04-10,0.5150187,-1,AME
15478,2024-05-20,0.69619846,-1,MAA
15479,2024-04-09,0.4569067,-1,PNR
15480,2024-04-15,0.37908182,-1,DXCM
15481,2024-05-23,0.33951885,-1,CARR
15482,2024-04-24,0.41409045,1,MMM
15483,2024-05-08,0.43677527,1,WMB
15484,2024-04-30,0.3879636,1,TROW
15485,2024-04-15,0.5085184,-1,VLO
15486,2024-04-12,0.33919513,-1,ADI
15487,2024-05-10,0.3530831,1,SO
15488,2024-04-01,0.5891876,1,SBAC
15489,2024-04-11,0.5153997,1,JPM
15490,2024-05-15,0.61571074,-1,HLT
15491,2024-05-21,0.5554743,-1,A
15492,2024-05-08,0.46465853,1,ORCL
15493,2024-05-15,0.43050674,-1,NTRS
15494,2024-04-08,0.6082256,-1,SRE
15495,2024-04-12,0.3956319,-1,IEX
15496,2024-03-28,0.46754548,-1,DLTR
15497,2024-04-30,0.23856029,1,RTX
15498,2024-05-14,0.4662438,1,AJG
15499,2024-05-21,0.64326817,-1,FRT
15500,2024-04-15,0.4788729,-1,QCOM
15501,2024-05-21,0.5632119,1,FOX
15502,2024-05-08,0.5706465,1,AAL
15503,2024-04-09,0.5167328,-1,ROK
15504,2024-04-29,0.616379,1,MHK
15505,2024-03-28,0.48322776,-1,TGT
15506,2024-04-22,0.53629386,1,CHD
15507,2024-05-23,0.4638354,1,APD
15508,2024-04-02,0.40147963,1,GNRC
15509,2024-05-06,0.41437098,1,GIS
15510,2024-05-08,0.53080064,1,ADBE
15511,2024-04-04,0.5209437,-1,INCY
15512,2024-04-25,0.5132792,-1,COR
15513,2024-04-23,0.46648988,1,ALB
15514,2024-04-26,0.3671275,1,ABBV
15515,2024-04-23,0.48598456,-1,CFG
15516,2024-04-12,0.50391114,1,GIS
15517,2024-04-17,0.5738076,1,CLX
15518,2024-05-23,0.43792078,1,CSCO
15519,2024-05-03,0.5641398,1,SYY
15520,2024-05-02,0.5637527,1,MMM
15521,2024-03-28,0.9419487,-1,MRNA
15522,2024-04-22,0.54108936,-1,GWW
15523,2024-05-17,0.38642088,1,VRTX
15524,2024-04-05,0.35514268,-1,HII
15525,2024-04-26,0.50236213,-1,NEM
15526,2024-04-01,0.5184508,-1,PFG
15527,2024-04-24,0.3074267,-1,BKR
15528,2024-05-13,0.52501476,-1,SHW
15529,2024-04-09,0.482532,-1,MRNA
15530,2024-04-24,0.36819822,-1,ETN
15531,2024-05-16,0.46175405,-1,MTB
15532,2024-05-03,0.47265753,1,GS
15533,2024-04-24,0.35954535,-1,STT
15534,2024-05-17,0.4691252,-1,LUV
15535,2024-04-09,0.46119958,-1,MTD
15536,2024-04-09,0.62208515,-1,EXPD
15537,2024-05-17,0.5117311,-1,AJG
15538,2024-05-16,0.6043149,-1,UNH
15539,2024-04-29,0.35436276,1,RF
15540,2024-04-05,0.3459522,-1,BALL
15541,2024-04-05,0.6910972,-1,PEP
15542,2024-05-14,0.5091593,-1,SNA
15543,2024-05-08,0.55828303,1,PKG
15544,2024-04-12,0.36383733,-1,CTLT
15545,2024-04-19,0.41418457,1,SYF
15546,2024-04-15,0.42789236,1,JKHY
15547,2024-04-22,0.47201288,-1,VRSN
15548,2024-05-09,0.6433371,-1,SYF
15549,2024-05-08,0.5032658,-1,AME
15550,2024-04-22,0.5418467,1,AEP
15551,2024-04-16,0.39135578,1,COP
15552,2024-05-17,0.67097056,-1,LVS
15553,2024-04-26,0.5808046,1,AWK
15554,2024-05-15,0.40092072,-1,CI
15555,2024-05-10,0.4585168,1,AAPL
15556,2024-04-24,0.32678565,-1,CRM
15557,2024-05-15,0.514781,1,DOV
15558,2024-05-23,0.5468394,1,KMX
15559,2024-05-14,0.38856897,-1,MTCH
15560,2024-04-12,0.5378152,-1,LLY
15561,2024-04-01,0.4516569,1,BKR
15562,2024-05-02,0.35056996,1,PNR
15563,2024-05-22,0.56934214,1,CZR
15564,2024-04-26,0.43375278,-1,MAR
15565,2024-04-26,0.6221087,1,EXPD
15566,2024-04-01,0.29872933,1,GS
15567,2024-04-16,0.18957597,1,KDP
15568,2024-04-02,0.5955515,-1,AMD
15569,2024-04-04,0.4955223,-1,UBER
15570,2024-04-04,0.42455512,-1,ORLY
15571,2024-04-05,0.21585555,-1,DGX
15572,2024-05-20,0.5376261,-1,MPC
15573,2024-05-14,0.50711155,1,MO
15574,2024-05-21,0.567518,1,WDC
15575,2024-05-20,0.49657434,1,STX
15576,2024-04-30,0.5615932,1,EXR
15577,2024-05-09,0.5583892,1,NDAQ
15578,2024-04-04,0.71113,-1,AMCR
15579,2024-05-22,0.53909457,1,VZ
15580,2024-05-03,0.38281253,-1,WDC
15581,2024-04-11,0.5243235,-1,FANG
15582,2024-03-28,0.58004946,-1,CI
15583,2024-04-22,0.44258735,-1,MCD
15584,2024-05-21,0.41376004,-1,LHX
15585,2024-05-20,0.5264689,1,GE
15586,2024-04-23,0.5275779,-1,XEL
15587,2024-05-01,0.48176125,1,NWS
15588,2024-05-13,0.388317,1,EIX
15589,2024-04-25,0.5409423,1,LLY
15590,2024-04-17,0.40376115,-1,FCX
15591,2024-04-16,0.5071594,1,PARA
15592,2024-05-08,0.55505353,-1,DIS
15593,2024-04-26,0.6615096,-1,VRSN
15594,2024-05-16,0.47408083,-1,SWK
15595,2024-04-26,0.7129273,-1,JCI
15596,2024-05-21,0.5234076,-1,URI
15597,2024-05-14,0.5991396,-1,POOL
15598,2024-05-16,0.6736539,-1,DHI
15599,2024-05-02,0.48247755,1,OMC
15600,2024-05-03,0.81722844,1,WAT
15601,2024-04-04,0.6035068,-1,EFX
15602,2024-04-26,0.32262462,1,EIX
15603,2024-04-09,0.6335353,-1,MPWR
15604,2024-05-02,0.45054165,1,FOXA
15605,2024-05-07,0.4564987,-1,NKE
15606,2024-03-28,0.4607936,-1,GLW
15607,2024-05-03,0.4486305,1,MKTX
15608,2024-04-11,0.4776491,1,KVUE
15609,2024-04-25,0.49903664,1,CMCSA
15610,2024-04-30,0.38284045,1,DHI
15611,2024-05-23,0.45949224,-1,NXPI
15612,2024-04-11,0.4627095,-1,DVN
15613,2024-04-03,0.47289032,1,BXP
15614,2024-05-10,0.4908072,1,TTWO
15615,2024-04-18,0.47797608,1,WMB
15616,2024-04-10,0.5281695,-1,AMAT
15617,2024-05-07,0.51515627,1,APH
15618,2024-05-21,0.32804638,-1,IPG
15619,2024-05-09,0.415463,1,GNRC
15620,2024-04-03,0.5225205,-1,EVRG
15621,2024-05-17,0.5599701,-1,TPR
15622,2024-04-19,0.45289475,1,QRVO
15623,2024-04-11,0.4742296,-1,ALLE
15624,2024-04-18,0.36353847,1,PCAR
15625,2024-04-03,0.45980585,1,LRCX
15626,2024-05-08,0.5217585,1,FCX
15627,2024-04-09,0.60360116,-1,POOL
15628,2024-04-22,0.5016922,-1,AMT
15629,2024-05-03,0.4914034,-1,HD
15630,2024-04-11,0.44381887,-1,J
15631,2024-04-19,0.49343136,-1,CRL
15632,2024-03-28,0.5036042,1,DLR
15633,2024-04-25,0.07099379,-1,POOL
15634,2024-05-08,0.5947324,1,LW
15635,2024-05-09,0.4766979,1,IFF
15636,2024-04-03,0.037055966,-1,GLW
15637,2024-04-12,0.36387485,1,CHD
15638,2024-05-01,0.55240595,1,MTB
15639,2024-04-18,0.503516,1,MKC
15640,2024-05-22,0.40738013,1,LW
15641,2024-04-22,0.4600607,-1,SYY
15642,2024-05-21,0.5236181,-1,EW
15643,2024-04-25,0.20547935,1,HSY
15644,2024-04-15,0.44230393,1,HBAN
15645,2024-04-24,0.45929688,-1,FIS
15646,2024-04-17,0.38000935,1,NEE
15647,2024-05-03,0.50242114,1,VST
15648,2024-04-25,0.5108151,1,IP
15649,2024-04-12,0.5893384,-1,IDXX
15650,2024-04-03,0.51368606,-1,JNPR
15651,2024-04-01,0.57563674,1,DGX
15652,2024-04-04,0.39898908,-1,AON
15653,2024-05-16,0.4669929,1,LRCX
15654,2024-04-19,0.33514383,1,NRG
15655,2024-04-18,0.42500257,-1,NDAQ
15656,2024-05-07,0.47458014,1,DLR
15657,2024-05-03,0.45537785,1,NXPI
15658,2024-04-15,0.38722283,1,LHX
15659,2024-05-08,0.5026685,1,KHC
15660,2024-04-22,0.44333726,-1,TFX
15661,2024-04-02,0.33086053,-1,CHD
15662,2024-05-03,0.48595166,1,PRU
15663,2024-04-11,0.45647782,-1,NXPI
15664,2024-04-16,0.6204527,-1,ZTS
15665,2024-04-12,0.40590253,-1,AKAM
15666,2024-04-22,0.45672825,1,MPWR
15667,2024-05-13,0.56848484,1,UDR
15668,2024-04-25,0.53721535,1,TYL
15669,2024-05-21,0.48536932,-1,EPAM
15670,2024-04-10,0.41940138,-1,NVR
15671,2024-04-24,0.50530475,1,JBHT
15672,2024-05-13,0.6413562,1,HCA
15673,2024-04-17,0.3996717,-1,BMY
15674,2024-04-25,0.50099945,-1,MRK
15675,2024-04-02,0.48200095,1,HOLX
15676,2024-04-10,0.36627814,-1,EIX
15677,2024-04-01,0.7312819,1,PNW
15678,2024-04-17,0.57579964,1,ABT
15679,2024-05-16,0.46997517,-1,LYV
15680,2024-03-28,0.5523036,-1,NTRS
15681,2024-04-25,0.3906373,1,TMUS
15682,2024-04-12,0.3800592,1,ABNB
15683,2024-05-03,0.44785213,1,KMI
15684,2024-05-07,0.65035045,1,BDX
15685,2024-05-14,0.51024973,-1,DOC
15686,2024-05-21,0.5622838,-1,MAS
15687,2024-04-18,0.48621738,1,A
15688,2024-05-06,0.37609696,-1,EOG
15689,2024-04-15,0.49681237,1,LEN
15690,2024-04-05,0.50444335,-1,PRU
15691,2024-05-20,0.51129526,1,SNPS
15692,2024-05-14,0.5799794,-1,MA
15693,2024-05-07,0.5544156,-1,CME
15694,2024-05-22,0.5106115,1,UBER
15695,2024-04-05,0.4275477,-1,KDP
15696,2024-05-09,0.5576671,-1,ACN
15697,2024-04-11,0.19989711,1,TDY
15698,2024-04-08,0.51690894,-1,TDY
15699,2024-04-02,0.43224645,1,NOC
15700,2024-05-23,0.44274008,-1,UDR
15701,2024-05-22,0.27993596,-1,DAL
15702,2024-05-08,0.40536645,-1,ZBH
15703,2024-05-13,0.48316908,1,FDS
15704,2024-04-18,0.41630688,1,TYL
15705,2024-05-16,0.72456455,-1,TRMB
15706,2024-04-30,0.36401337,1,EQT
15707,2024-04-10,0.49442136,-1,C
15708,2024-04-25,0.53471494,-1,COF
15709,2024-04-03,0.487795,1,HWM
15710,2024-05-09,0.4659905,1,HSIC
15711,2024-05-15,0.5869902,-1,QRVO
15712,2024-05-08,0.15657815,-1,NDSN
15713,2024-04-19,0.50910884,1,EQT
15714,2024-05-23,0.36581495,1,CCI
15715,2024-05-13,0.4897667,1,ACGL
15716,2024-05-14,0.44664934,1,COST
15717,2024-04-02,0.45333865,1,META
15718,2024-04-19,0.2857855,1,WAB
15719,2024-05-21,0.53659534,1,BG
15720,2024-05-21,0.41981164,-1,ELV
15721,2024-04-16,0.51723814,1,MTD
15722,2024-04-04,0.20968916,-1,KO
15723,2024-05-15,0.61263627,1,TMUS
15724,2024-04-09,0.46281135,-1,LDOS
15725,2024-04-04,0.4993994,-1,AEP
15726,2024-04-04,0.49698755,-1,GEHC
15727,2024-05-20,0.7889581,-1,C
15728,2024-05-03,0.4746671,-1,PHM
15729,2024-04-05,0.53377503,-1,VTR
15730,2024-04-26,0.2434478,1,PARA
15731,2024-04-04,0.2980007,-1,SNPS
15732,2024-04-26,0.48572698,-1,SPG
15733,2024-04-01,0.42469215,1,BXP
15734,2024-04-11,0.2991289,1,PNC
15735,2024-04-10,0.5077493,-1,CSX
15736,2024-05-13,0.4116021,1,CHD
15737,2024-05-03,0.47113588,1,BRO
15738,2024-04-25,0.5379996,1,WY
15739,2024-05-16,0.40116042,1,BAC
15740,2024-05-02,0.50874084,1,MET
15741,2024-04-25,0.46228838,1,CINF
15742,2024-04-09,0.4170841,-1,AVB
15743,2024-04-04,0.16393325,1,FRT
15744,2024-04-04,0.553172,1,NRG
15745,2024-04-15,0.23946887,-1,CTAS
15746,2024-04-01,0.49426287,-1,APA
15747,2024-04-25,0.52432346,-1,NVR
15748,2024-04-30,0.3701793,1,HBAN
15749,2024-04-19,0.4838527,1,EXPE
15750,2024-05-10,0.6577876,-1,MAS
15751,2024-04-11,0.5830666,-1,AKAM
15752,2024-05-13,0.28187305,-1,HOLX
15753,2024-03-28,0.45053765,-1,PPG
15754,2024-04-30,0.5802513,1,TER
15755,2024-05-10,0.48384848,-1,COP
15756,2024-05-06,0.4422958,1,T
15757,2024-04-05,0.046138152,1,MTB
15758,2024-04-02,0.53246796,-1,SJM
15759,2024-05-15,0.57348907,-1,FTV
15760,2024-04-17,0.29275742,1,ED
15761,2024-04-10,0.57618517,1,NEE
15762,2024-04-08,0.5606675,-1,TFX
15763,2024-05-14,0.51155835,1,NKE
15764,2024-03-28,0.5097851,-1,BBWI
15765,2024-05-08,0.49176386,1,TECH
15766,2024-05-15,0.4958823,-1,WEC
15767,2024-04-18,0.114617445,1,AIG
15768,2024-04-03,0.45609528,-1,EQIX
15769,2024-04-16,0.45032957,1,MET
15770,2024-05-03,0.3957478,-1,PAYC
15771,2024-04-11,0.51003575,-1,ANET
15772,2024-04-15,0.5979272,1,CHD
15773,2024-05-23,0.4833092,-1,CTAS
15774,2024-04-19,0.5816162,1,LULU
15775,2024-04-24,0.39825898,1,GRMN
15776,2024-04-24,0.31660673,-1,ELV
15777,2024-04-29,0.49527648,1,LVS
15778,2024-05-20,0.45598727,-1,TRV
15779,2024-03-28,0.4588232,-1,WST
15780,2024-04-18,0.5084218,1,ICE
15781,2024-04-18,0.059087165,1,AFL
15782,2024-05-08,0.6030614,1,VRSK
15783,2024-04-26,0.5605591,1,LKQ
15784,2024-05-13,0.29184604,1,WEC
15785,2024-04-03,0.585446,-1,O
15786,2024-05-07,0.16107096,1,KEY
15787,2024-04-08,0.6279235,-1,DOV
15788,2024-05-16,0.5004783,-1,AON
15789,2024-04-01,0.28155038,1,LYB
15790,2024-04-01,0.5592609,-1,APD
15791,2024-05-07,0.43636638,1,CAT
15792,2024-04-22,0.74101067,-1,LUV
15793,2024-04-19,0.4831797,1,EOG
15794,2024-05-21,0.40895405,-1,LRCX
15795,2024-04-17,0.40682423,-1,JBHT
15796,2024-04-10,0.40735176,-1,MU
15797,2024-05-22,0.4291213,1,F
15798,2024-04-25,0.50430405,1,STE
15799,2024-03-28,0.47267833,-1,CL
15800,2024-05-15,0.5143177,-1,KMB
15801,2024-03-28,0.4638027,1,CEG
15802,2024-05-14,0.40146574,1,CTAS
15803,2024-04-04,0.40374982,-1,MAS
15804,2024-05-06,0.5687526,-1,KMB
15805,2024-05-02,0.56419003,1,EXC
15806,2024-05-20,0.570256,-1,AIZ
15807,2024-04-04,0.58183086,-1,PEP
15808,2024-05-07,0.4204455,1,GNRC
15809,2024-04-08,0.50046283,-1,PNR
15810,2024-05-06,0.3553608,1,CSCO
15811,2024-05-10,0.60561854,1,NWSA
15812,2024-04-25,0.66215193,-1,ADSK
15813,2024-04-30,0.43826115,1,CRM
15814,2024-04-12,0.47619942,-1,MPC
15815,2024-05-20,0.5499512,-1,MSI
15816,2024-05-07,0.5378663,1,NWSA
15817,2024-04-16,0.5250633,1,KMI
15818,2024-04-26,0.3814755,1,ROST
15819,2024-04-30,0.36666018,1,ARE
15820,2024-05-07,0.55140674,1,FAST
15821,2024-04-19,0.38913766,1,ALB
15822,2024-04-05,0.2836529,-1,BX
15823,2024-05-03,0.23720127,1,AVY
15824,2024-04-11,0.44103715,-1,VICI
15825,2024-04-08,0.32782176,-1,CNC
15826,2024-04-03,0.4050937,-1,ED
15827,2024-04-23,0.4113852,-1,AMD
15828,2024-04-05,0.5268124,-1,HSY
15829,2024-04-23,0.4481033,-1,WRB
15830,2024-04-24,0.7618844,1,WRB
15831,2024-04-12,0.42943037,-1,AVGO
15832,2024-04-19,0.4689004,1,PRU
15833,2024-04-15,0.4797999,1,STZ
15834,2024-04-09,0.6399372,-1,XEL
15835,2024-04-25,0.44336057,-1,MA
15836,2024-04-29,0.50914645,1,CSX
15837,2024-04-10,0.28768224,-1,DHI
15838,2024-05-09,0.4460518,1,SPG
15839,2024-05-10,0.52610767,-1,BG
15840,2024-04-16,0.42066455,1,GS
15841,2024-05-02,0.49748695,1,TJX
15842,2024-05-02,0.46559796,1,DOW
15843,2024-05-16,0.43667823,-1,SLB
15844,2024-05-21,0.5398142,1,RCL
15845,2024-04-17,0.47379234,1,CRWD
15846,2024-04-25,0.59915763,1,VTR
15847,2024-04-25,0.4240327,-1,BALL
15848,2024-04-26,0.56173825,-1,CZR
15849,2024-04-08,0.454985,1,TDG
15850,2024-05-15,0.4883498,-1,KEY
15851,2024-04-23,0.49004838,-1,VLO
15852,2024-05-22,0.5600789,1,LKQ
15853,2024-04-15,0.40547416,1,HON
15854,2024-04-26,0.53154355,1,AON
15855,2024-05-06,0.20329696,1,SMCI
15856,2024-04-10,0.5403793,-1,APD
15857,2024-05-21,0.5269026,-1,CSX
15858,2024-04-02,0.45490125,-1,TROW
15859,2024-04-02,0.52880126,-1,IP
15860,2024-05-03,0.28425202,-1,ISRG
15861,2024-05-20,0.50257945,-1,CF
15862,2024-04-03,0.50224644,-1,IRM
15863,2024-04-02,0.41076598,1,LHX
15864,2024-05-13,0.47950995,1,KMI
15865,2024-04-29,0.5145884,1,SNPS
15866,2024-04-18,0.40733016,-1,TAP
15867,2024-05-16,0.29132393,-1,PEP
15868,2024-05-13,0.52050924,1,EA
15869,2024-04-01,0.49123874,1,HPQ
15870,2024-05-10,0.55758256,-1,LOW
15871,2024-05-16,0.30227435,1,NFLX
15872,2024-04-01,0.49569285,-1,CB
15873,2024-04-16,0.43545252,1,AIG
15874,2024-04-17,0.63993984,1,IDXX
15875,2024-04-03,0.47561863,-1,CDW
15876,2024-04-02,0.24169542,-1,PNC
15877,2024-04-01,0.48321944,-1,HII
15878,2024-04-19,0.48642784,-1,LIN
15879,2024-05-01,0.5474646,-1,ALGN
15880,2024-04-02,0.52858746,-1,NSC
15881,2024-05-22,0.57937175,1,ABNB
15882,2024-04-01,0.43863186,1,NFLX
15883,2024-05-09,0.71526057,1,TEL
15884,2024-05-22,0.52394766,-1,SPGI
15885,2024-04-04,0.48546663,-1,TAP
15886,2024-04-16,0.44170114,-1,MAS
15887,2024-05-21,0.4307937,-1,HSY
15888,2024-04-05,0.44716734,-1,BRO
15889,2024-05-09,0.40774938,-1,COP
15890,2024-05-20,0.45503092,-1,CPRT
15891,2024-04-04,0.4104167,-1,VICI
15892,2024-04-01,0.20209254,1,BAC
15893,2024-05-03,0.8351154,-1,LKQ
15894,2024-05-17,0.28996512,1,VLTO
15895,2024-05-06,0.46614346,-1,PGR
15896,2024-05-23,0.48551768,-1,MAR
15897,2024-04-24,0.44472623,1,CL
15898,2024-05-06,0.49497107,1,MAS
15899,2024-04-16,0.522203,1,SYK
15900,2024-04-10,0.37985542,-1,LLY
15901,2024-05-07,0.4989715,-1,EPAM
15902,2024-05-23,0.5651146,1,PPG
15903,2024-05-21,0.40406144,-1,DOV
15904,2024-05-16,0.48424888,-1,DVN
15905,2024-05-08,0.5095613,1,HII
15906,2024-05-07,0.55388993,1,LULU
15907,2024-05-07,0.46311817,1,PPG
15908,2024-05-22,0.30711427,-1,PWR
15909,2024-05-07,0.4541432,1,LEN
15910,2024-04-01,0.45413527,1,CNC
15911,2024-05-07,0.35301358,1,EXC
15912,2024-05-22,0.32916498,1,IP
15913,2024-05-06,0.55015266,-1,IT
15914,2024-04-26,0.4464014,1,NVR
15915,2024-05-01,0.39421067,1,ESS
15916,2024-04-02,0.46260384,-1,HLT
15917,2024-04-09,0.36486247,-1,NDSN
15918,2024-04-30,0.4738856,-1,SWK
15919,2024-04-24,0.4934847,-1,IRM
15920,2024-04-02,0.30659598,1,FCX
15921,2024-04-10,0.47836784,-1,LDOS
15922,2024-04-05,0.42120352,-1,CPRT
15923,2024-04-22,0.42437157,-1,EW
15924,2024-04-29,0.54052705,-1,XOM
15925,2024-05-17,0.50329345,-1,ETR
15926,2024-05-10,0.50183064,1,AMGN
15927,2024-05-07,0.55779964,1,CARR
15928,2024-05-08,0.4443976,-1,NFLX
15929,2024-04-26,0.50163144,1,MTB
15930,2024-04-01,0.39677194,1,OTIS
15931,2024-04-08,0.45417008,-1,FITB
15932,2024-04-12,0.45815477,-1,KMX
15933,2024-05-17,0.5153036,-1,VRSN
15934,2024-04-19,0.28417197,-1,ALLE
15935,2024-05-07,0.53405994,1,VRSN
15936,2024-04-08,0.4640043,-1,IRM
15937,2024-04-16,0.47819817,1,PODD
15938,2024-05-02,0.49555594,1,ORCL
15939,2024-04-09,0.5447809,-1,DRI
15940,2024-04-22,0.57268,-1,ACN
15941,2024-05-20,0.5755863,-1,SWK
15942,2024-04-05,0.49491656,-1,WTW
15943,2024-04-17,0.47974497,1,AIZ
15944,2024-05-08,0.7872134,1,REG
15945,2024-04-26,0.5603125,1,EG
15946,2024-04-17,0.035104714,-1,MSFT
15947,2024-04-10,0.5388811,1,PEP
15948,2024-05-14,0.47410902,-1,DE
15949,2024-04-02,0.4176668,-1,AXP
15950,2024-05-20,0.40924853,-1,STT
15951,2024-05-20,0.32330638,-1,WST
15952,2024-04-17,0.4958554,1,DOV
15953,2024-04-24,0.22970733,1,CE
15954,2024-04-10,0.43876815,-1,DD
15955,2024-04-29,0.54800564,1,KKR
15956,2024-04-02,0.7424969,-1,CTSH
15957,2024-04-24,0.41080847,1,DECK
15958,2024-04-26,0.59137607,1,SNPS
15959,2024-04-16,0.46916702,1,PAYX
15960,2024-05-22,0.5493792,-1,PCAR
15961,2024-05-08,0.59847957,1,DRI
15962,2024-04-18,0.19974533,1,BAC
15963,2024-04-05,0.43976903,-1,AES
15964,2024-05-07,0.5348957,1,URI
15965,2024-05-02,0.5632509,1,LNT
15966,2024-05-13,0.5299547,1,HRL
15967,2024-04-10,0.5016366,-1,MAS
15968,2024-04-18,0.50830775,-1,FICO
15969,2024-04-16,0.31300613,1,IQV
15970,2024-04-17,0.34003177,1,MAA
15971,2024-05-13,0.4986476,-1,ZBH
15972,2024-05-06,0.57879734,1,VICI
15973,2024-04-04,0.5244082,-1,GRMN
15974,2024-04-02,0.5079381,-1,MO
15975,2024-05-01,0.46805984,1,ETSY
15976,2024-05-16,0.35712603,-1,HAL
15977,2024-04-23,0.4930241,-1,DE
15978,2024-04-15,0.4651221,-1,GWW
15979,2024-05-22,0.5901135,-1,ZBH
15980,2024-05-09,0.6497257,-1,GL
15981,2024-04-08,0.63635767,-1,AWK
15982,2024-05-20,0.5690151,-1,CHD
15983,2024-05-14,0.4543236,1,MS
15984,2024-05-08,0.51950824,1,RJF
15985,2024-04-10,0.49868545,-1,NCLH
15986,2024-05-07,0.5350377,1,AMP
15987,2024-05-21,0.38320416,-1,WAB
15988,2024-05-17,0.5273403,-1,COO
15989,2024-04-04,0.42007953,-1,MSFT
15990,2024-04-16,0.4923261,1,TMUS
15991,2024-04-29,0.5611411,1,BIIB
15992,2024-04-05,0.3297301,-1,PTC
15993,2024-05-21,0.10065277,-1,PODD
15994,2024-05-22,0.61188096,1,T
15995,2024-04-29,0.4430545,-1,LULU
15996,2024-05-10,0.49323225,1,AES
15997,2024-04-15,0.32349128,-1,ADI
15998,2024-05-10,0.5261088,1,EW
15999,2024-04-17,0.5737739,1,HLT
16000,2024-05-22,0.5209965,-1,TECH
16001,2024-04-12,0.4450948,-1,DLTR
16002,2024-04-10,0.48390937,-1,VST
16003,2024-05-22,0.47833383,1,GL
16004,2024-04-09,0.5241454,-1,MU
16005,2024-05-10,0.48866042,-1,C
16006,2024-04-05,0.5399801,-1,NOW
16007,2024-05-21,0.46821788,1,PYPL
16008,2024-04-10,0.237221,1,WTW
16009,2024-04-16,0.3606988,-1,PPG
16010,2024-04-12,0.42940375,-1,KLAC
16011,2024-05-21,0.48840624,-1,SRE
16012,2024-05-08,0.62614983,-1,CMI
16013,2024-04-09,0.37782094,-1,HII
16014,2024-04-16,0.54405075,1,MGM
16015,2024-04-25,0.51267624,1,SO
16016,2024-04-16,0.51897955,-1,COR
16017,2024-04-08,0.5118462,-1,EFX
16018,2024-04-15,0.5348072,1,GM
16019,2024-05-08,0.5212087,1,IR
16020,2024-05-03,0.45889503,1,EMN
16021,2024-04-09,0.433445,-1,MMM
16022,2024-04-15,0.49035954,1,SPGI
16023,2024-04-04,0.58682364,-1,CCL
16024,2024-04-11,0.40676123,1,AEE
16025,2024-05-09,0.39625862,1,NFLX
16026,2024-05-08,0.6618249,1,SMCI
16027,2024-05-07,0.5128441,1,FI
16028,2024-05-14,0.45361227,-1,FANG
16029,2024-05-14,0.5179645,-1,LH
16030,2024-04-08,0.39917555,-1,ORLY
16031,2024-05-08,0.37069294,1,XEL
16032,2024-05-06,0.5036754,1,BALL
16033,2024-04-26,0.43719348,1,AMAT
16034,2024-04-19,0.68686473,1,STE
16035,2024-04-25,0.28799772,1,D
16036,2024-04-30,0.5424226,1,YUM
16037,2024-04-16,0.43672454,1,DXCM
16038,2024-05-01,0.52310705,1,CCI
16039,2024-04-12,0.44416353,1,KHC
16040,2024-04-02,0.4547742,-1,AKAM
16041,2024-04-18,0.45131803,1,CMI
16042,2024-05-15,0.55382454,1,EA
16043,2024-05-13,0.6209215,1,DHR
16044,2024-04-08,0.5361733,-1,GM
16045,2024-04-22,0.6006564,1,LRCX
16046,2024-04-08,0.4978984,-1,CCI
16047,2024-04-24,0.45447597,-1,RSG
16048,2024-05-03,0.4642935,-1,MPWR
16049,2024-04-05,0.33185297,-1,KMI
16050,2024-04-17,0.4748535,1,CI
16051,2024-04-09,0.494822,-1,FICO
16052,2024-04-23,0.35350406,1,AES
16053,2024-04-23,0.58304924,-1,HPQ
16054,2024-04-12,0.31269866,-1,PWR
16055,2024-05-23,0.43235177,-1,GOOGL
16056,2024-04-22,0.5411135,-1,PSX
16057,2024-04-25,0.45297238,-1,AMD
16058,2024-04-29,0.5339956,-1,FDX
16059,2024-04-18,0.45176986,1,EQR
16060,2024-04-03,0.3841151,-1,RJF
16061,2024-04-22,0.50143844,1,BALL
16062,2024-04-04,0.41939673,-1,KR
16063,2024-04-19,0.4855484,-1,MOH
16064,2024-04-26,0.58912146,1,BEN
16065,2024-04-12,0.566852,-1,FTV
16066,2024-04-08,0.38838834,-1,CDNS
16067,2024-04-29,0.34228086,1,WDC
16068,2024-04-17,0.3507713,1,USB
16069,2024-04-29,0.61100084,1,ITW
16070,2024-05-22,0.46152052,1,EOG
16071,2024-03-28,0.3271266,-1,UNH
16072,2024-03-28,0.43468854,1,EIX
16073,2024-05-02,0.6842922,1,ED
16074,2024-05-01,0.26102525,-1,FRT
16075,2024-04-09,0.52701706,-1,T
16076,2024-04-11,0.5264036,1,CAH
16077,2024-04-30,0.4524167,1,NDAQ
16078,2024-04-23,0.45833948,-1,PCAR
16079,2024-04-08,0.35085234,-1,STT
16080,2024-04-24,0.5026037,1,APH
16081,2024-05-06,0.5864405,-1,EPAM
16082,2024-05-14,0.3848325,1,PFE
16083,2024-04-26,0.45470306,1,HWM
16084,2024-05-20,0.42620578,-1,AMT
16085,2024-05-17,0.5810139,-1,UDR
16086,2024-05-09,0.4586913,-1,VTRS
16087,2024-04-08,0.48587304,-1,RTX
16088,2024-04-09,0.58159965,-1,FSLR
16089,2024-04-09,0.4622789,-1,BWA
16090,2024-04-25,0.49951464,1,UBER
16091,2024-04-22,0.46777976,1,HAS
16092,2024-04-10,0.17192467,-1,ABT
16093,2024-04-30,0.5155977,1,KLAC
16094,2024-04-04,0.639334,-1,APD
16095,2024-04-09,0.41848895,-1,CLX
16096,2024-04-11,0.5116729,-1,SMCI
16097,2024-05-10,0.5410553,-1,USB
16098,2024-05-17,0.4828086,-1,SO
16099,2024-04-04,0.3607759,-1,STX
16100,2024-04-18,0.18352342,1,CFG
16101,2024-05-13,0.4945017,-1,STX
16102,2024-04-30,0.5517951,1,T
16103,2024-04-19,0.5201274,1,IDXX
16104,2024-04-16,0.4038405,1,PFE
16105,2024-04-29,0.50724113,1,AIG
16106,2024-04-19,0.68099684,1,ROK
16107,2024-05-20,0.5671543,-1,INCY
16108,2024-04-25,0.4725912,-1,KR
16109,2024-05-21,0.35061902,-1,BALL
16110,2024-05-01,0.62080485,1,FE
16111,2024-04-10,0.45032385,-1,EG
16112,2024-05-17,0.49107593,-1,LHX
16113,2024-04-26,0.832789,1,AFL
16114,2024-05-15,0.50543267,-1,STLD
16115,2024-04-16,0.50497633,1,GDDY
16116,2024-05-07,0.74594927,1,ELV
16117,2024-04-24,0.5275525,1,TER
16118,2024-04-25,0.579648,-1,FTNT
16119,2024-04-11,0.36705026,1,PARA
16120,2024-04-03,0.44385758,-1,JBHT
16121,2024-05-15,0.501188,1,MPC
16122,2024-04-16,0.70484185,1,PNC
16123,2024-04-18,0.6443054,1,DECK
16124,2024-04-25,0.68108237,-1,ADP
16125,2024-04-17,0.5849611,1,ADSK
16126,2024-05-14,0.5851932,1,GLW
16127,2024-04-18,0.5177336,1,ANET
16128,2024-04-22,0.49799588,-1,A
16129,2024-04-10,0.4397529,-1,PWR
16130,2024-05-02,0.45270637,1,ROST
16131,2024-05-16,0.5468867,-1,DPZ
16132,2024-05-01,0.3946435,1,NCLH
16133,2024-05-16,0.49818695,-1,PSX
16134,2024-04-10,0.5992336,-1,SMCI
16135,2024-04-11,0.5361981,-1,DLTR
16136,2024-05-10,0.49273238,1,CVS
16137,2024-04-22,0.29803753,-1,JBHT
16138,2024-05-21,0.4105095,-1,HUBB
16139,2024-04-10,0.4506933,-1,HII
16140,2024-04-03,0.3912419,-1,SRE
16141,2024-03-28,0.5692881,1,MRO
16142,2024-04-11,0.3563274,-1,ETSY
16143,2024-05-14,0.5037378,1,NXPI
16144,2024-04-23,0.58559334,1,CBOE
16145,2024-05-13,0.43104768,1,DTE
16146,2024-04-12,0.5065451,-1,MLM
16147,2024-04-24,0.2696469,1,KEY
16148,2024-05-03,0.57224935,1,PM
16149,2024-04-03,0.47227606,-1,LLY
16150,2024-04-11,0.4018776,-1,MPWR
16151,2024-04-02,0.53105545,-1,MOH
16152,2024-04-09,0.5420618,-1,STZ
16153,2024-03-28,0.4549591,-1,WY
16154,2024-04-19,0.3944313,1,O
16155,2024-04-18,0.49972776,1,CRL
16156,2024-04-29,0.49788165,1,BG
16157,2024-04-08,0.5914647,-1,AMCR
16158,2024-04-01,0.16557482,1,EQIX
16159,2024-05-08,0.35795102,1,ADI
16160,2024-05-15,0.51588243,-1,UAL
16161,2024-04-19,0.48110786,-1,IVZ
16162,2024-05-07,0.4834089,-1,MRO
16163,2024-05-09,0.4286554,1,PFE
16164,2024-04-01,0.41166806,1,EBAY
16165,2024-04-10,0.5024465,-1,OXY
16166,2024-04-08,0.51746124,-1,STLD
16167,2024-04-09,0.46381757,-1,HIG
16168,2024-04-09,0.5254359,1,OMC
16169,2024-04-25,0.38839096,1,FSLR
16170,2024-04-12,0.35501388,1,YUM
16171,2024-05-23,0.5853458,1,HOLX
16172,2024-03-28,0.2818172,1,GD
16173,2024-05-07,0.7564208,1,LKQ
16174,2024-05-02,0.31339124,1,DHR
16175,2024-04-29,0.59665996,1,URI
16176,2024-04-08,0.530431,-1,MRNA
16177,2024-04-05,0.33516476,-1,STZ
16178,2024-04-16,0.49592862,-1,PNR
16179,2024-05-23,0.44278112,1,SRE
16180,2024-04-18,0.41747898,1,MAR
16181,2024-04-05,0.4994137,-1,CAT
16182,2024-04-10,0.5378262,-1,WBA
16183,2024-05-16,0.12925985,-1,D
16184,2024-04-03,0.3338397,-1,FE
16185,2024-04-24,0.34427017,-1,FI
16186,2024-04-08,0.50925696,-1,KEY
16187,2024-04-26,0.32719663,1,PCG
16188,2024-05-20,0.522139,-1,TFX
16189,2024-04-25,0.43063277,-1,IR
16190,2024-04-01,0.51105154,-1,CRM
16191,2024-04-23,0.40147316,1,LMT
16192,2024-04-08,0.56163096,-1,TAP
16193,2024-04-01,0.3084436,1,TFC
16194,2024-03-28,0.3926367,-1,BMY
16195,2024-04-19,0.50966567,1,GL
16196,2024-04-29,0.47710848,1,WST
16197,2024-04-17,0.52484053,1,GE
16198,2024-05-09,0.5067216,1,SRE
16199,2024-04-10,0.5154468,-1,CVX
16200,2024-05-13,0.42959276,-1,IPG
16201,2024-05-20,0.51505333,1,KLAC
16202,2024-05-02,0.4800751,1,PSX
16203,2024-05-10,0.60000944,-1,ABNB
16204,2024-05-06,0.48299152,1,LNT
16205,2024-05-01,0.34874254,-1,CPB
16206,2024-05-16,0.3888773,-1,EQT
16207,2024-04-02,0.48018378,-1,MCK
16208,2024-05-20,0.46420598,-1,AWK
16209,2024-05-20,0.4630039,-1,TT
16210,2024-05-02,0.4620404,1,AWK
16211,2024-04-30,0.5462731,1,AZO
16212,2024-05-09,0.5225578,-1,WAB
16213,2024-04-19,0.21684922,-1,PPG
16214,2024-04-04,0.4281782,-1,MTB
16215,2024-04-25,0.32376602,1,BLDR
16216,2024-05-06,0.5635591,1,GNRC
16217,2024-05-20,0.60677356,1,WDC
16218,2024-05-06,0.4963231,1,WYNN
16219,2024-04-23,0.4443553,-1,IFF
16220,2024-04-19,0.5784149,1,VZ
16221,2024-04-30,0.4493185,1,HUBB
16222,2024-04-12,0.49335608,-1,DLR
16223,2024-05-17,0.8121949,1,MU
16224,2024-04-25,0.47364125,-1,TSCO
16225,2024-04-08,0.43188256,-1,FDX
16226,2024-04-23,0.3228988,1,ETSY
16227,2024-04-10,0.5305461,-1,JNPR
16228,2024-05-02,0.5922594,1,MDT
16229,2024-04-08,0.45584062,-1,ACGL
16230,2024-05-22,0.3489041,1,VICI
16231,2024-04-25,0.41891047,1,PCG
16232,2024-05-22,0.47182876,-1,EQR
16233,2024-04-11,0.4532343,-1,MLM
16234,2024-05-10,0.5572418,-1,NSC
16235,2024-05-15,0.46512827,-1,ULTA
16236,2024-04-24,0.36558613,-1,MKC
16237,2024-04-30,0.5186919,1,IP
16238,2024-05-09,0.45731995,-1,CRL
16239,2024-05-03,0.43280867,1,TRGP
16240,2024-05-03,0.55774117,-1,CCL
16241,2024-04-02,0.543175,-1,ROP
16242,2024-05-17,0.48942426,1,DLR
16243,2024-03-28,0.5306201,-1,ORCL
16244,2024-04-18,0.50430584,1,GRMN
16245,2024-04-12,0.45028505,1,EQR
16246,2024-04-03,0.4498024,1,ISRG
16247,2024-05-06,0.5365793,-1,MRK
16248,2024-03-28,0.49318448,1,GE
16249,2024-05-02,0.43780017,1,CL
16250,2024-05-16,0.4550793,-1,UPS
16251,2024-05-23,0.4191988,1,NWSA
16252,2024-05-22,0.38984182,1,WEC
16253,2024-04-03,0.5141627,-1,WMB
16254,2024-05-15,0.5246849,-1,BIO
16255,2024-04-09,0.5334328,-1,D
16256,2024-05-14,0.5157555,-1,MRK
16257,2024-04-10,0.4981595,-1,LW
16258,2024-04-04,0.26467112,-1,USB
16259,2024-04-03,0.42274383,-1,TSCO
16260,2024-04-17,0.4476083,1,PG
16261,2024-05-15,0.43836966,-1,AFL
16262,2024-04-01,0.50071496,-1,SJM
16263,2024-05-02,0.516115,1,TDG
16264,2024-04-17,0.42028394,1,DTE
16265,2024-04-18,0.45289722,1,VLO
16266,2024-04-26,0.5427155,-1,AVGO
16267,2024-05-03,0.36424807,1,BAC
16268,2024-04-10,0.59459025,1,HUM
16269,2024-04-25,0.44735417,1,CHRW
16270,2024-04-19,0.49201512,1,MRNA
16271,2024-05-02,0.39449236,1,NUE
16272,2024-04-22,0.4388056,1,AVB
16273,2024-05-03,0.43434146,1,AEP
16274,2024-05-22,0.4169306,-1,IR
16275,2024-04-01,0.14070113,1,WST
16276,2024-05-10,0.7819538,-1,LIN
16277,2024-05-08,0.4068908,1,IP
16278,2024-04-22,0.46270162,1,WMT
16279,2024-05-14,0.47930893,-1,NEE
16280,2024-04-29,0.5723686,1,RL
16281,2024-05-06,0.43243548,1,ZBRA
16282,2024-05-10,0.5258783,1,MRK
16283,2024-04-11,0.4766247,-1,REGN
16284,2024-04-22,0.53163886,-1,WBD
16285,2024-05-15,0.43027413,-1,D
16286,2024-05-14,0.53526086,1,TDY
16287,2024-03-28,0.5621937,-1,KDP
16288,2024-04-19,0.42673883,1,SPG
16289,2024-04-25,0.43144792,-1,MGM
16290,2024-04-05,0.47423014,-1,VZ
16291,2024-04-19,0.39625832,1,DAY
16292,2024-04-01,0.47302094,1,LRCX
16293,2024-04-16,0.46804458,-1,VLO
16294,2024-04-09,0.537761,-1,PNW
16295,2024-04-18,0.45174113,1,APA
16296,2024-04-22,0.5220206,-1,DFS
16297,2024-05-20,0.49233922,1,FOX
16298,2024-05-09,0.7472643,-1,L
16299,2024-04-29,0.48739153,-1,CI
16300,2024-04-08,0.27983087,-1,ADP
16301,2024-05-22,0.51006997,-1,DAY
16302,2024-04-24,0.4391965,1,GOOG
16303,2024-04-26,0.33400467,1,GS
16304,2024-04-15,0.48712158,-1,ISRG
16305,2024-04-11,0.44704747,1,ABBV
16306,2024-04-25,0.54061025,1,PLD
16307,2024-05-17,0.5161465,-1,NSC
16308,2024-04-19,0.4789148,1,NTAP
16309,2024-05-16,0.5366574,-1,BMY
16310,2024-04-08,0.32497087,-1,HOLX
16311,2024-04-16,0.46516716,1,NI
16312,2024-05-13,0.58400995,1,RVTY
16313,2024-04-25,0.49404237,1,SCHW
16314,2024-03-28,0.46187988,-1,MKC
16315,2024-04-25,0.49012583,1,VST
16316,2024-05-20,0.4548297,-1,WMT
16317,2024-04-26,0.5081867,1,JNJ
16318,2024-04-16,0.3584346,1,CSGP
16319,2024-05-15,0.4730234,-1,ETSY
16320,2024-04-18,0.40657926,-1,CTSH
16321,2024-05-13,0.66533786,1,MU
16322,2024-05-03,0.5577914,-1,SYF
16323,2024-04-02,0.49293277,-1,SNA
16324,2024-04-29,0.50288206,1,ETN
16325,2024-04-17,0.4419071,-1,CVS
16326,2024-04-17,0.49800274,1,GIS
16327,2024-04-05,0.4659429,-1,MSFT
16328,2024-04-04,0.35003105,-1,LULU
16329,2024-05-01,0.37686765,1,JCI
16330,2024-05-13,0.5487346,1,NVDA
16331,2024-04-11,0.7724092,-1,VRTX
16332,2024-05-17,0.4721081,1,EMN
16333,2024-04-12,0.57299334,1,DAL
16334,2024-04-10,0.53163195,-1,HON
16335,2024-05-01,0.32800305,1,RJF
16336,2024-05-10,0.35310644,1,MAA
16337,2024-04-19,0.4282339,1,VLTO
16338,2024-04-18,0.54007894,-1,MOH
16339,2024-05-06,0.43680117,1,NTRS
16340,2024-04-03,0.5035957,1,MRNA
16341,2024-05-07,0.7064888,1,UPS
16342,2024-04-01,0.38418743,1,PNR
16343,2024-04-22,0.40829563,-1,F
16344,2024-05-21,0.61435425,1,PKG
16345,2024-05-17,0.4244493,1,GDDY
16346,2024-04-17,0.77052504,1,NDSN
16347,2024-05-02,0.56466526,1,FI
16348,2024-04-08,0.5697016,-1,FANG
16349,2024-04-17,0.2708446,1,LHX
16350,2024-05-22,0.6095978,1,LUV
16351,2024-04-05,0.49473616,-1,AXP
16352,2024-04-30,0.43623504,1,GOOGL
16353,2024-04-08,0.49889278,-1,TRV
16354,2024-05-17,0.5880323,-1,NVR
16355,2024-04-22,0.62035125,-1,NCLH
16356,2024-04-18,0.45982903,-1,KMI
16357,2024-05-15,0.49068758,-1,BK
16358,2024-04-18,0.2338994,-1,PFG
16359,2024-04-19,0.30380976,-1,CNC
16360,2024-04-24,0.51003414,1,ADBE
16361,2024-05-01,0.4668517,1,GE
16362,2024-05-10,0.6524248,1,NFLX
16363,2024-04-08,0.5762134,-1,FDS
16364,2024-04-16,0.44477966,1,CCL
16365,2024-04-01,0.5376497,1,ISRG
16366,2024-04-18,0.516656,1,EL
16367,2024-05-01,0.5009598,1,WMB
16368,2024-04-10,0.4597568,-1,TGT
16369,2024-04-29,0.5506917,1,HD
16370,2024-04-24,0.7750063,-1,CAH
16371,2024-05-13,0.40894675,1,VST
16372,2024-04-01,0.37004387,-1,ANSS
16373,2024-04-03,0.41829118,-1,CCL
16374,2024-05-06,0.43831825,1,SBAC
16375,2024-05-15,0.5718241,-1,MSCI
16376,2024-04-09,0.45911628,-1,AEE
16377,2024-04-02,0.51990837,-1,LULU
16378,2024-05-14,0.69903916,-1,PTC
16379,2024-04-16,0.65776485,1,AME
16380,2024-04-15,0.55020297,1,PANW
16381,2024-05-07,0.44712228,1,PEP
16382,2024-04-02,0.5888129,-1,SO
16383,2024-05-17,0.43157324,-1,TEL
16384,2024-04-26,0.51462144,1,EPAM
16385,2024-04-01,0.476921,-1,MCK
16386,2024-04-25,0.5243109,1,HD
16387,2024-04-30,0.11160896,1,PCG
16388,2024-04-15,0.4083803,1,ALB
16389,2024-04-26,0.52692926,1,AXON
16390,2024-05-17,0.57614017,-1,WYNN
16391,2024-04-10,0.4861609,-1,ITW
16392,2024-05-15,0.44694948,-1,SHW
16393,2024-05-03,0.51002914,-1,BAX
16394,2024-04-02,0.35987926,-1,STZ
16395,2024-04-11,0.32424754,1,TGT
16396,2024-04-03,0.50963116,-1,ADSK
16397,2024-04-12,0.46750408,-1,JBHT
16398,2024-04-02,0.42454484,-1,HII
16399,2024-04-01,0.3000368,1,CBRE
16400,2024-04-02,0.5419528,-1,WYNN
16401,2024-05-20,0.5011197,-1,GL
16402,2024-05-03,0.36111316,-1,DLR
16403,2024-04-15,0.6082698,1,NKE
16404,2024-05-10,0.30896643,1,KEY
16405,2024-03-28,0.44358313,-1,BXP
16406,2024-05-10,0.55451876,-1,HST
16407,2024-05-03,0.5703481,1,PAYX
16408,2024-04-23,0.4613911,-1,IRM
16409,2024-04-17,0.47023165,1,XEL
16410,2024-05-20,0.5917026,-1,WRB
16411,2024-04-09,0.6076763,-1,FTV
16412,2024-04-26,0.57986677,1,MKTX
16413,2024-05-16,0.59508735,-1,CBOE
16414,2024-04-18,0.42293474,-1,AEE
16415,2024-05-09,0.47534353,-1,WST
16416,2024-05-07,0.41483444,1,LOW
16417,2024-04-09,0.17139931,-1,CCL
16418,2024-04-12,0.32077938,1,AXP
16419,2024-04-25,0.45765665,1,ODFL
16420,2024-04-10,0.4187797,-1,PHM
16421,2024-05-23,0.737976,-1,PKG
16422,2024-05-17,0.28155714,-1,MS
16423,2024-04-18,0.5615607,-1,KR
16424,2024-04-19,0.42733195,-1,KVUE
16425,2024-05-17,0.40600762,-1,MSI
16426,2024-04-29,0.67194456,-1,ETSY
16427,2024-04-10,0.45156404,-1,NSC
16428,2024-04-08,0.31169704,-1,V
16429,2024-04-04,0.43438694,-1,SYY
16430,2024-04-15,0.48632255,1,ELV
16431,2024-04-05,0.4141876,-1,LOW
16432,2024-04-19,0.5349338,-1,UNH
16433,2024-04-02,0.4476819,1,WMT
16434,2024-04-02,0.5025419,1,XOM
16435,2024-04-22,0.43731663,1,CLX
16436,2024-04-18,0.54335284,1,DRI
16437,2024-04-30,0.6118733,1,QCOM
16438,2024-05-10,0.6047054,-1,ORLY
16439,2024-05-03,0.5057999,1,FOX
16440,2024-04-15,0.45395255,1,CHTR
16441,2024-04-15,0.4834807,-1,ABT
16442,2024-05-17,0.4833711,-1,CBOE
16443,2024-04-09,0.5482423,1,AAL
16444,2024-04-04,0.9733542,-1,SNA
16445,2024-04-24,0.51183534,-1,FDX
16446,2024-04-03,0.27946138,1,NI
16447,2024-05-02,0.52814806,1,ANSS
16448,2024-04-11,0.023154546,1,FOXA
16449,2024-04-22,0.4452272,-1,LIN
16450,2024-05-09,0.34420562,1,VLO
16451,2024-05-06,0.54561466,1,DG
16452,2024-04-03,0.4232228,-1,WEC
16453,2024-05-08,0.45932037,1,GS
16454,2024-05-09,0.48454896,1,EQT
16455,2024-05-16,0.5218026,-1,VTRS
16456,2024-04-04,0.46532708,-1,MCHP
16457,2024-05-06,0.56319016,-1,J
16458,2024-04-25,0.47976157,-1,INTU
16459,2024-04-04,0.54285014,-1,TSCO
16460,2024-04-29,0.7253134,1,A
16461,2024-04-29,0.5215464,1,WRB
16462,2024-04-23,0.4236266,-1,OKE
16463,2024-03-28,0.5344671,-1,MDLZ
16464,2024-05-17,0.5151376,-1,AON
16465,2024-05-17,0.41970435,1,CEG
16466,2024-05-06,0.4277891,-1,ES
16467,2024-05-06,0.4729305,1,AEP
16468,2024-05-20,0.4730236,-1,FDS
16469,2024-03-28,0.55847436,-1,MDT
16470,2024-05-16,0.41540077,-1,GEN
16471,2024-05-10,0.41438785,1,IR
16472,2024-04-15,0.4573948,1,FITB
16473,2024-04-23,0.49405968,-1,MU
16474,2024-05-09,0.69031584,1,BX
16475,2024-05-08,0.8641154,1,PHM
16476,2024-05-09,0.5734808,-1,AIZ
16477,2024-04-15,0.46327835,-1,DOW
16478,2024-05-16,0.3154345,-1,FICO
16479,2024-05-01,0.5358627,1,CARR
16480,2024-05-01,0.5023053,1,CRWD
16481,2024-05-02,0.47975037,1,ADSK
16482,2024-05-16,0.49061728,-1,FIS
16483,2024-04-04,0.15299584,-1,ELV
16484,2024-04-15,0.40551227,1,HES
16485,2024-05-21,0.70634454,-1,ALLE
16486,2024-04-11,0.35767937,1,CVX
16487,2024-04-29,0.46615967,1,PHM
16488,2024-04-30,0.6446937,1,FMC
16489,2024-04-09,0.76672024,-1,INTU
16490,2024-05-08,0.6112861,1,KMI
16491,2024-05-21,0.44495475,-1,PAYC
16492,2024-04-23,0.47718185,1,ACGL
16493,2024-04-09,0.3264196,-1,LVS
16494,2024-05-17,0.5005825,-1,PSA
16495,2024-05-08,0.46102405,1,FE
16496,2024-04-08,0.6752358,-1,GIS
16497,2024-04-18,0.53985506,-1,JNPR
16498,2024-04-12,0.45963177,1,MMC
16499,2024-04-26,0.536064,-1,CVS
16500,2024-04-30,0.40980628,1,NEM
16501,2024-04-23,0.36765,-1,PTC
16502,2024-05-16,0.53598773,-1,MCK
16503,2024-05-09,0.5295112,1,DLR
16504,2024-04-30,0.48780662,1,FSLR
16505,2024-05-01,0.51229423,1,AMGN
16506,2024-04-22,0.5038949,1,GOOGL
16507,2024-05-20,0.2526423,-1,MKTX
16508,2024-05-01,0.516837,1,SWK
16509,2024-04-08,0.5300462,-1,EXPD
16510,2024-05-01,0.515833,1,PCAR
16511,2024-04-22,0.5569861,1,INCY
16512,2024-05-22,0.46876457,1,OXY
16513,2024-04-22,0.5551662,1,MMM
16514,2024-05-03,0.4880818,1,CME
16515,2024-05-20,0.21260086,-1,PODD
16516,2024-05-17,0.1983953,-1,ESS
16517,2024-05-09,0.43014574,1,HRL
16518,2024-05-23,0.39720285,-1,KHC
16519,2024-04-18,0.49458516,1,ZTS
16520,2024-04-02,0.62241876,-1,BKNG
16521,2024-05-16,0.7212715,-1,COR
16522,2024-04-10,0.5125205,-1,CRM
16523,2024-04-17,0.51295054,1,CPRT
16524,2024-05-14,0.61761975,-1,JPM
16525,2024-04-04,0.48836517,-1,FICO
16526,2024-04-19,0.42009073,1,HSY
16527,2024-04-11,0.1594823,-1,URI
16528,2024-04-17,0.26894385,1,HST
16529,2024-04-30,0.7494271,1,XOM
16530,2024-04-02,0.5019542,-1,HPQ
16531,2024-05-17,0.54144996,-1,TYL
16532,2024-04-30,0.4889912,1,TJX
16533,2024-04-12,0.4446763,-1,ALLE
16534,2024-05-09,0.26805085,1,ON
16535,2024-04-16,0.48543695,1,CDW
16536,2024-04-01,0.204198,1,SYF
16537,2024-04-19,0.4312264,1,CI
16538,2024-05-10,0.5384919,-1,KMB
16539,2024-05-03,0.48019028,-1,EA
16540,2024-04-05,0.5581435,-1,TGT
16541,2024-05-22,0.62337685,1,APA
16542,2024-05-16,0.42427284,-1,PPL
16543,2024-04-08,0.5108781,-1,UBER
16544,2024-05-03,0.33761457,1,OTIS
16545,2024-05-14,0.6808839,-1,NSC
16546,2024-04-29,0.6535175,-1,BAX
16547,2024-04-01,0.4247768,1,IEX
16548,2024-04-17,0.5836579,1,STE
16549,2024-05-02,0.52578986,1,ETN
16550,2024-04-24,0.47276255,1,WELL
16551,2024-04-08,0.47339615,-1,FCX
16552,2024-04-04,0.2446169,-1,KEY
16553,2024-04-08,0.5001404,-1,HWM
16554,2024-04-16,0.47611013,-1,TROW
16555,2024-03-28,0.5231234,1,HWM
16556,2024-04-19,0.2319757,1,IP
16557,2024-05-15,0.16597278,-1,DHR
16558,2024-05-23,0.5287241,-1,TYL
16559,2024-04-17,0.42947605,1,SJM
16560,2024-04-16,0.31420127,1,TSN
16561,2024-05-02,0.53937393,-1,WYNN
16562,2024-04-05,0.44774958,-1,CRWD
16563,2024-04-29,0.54979354,1,PCG
16564,2024-04-02,0.37477133,1,KEYS
16565,2024-05-22,0.5632568,-1,ANSS
16566,2024-05-10,0.40919074,1,AVY
16567,2024-05-17,0.3839968,1,NVDA
16568,2024-05-13,0.43177605,-1,ALLE
16569,2024-04-29,0.5727588,1,DOV
16570,2024-05-10,0.6109074,1,TSLA
16571,2024-04-23,0.49239746,1,WAT
16572,2024-05-13,0.64902383,-1,PH
16573,2024-05-09,0.5621677,1,PNW
16574,2024-04-01,0.4745179,1,ESS
16575,2024-05-10,0.60883623,-1,HD
16576,2024-04-11,0.4913182,-1,PH
16577,2024-04-04,0.46848413,-1,RSG
16578,2024-05-06,0.43380505,-1,STZ
16579,2024-04-11,0.45806843,-1,COST
16580,2024-04-17,0.36191344,1,HOLX
16581,2024-04-25,0.51171786,-1,GEHC
16582,2024-05-10,0.50025564,1,CDW
16583,2024-04-15,0.50888675,1,APH
16584,2024-04-16,0.469727,1,CL
16585,2024-04-12,0.64423764,-1,INCY
16586,2024-05-02,0.50755644,1,CTSH
16587,2024-04-24,0.602055,1,LEN
16588,2024-04-22,0.47140497,-1,TECH
16589,2024-05-06,0.4672652,-1,ODFL
16590,2024-04-23,0.47131848,-1,OXY
16591,2024-04-22,0.5935888,-1,MDT
16592,2024-04-30,0.5340587,1,CPT
16593,2024-04-23,0.4482087,-1,TXT
16594,2024-05-07,0.4304199,1,USB
16595,2024-05-22,0.5386375,-1,PG
16596,2024-03-28,0.5002621,1,GWW
16597,2024-04-04,0.47381145,-1,HD
16598,2024-04-01,0.41302067,1,HAL
16599,2024-04-17,0.44299248,-1,SLB
16600,2024-05-07,0.5903764,1,AMAT
16601,2024-04-12,0.4315347,1,GNRC
16602,2024-05-20,0.5430425,-1,GILD
16603,2024-05-22,0.5496439,1,UHS
16604,2024-04-03,0.49249133,1,FSLR
16605,2024-05-08,0.47853833,-1,JBL
16606,2024-03-28,0.4980835,1,TTWO
16607,2024-05-13,0.3207447,1,IBM
16608,2024-04-11,0.090984106,1,ATO
16609,2024-05-06,0.60160756,1,BXP
16610,2024-04-11,0.16515075,1,FE
16611,2024-05-16,0.40788597,-1,BALL
16612,2024-05-23,0.52056944,-1,LW
16613,2024-05-02,0.6114044,1,AMD
16614,2024-04-15,0.4815894,1,NWS
16615,2024-04-23,0.4109393,-1,NFLX
16616,2024-04-18,0.6498664,1,CDNS
16617,2024-04-29,0.70791566,1,WAT
16618,2024-04-29,0.49749166,1,ZBH
16619,2024-04-18,0.3976971,1,BLDR
16620,2024-05-17,0.46576703,1,COST
16621,2024-05-16,0.30315042,-1,CB
16622,2024-04-17,0.3771668,1,A
16623,2024-05-06,0.30955398,1,PCG
16624,2024-04-26,0.5213872,1,HD
16625,2024-05-20,0.7015067,-1,BX
16626,2024-04-11,0.4661252,-1,IRM
16627,2024-05-03,0.5779419,-1,JBL
16628,2024-03-28,0.3874671,-1,APD
16629,2024-05-06,0.47755742,1,CZR
16630,2024-03-28,0.47545683,-1,PFG
16631,2024-04-30,0.62355757,1,DVN
16632,2024-05-08,0.60400194,1,AES
16633,2024-05-08,0.52524376,1,BIO
16634,2024-04-15,0.44225127,-1,MPC
16635,2024-04-15,0.4055638,-1,AMZN
16636,2024-04-15,0.5178055,-1,EW
16637,2024-04-08,0.43041378,-1,PEP
16638,2024-04-11,0.46919423,-1,AXON
16639,2024-04-25,0.32534897,-1,CAH
16640,2024-04-26,0.5419963,1,PNC
16641,2024-04-26,0.34157348,-1,INTU
16642,2024-05-13,0.50056064,1,LDOS
16643,2024-04-12,0.5666596,-1,VTRS
16644,2024-04-18,0.37874457,1,HPE
16645,2024-04-05,0.47833508,-1,FFIV
16646,2024-04-23,0.50883013,-1,AEE
16647,2024-05-02,0.47960672,1,KEY
16648,2024-04-25,0.50359845,-1,GDDY
16649,2024-04-18,0.36800253,1,TMUS
16650,2024-04-22,0.53835994,-1,REGN
16651,2024-05-22,0.42879668,-1,GILD
16652,2024-05-02,0.5325083,-1,HAS
16653,2024-04-04,0.350801,-1,BA
16654,2024-05-09,0.5621571,1,HII
16655,2024-03-28,0.44961795,-1,BA
16656,2024-05-08,0.5008217,-1,NKE
16657,2024-05-03,0.49211696,-1,AZO
16658,2024-05-06,0.45142663,1,DAY
16659,2024-05-16,0.29901153,1,ECL
16660,2024-05-20,0.48783237,1,NVDA
16661,2024-03-28,0.4171781,-1,WYNN
16662,2024-05-01,0.4603212,1,KMI
16663,2024-05-13,0.5217919,-1,IDXX
16664,2024-04-02,0.49805456,-1,LOW
16665,2024-05-13,0.17099535,1,LLY
16666,2024-04-02,0.53849614,1,EQT
16667,2024-05-17,0.57757694,-1,CHD
16668,2024-04-22,0.36074948,-1,KMI
16669,2024-04-08,0.42949536,-1,NDSN
16670,2024-05-08,0.63518053,1,LRCX
16671,2024-04-12,0.55583805,1,NEE
16672,2024-04-05,0.36136532,-1,TER
16673,2024-04-10,0.48757273,-1,NVDA
16674,2024-05-06,0.61730534,1,LUV
16675,2024-05-15,0.22450481,-1,VZ
16676,2024-04-05,0.47184283,-1,META
16677,2024-05-07,0.44731677,1,DG
16678,2024-04-03,0.4826489,-1,VLO
16679,2024-05-01,0.4205875,1,OMC
16680,2024-04-08,0.50173444,-1,KEYS
16681,2024-05-03,0.35675666,1,CRM
16682,2024-05-10,0.38622117,1,MMM
16683,2024-04-02,0.42772454,-1,DTE
16684,2024-04-12,0.40851486,-1,ZBRA
16685,2024-04-16,0.6815045,1,IPG
16686,2024-03-28,0.44073194,-1,LHX
16687,2024-05-02,0.30313003,-1,ABNB
16688,2024-05-17,0.40249264,-1,PNR
16689,2024-04-02,0.39535564,-1,PCAR
16690,2024-04-23,0.51145065,1,VMC
16691,2024-05-07,0.4067697,1,RVTY
16692,2024-05-08,0.66479194,-1,FITB
16693,2024-05-07,0.35648218,1,FE
16694,2024-04-11,0.62590903,1,DUK
16695,2024-05-02,0.5076911,1,DAY
16696,2024-05-15,0.5081278,-1,KMX
16697,2024-04-04,0.47862035,-1,CMCSA
16698,2024-05-02,0.5175685,1,WM
16699,2024-05-23,0.414389,-1,GNRC
16700,2024-04-16,0.4913517,1,EL
16701,2024-05-20,0.4712324,-1,VLTO
16702,2024-05-07,0.4354947,1,WDC
16703,2024-05-14,0.48627898,-1,AWK
16704,2024-04-25,0.28267065,-1,BG
16705,2024-04-01,0.47116926,1,DUK
16706,2024-04-12,0.38185862,1,HAS
16707,2024-05-15,0.4640959,-1,CMG
16708,2024-04-08,0.40262058,-1,JBHT
16709,2024-04-22,0.58813834,1,PEG
16710,2024-05-09,0.48836955,1,DG
16711,2024-04-03,0.5239868,-1,SJM
16712,2024-04-25,0.4520047,-1,VLO
16713,2024-04-10,0.53852725,-1,REG
16714,2024-05-22,0.46110004,1,AMT
16715,2024-05-23,0.485811,-1,IQV
16716,2024-05-20,0.59780526,-1,AEP
16717,2024-04-19,0.29334077,1,CNP
16718,2024-04-24,0.3064766,-1,BAC
16719,2024-05-08,0.65291196,1,VRTX
16720,2024-05-20,0.7526965,-1,DAY
16721,2024-04-03,0.42675847,1,HOLX
16722,2024-05-01,0.7806694,1,PSA
16723,2024-04-04,0.55022776,-1,MOS
16724,2024-04-05,0.49049675,-1,AIG
16725,2024-04-04,0.4877915,1,VLTO
16726,2024-05-14,0.533714,1,J
16727,2024-05-20,0.55625015,-1,BIO
16728,2024-04-11,0.6294037,1,ED
16729,2024-04-16,0.53153634,1,QRVO
16730,2024-05-03,0.43654516,-1,MCHP
16731,2024-04-24,0.47846746,1,PEG
16732,2024-04-19,0.527992,1,OKE
16733,2024-05-13,0.48467767,1,BKR
16734,2024-05-06,0.44139743,-1,AXON
16735,2024-04-18,0.37029928,1,NRG
16736,2024-05-01,0.5272239,1,CLX
16737,2024-04-08,0.46435523,-1,MET
16738,2024-04-25,0.33174,1,META
16739,2024-04-25,0.45711362,-1,CSGP
16740,2024-04-15,0.45577422,1,XYL
16741,2024-04-22,0.55383736,-1,VICI
16742,2024-04-03,0.43288487,1,ELV
16743,2024-04-04,0.36162075,-1,ADI
16744,2024-05-02,0.5616025,1,WTW
16745,2024-04-26,0.54068875,1,CRL
16746,2024-04-30,0.4402698,1,CTAS
16747,2024-05-17,0.40888146,-1,AES
16748,2024-04-02,0.5037366,1,DE
16749,2024-04-03,0.14311117,-1,SCHW
16750,2024-05-01,0.5925499,1,K
16751,2024-04-10,0.35508078,-1,NDSN
16752,2024-04-15,0.4936453,-1,META
16753,2024-04-29,0.50992024,1,NWSA
16754,2024-04-23,0.3995176,-1,SJM
16755,2024-04-23,0.42745832,-1,REG
16756,2024-05-20,0.36307642,-1,BWA
16757,2024-05-06,0.4670675,1,CME
16758,2024-05-21,0.38216022,-1,STT
16759,2024-04-02,0.55820954,-1,LLY
16760,2024-04-01,0.5500303,1,MKTX
16761,2024-04-09,0.5092054,-1,ORCL
16762,2024-05-20,0.44018966,-1,MHK
16763,2024-04-08,0.43416673,-1,NFLX
16764,2024-05-07,0.46566528,-1,TDG
16765,2024-04-09,0.48540422,-1,BSX
16766,2024-04-16,0.58932406,-1,KEYS
16767,2024-05-09,0.5564632,1,CDW
16768,2024-05-09,0.7221501,-1,KVUE
16769,2024-04-17,0.45644787,1,KKR
16770,2024-04-19,0.49606702,1,ATO
16771,2024-05-14,0.54025227,-1,TMO
16772,2024-05-06,0.45329744,1,KMI
16773,2024-04-01,0.5121378,-1,MAS
16774,2024-05-15,0.52301675,-1,NWS
16775,2024-04-02,0.5728698,-1,SWKS
16776,2024-05-10,0.41447538,1,TDG
16777,2024-04-11,0.4371514,1,SYF
16778,2024-05-15,0.51192796,1,TT
16779,2024-04-10,0.47657624,-1,WY
16780,2024-03-28,0.36974016,-1,LEN
16781,2024-05-14,0.56460047,1,TROW
16782,2024-04-22,0.50706935,1,GOOG
16783,2024-04-11,0.40441096,-1,ZBH
16784,2024-04-19,0.722644,1,VTR
16785,2024-04-05,0.5795858,-1,SNA
16786,2024-05-15,0.319609,-1,SPG
16787,2024-05-01,0.38342294,1,SNPS
16788,2024-04-19,0.20573944,1,CBRE
16789,2024-05-14,0.52658087,-1,KKR
16790,2024-05-08,0.35805747,-1,FRT
16791,2024-05-17,0.58282155,-1,EVRG
16792,2024-05-15,0.5459743,1,RCL
16793,2024-05-06,0.58773535,1,AJG
16794,2024-04-08,0.48832467,-1,PAYX
16795,2024-04-04,0.38825175,-1,BMY
16796,2024-05-16,0.4307789,-1,DRI
16797,2024-04-05,0.38549593,-1,STLD
16798,2024-05-23,0.5060209,1,WDC
16799,2024-04-25,0.4984724,1,DHI
16800,2024-04-09,0.44772792,-1,ES
16801,2024-05-07,0.46436,1,PEG
16802,2024-04-08,0.5172738,-1,COP
16803,2024-04-22,0.4913182,1,APH
16804,2024-05-15,0.5072528,-1,STX
16805,2024-05-16,0.46769485,1,KKR
16806,2024-05-23,0.68288976,-1,ROP
16807,2024-04-03,0.5703825,1,BALL
16808,2024-05-23,0.62579185,1,BMY
16809,2024-05-15,0.15364407,-1,CAH
16810,2024-05-06,0.5144404,1,HCA
16811,2024-04-30,0.4567357,1,KMI
16812,2024-05-08,0.4895352,1,ANET
16813,2024-04-30,0.35304126,1,L
16814,2024-05-03,0.5765903,1,CAG
16815,2024-04-17,0.43485874,1,IFF
16816,2024-04-04,0.20967954,-1,VRTX
16817,2024-04-15,0.63677394,1,RTX
16818,2024-04-25,0.47220832,-1,CPRT
16819,2024-05-16,0.48162267,-1,CMCSA
16820,2024-05-13,0.44172975,-1,MLM
16821,2024-05-13,0.53894454,1,IRM
16822,2024-04-10,0.4766192,-1,PEG
16823,2024-05-09,0.5032978,1,PAYX
16824,2024-04-09,0.5704159,-1,CNC
16825,2024-04-29,0.45303866,1,PEG
16826,2024-05-03,0.31398395,1,DGX
16827,2024-04-10,0.5349217,-1,INTC
16828,2024-05-15,0.5958875,-1,STZ
16829,2024-05-15,0.4878374,-1,CZR
16830,2024-04-19,0.37015763,1,MCHP
16831,2024-04-30,0.6603985,1,EFX
16832,2024-05-15,0.6182558,-1,ZBH
16833,2024-04-22,0.5158612,1,COST
16834,2024-04-16,0.4316299,1,CAG
16835,2024-05-22,0.55838287,-1,EQIX
16836,2024-04-30,0.6091073,-1,CZR
16837,2024-05-03,0.49003416,-1,CMG
16838,2024-04-11,0.38393894,-1,WMT
16839,2024-04-23,0.43711472,1,UHS
16840,2024-05-08,0.49879068,-1,PYPL
16841,2024-04-05,0.61070615,-1,PFE
16842,2024-05-21,0.69882894,-1,PSA
16843,2024-04-09,0.9694401,-1,KO
16844,2024-04-02,0.5930615,-1,OMC
16845,2024-04-30,0.63565326,1,EPAM
16846,2024-05-13,0.4126838,1,SPGI
16847,2024-05-10,0.8490702,-1,TJX
16848,2024-05-13,0.53448594,1,STT
16849,2024-04-15,0.52552253,-1,ON
16850,2024-05-09,0.53012115,-1,ROL
16851,2024-04-18,0.29442936,-1,DUK
16852,2024-04-23,0.44102192,-1,LNT
16853,2024-04-04,0.66929585,-1,ICE
16854,2024-05-14,0.41981,1,MCHP
16855,2024-05-21,0.56647617,-1,NDSN
16856,2024-05-14,0.57495344,1,TXT
16857,2024-04-23,0.6254517,1,GL
16858,2024-04-03,0.4632546,1,TRMB
16859,2024-05-01,0.42310682,1,NEM
16860,2024-05-15,0.4985583,-1,HWM
16861,2024-05-20,0.41767502,-1,TEL
16862,2024-05-17,0.44556493,1,KLAC
16863,2024-04-26,0.48949042,-1,MKC
16864,2024-04-12,0.5363323,-1,CAT
16865,2024-04-26,0.5449006,1,NFLX
16866,2024-05-13,0.4806117,-1,APTV
16867,2024-04-18,0.46073565,-1,WBA
16868,2024-04-09,0.52360386,-1,INVH
16869,2024-04-30,0.5549164,1,MSCI
16870,2024-04-30,0.46609962,-1,TSCO
16871,2024-04-02,0.5395315,-1,ALL
16872,2024-04-01,0.3683091,-1,TAP
16873,2024-04-23,0.43373263,-1,WMT
16874,2024-04-05,0.3382944,-1,KO
16875,2024-05-07,0.5131374,1,MDLZ
16876,2024-05-07,0.4862299,1,DE
16877,2024-04-10,0.50632733,-1,PARA
16878,2024-04-03,0.4204971,-1,T
16879,2024-04-25,0.43017668,1,ABBV
16880,2024-04-11,0.51485527,-1,ZTS
16881,2024-03-28,0.5429366,-1,SPG
16882,2024-04-29,0.60178876,-1,CDW
16883,2024-04-09,0.31411108,-1,EQT
16884,2024-04-02,0.54710466,-1,PKG
16885,2024-05-23,0.48200944,-1,ECL
16886,2024-05-02,0.40779123,1,WAB
16887,2024-05-22,0.5005968,1,FITB
16888,2024-04-09,0.50589216,-1,CRL
16889,2024-04-23,0.49846077,-1,HSIC
16890,2024-04-10,0.51303875,-1,EQIX
16891,2024-05-09,0.5451211,-1,CZR
16892,2024-05-07,0.3841604,1,CTVA
16893,2024-05-08,0.45410314,1,STLD
16894,2024-05-03,0.4944509,1,EQIX
16895,2024-04-22,0.4503371,-1,GIS
16896,2024-05-07,0.6062332,1,EQIX
16897,2024-04-24,0.47667965,1,APTV
16898,2024-05-13,0.4933204,-1,MRO
16899,2024-04-09,0.5316332,-1,A
16900,2024-05-13,0.46029636,1,MMM
16901,2024-05-08,0.4227911,-1,BBY
16902,2024-04-08,0.47458148,-1,KLAC
16903,2024-05-06,0.40570405,1,AOS
16904,2024-05-03,0.40861952,1,GEN
16905,2024-05-14,0.47755298,-1,EOG
16906,2024-05-17,0.5202503,-1,TMO
16907,2024-04-12,0.46471328,1,ACGL
16908,2024-04-30,0.5173826,1,IPG
16909,2024-05-07,0.37725163,1,HAL
16910,2024-05-02,0.44589987,1,HII
16911,2024-04-18,0.48648536,1,LYB
16912,2024-04-29,0.3343148,1,PG
16913,2024-05-21,0.539928,1,SYK
16914,2024-05-01,0.51616424,-1,DFS
16915,2024-04-18,0.59711725,-1,WTW
16916,2024-05-15,0.6546984,-1,SYY
16917,2024-04-12,0.45924136,-1,OXY
16918,2024-03-28,0.47233477,-1,ENPH
16919,2024-05-22,0.5556286,1,MET
16920,2024-04-19,0.4637698,-1,FIS
16921,2024-04-24,0.13373631,1,CARR
16922,2024-04-02,0.38179997,-1,CF
16923,2024-05-08,0.66354376,-1,CLX
16924,2024-05-02,0.53712183,1,VICI
16925,2024-05-15,0.48874,-1,MAS
16926,2024-04-04,0.42213747,-1,HII
16927,2024-04-10,0.5925282,-1,ANET
16928,2024-04-18,0.06475134,1,KEY
16929,2024-05-10,0.40323973,-1,PARA
16930,2024-05-03,0.48377314,-1,FANG
16931,2024-04-08,0.51714665,-1,AOS
16932,2024-04-04,0.48612362,-1,DD
16933,2024-05-06,0.40299666,1,HBAN
16934,2024-04-23,0.46617696,-1,MNST
16935,2024-04-29,0.49332964,1,CPT
16936,2024-04-23,0.2911767,1,PPL
16937,2024-04-10,0.52203757,-1,EW
16938,2024-04-29,0.48507738,1,GOOGL
16939,2024-05-22,0.67922163,-1,CPT
16940,2024-04-01,0.63287073,-1,CRWD
16941,2024-04-08,0.45976344,-1,CBOE
16942,2024-05-01,0.52058655,1,CNP
16943,2024-04-26,0.3963862,1,CFG
16944,2024-04-23,0.428068,-1,RL
16945,2024-04-30,0.4150757,1,HUM
16946,2024-05-03,0.4636819,1,HIG
16947,2024-04-08,0.24326006,-1,LHX
16948,2024-05-09,0.43192458,1,LHX
16949,2024-05-01,0.5983166,1,EQR
16950,2024-04-03,0.53517455,1,DIS
16951,2024-04-24,0.5482639,1,VMC
16952,2024-04-29,0.2360602,1,CSCO
16953,2024-05-09,0.46847704,-1,TDG
16954,2024-05-17,0.54311246,-1,AFL
16955,2024-04-18,0.6076331,1,PLD
16956,2024-05-13,0.47903454,-1,LULU
16957,2024-04-19,0.46924543,1,GOOGL
16958,2024-05-13,0.5863854,1,ADI
16959,2024-04-23,0.5157034,-1,VRSN
16960,2024-05-16,0.786497,-1,MDLZ
16961,2024-04-08,0.55794126,-1,TRMB
16962,2024-04-16,0.4410275,1,XYL
16963,2024-03-28,0.49957848,-1,HSY
16964,2024-05-20,0.454374,1,GDDY
16965,2024-04-04,0.100502305,-1,IP
16966,2024-05-02,0.5476066,-1,ATO
16967,2024-05-09,0.5161054,-1,JKHY
16968,2024-04-01,0.44981202,-1,LIN
16969,2024-05-16,0.29654977,-1,KO
16970,2024-05-17,0.51117074,1,SNPS
16971,2024-05-23,0.4328247,-1,NFLX
16972,2024-04-09,0.60898757,-1,SPGI
16973,2024-05-07,0.3276945,1,MSFT
16974,2024-04-10,0.5259438,-1,BMY
16975,2024-04-19,0.2729709,1,SO
16976,2024-04-18,0.72575176,1,RL
16977,2024-05-16,0.39374635,-1,PGR
16978,2024-04-08,0.61084574,-1,GLW
16979,2024-04-02,0.4905481,-1,UNP
16980,2024-04-29,0.5364749,1,AMGN
16981,2024-04-15,0.51217896,1,HUM
16982,2024-04-10,0.37211418,-1,MSFT
16983,2024-04-16,0.49812236,1,VRSN
16984,2024-05-21,0.6334959,-1,EXR
16985,2024-04-02,0.6277566,-1,CE
16986,2024-05-17,0.26145858,-1,LNT
16987,2024-04-30,0.59669787,1,AJG
16988,2024-04-15,0.5065754,-1,CDNS
16989,2024-05-16,0.46446216,-1,HIG
16990,2024-04-26,0.5998456,-1,LULU
16991,2024-04-22,0.5631517,-1,BKNG
16992,2024-05-17,0.4373466,-1,FTNT
16993,2024-04-11,0.444616,-1,OTIS
16994,2024-04-23,0.54836476,-1,CCL
16995,2024-05-23,0.5742488,-1,IBM
16996,2024-05-16,0.3268722,-1,TFC
16997,2024-04-22,0.5270164,-1,DECK
16998,2024-04-16,0.43888828,1,GLW
16999,2024-05-14,0.41183686,-1,ALB
17000,2024-05-13,0.5675075,-1,KO
17001,2024-04-12,0.51712674,-1,CSX
17002,2024-04-17,0.4503055,-1,WRB
17003,2024-04-19,0.4950887,1,TPR
17004,2024-05-21,0.3902328,-1,GWW
17005,2024-05-10,0.46814722,-1,TGT
17006,2024-04-23,0.4848847,-1,MRO
17007,2024-05-02,0.43059647,1,OKE
17008,2024-05-08,0.52883786,1,CMCSA
17009,2024-05-03,0.15373904,-1,SMCI
17010,2024-04-10,0.2780908,1,CNP
17011,2024-04-26,0.5279484,-1,ELV
17012,2024-05-01,0.5369565,1,PODD
17013,2024-04-12,0.55526686,-1,VZ
17014,2024-05-08,0.6628275,1,TPR
17015,2024-04-26,0.6070885,1,UBER
17016,2024-04-01,0.50421363,1,JCI
17017,2024-05-13,0.46738893,-1,DAL
17018,2024-05-01,0.45357257,1,TDG
17019,2024-04-18,0.37467295,1,ECL
17020,2024-05-17,0.6132569,-1,GPN
17021,2024-05-09,0.47471848,-1,GPN
17022,2024-04-15,0.49981332,1,OKE
17023,2024-04-17,0.46207735,1,KR
17024,2024-05-07,0.4643808,1,WEC
17025,2024-05-20,0.43738592,-1,PFG
17026,2024-05-01,0.4850776,1,WMT
17027,2024-04-08,0.35803708,-1,GL
17028,2024-04-05,0.44642124,-1,WEC
17029,2024-04-24,0.5021194,-1,EBAY
17030,2024-04-24,0.5530902,1,VTRS
17031,2024-05-08,0.4922685,1,ROP
17032,2024-04-09,0.56381255,-1,SBAC
17033,2024-04-26,0.30659822,-1,CHD
17034,2024-04-19,0.4947363,1,BKR
17035,2024-04-04,0.3440098,-1,BEN
17036,2024-04-29,0.39113972,1,HOLX
17037,2024-05-16,0.33474407,-1,SWKS
17038,2024-04-03,0.48001453,-1,AMP
17039,2024-05-09,0.35616925,1,NVDA
17040,2024-04-02,0.44780555,-1,WAB
17041,2024-05-02,0.47418538,1,RJF
17042,2024-05-14,0.43872097,1,MCO
17043,2024-04-18,0.5478868,1,NEM
17044,2024-05-17,0.2536861,-1,TROW
17045,2024-04-22,0.5247379,-1,JBL
17046,2024-05-20,0.53042483,-1,AVB
17047,2024-04-23,0.50859934,-1,CHTR
17048,2024-05-23,0.4599904,1,APA
17049,2024-05-21,0.49133876,-1,AKAM
17050,2024-05-06,0.4966632,1,ANET
17051,2024-05-07,0.5194896,-1,CSGP
17052,2024-04-22,0.5712701,1,AES
17053,2024-05-14,0.46847284,-1,BAX
17054,2024-04-01,0.49344653,1,FMC
17055,2024-05-22,0.49250996,-1,MAR
17056,2024-05-07,0.49448404,1,NTAP
17057,2024-05-09,0.6219741,1,NWSA
17058,2024-04-02,0.50191784,-1,CDNS
17059,2024-04-22,0.41458073,-1,ACGL
17060,2024-05-21,0.6417076,-1,MMC
17061,2024-04-01,0.33079302,-1,CF
17062,2024-04-16,0.51860756,-1,DAY
17063,2024-04-11,0.15346816,1,FITB
17064,2024-04-08,0.48511556,-1,EVRG
17065,2024-04-18,0.43970725,1,FI
17066,2024-05-13,0.518168,1,DVA
17067,2024-05-01,0.35976303,1,MAA
17068,2024-04-18,0.2964387,-1,FOXA
17069,2024-05-02,0.610787,1,SRE
17070,2024-04-23,0.4329135,1,BRO
17071,2024-05-23,0.63613886,1,JNJ
17072,2024-04-30,0.49908742,1,CHTR
17073,2024-05-13,0.4279266,1,ELV
17074,2024-05-20,0.42447168,-1,CSGP
17075,2024-04-16,0.38058683,-1,AMZN
17076,2024-05-02,0.54294294,1,MAS
17077,2024-05-14,0.61885387,1,HII
17078,2024-04-23,0.4374129,-1,CPT
17079,2024-05-07,0.52606905,1,MET
17080,2024-05-09,0.38849473,-1,OXY
17081,2024-04-19,0.49089712,1,ESS
17082,2024-04-09,0.61525804,-1,URI
17083,2024-04-02,0.5219362,-1,STLD
17084,2024-04-01,0.22528107,1,NWS
17085,2024-04-23,0.49012488,-1,CRL
17086,2024-04-23,0.54352987,1,HON
17087,2024-04-25,0.3781681,-1,TROW
17088,2024-04-30,0.39759657,-1,LLY
17089,2024-05-16,0.48575252,1,CEG
17090,2024-05-06,0.51123136,1,CBRE
17091,2024-05-10,0.5284588,-1,AZO
17092,2024-04-15,0.42750314,1,BLDR
17093,2024-04-08,0.4665884,-1,L
17094,2024-04-03,0.5051435,-1,EFX
17095,2024-05-15,0.49254686,-1,GRMN
17096,2024-04-05,0.44915608,-1,ETR
17097,2024-05-21,0.60363257,1,DECK
17098,2024-05-02,0.50183064,1,PAYC
17099,2024-05-15,0.4715527,-1,GEN
17100,2024-04-10,0.33734998,1,DTE
17101,2024-05-01,0.49353647,1,SYY
17102,2024-04-09,0.5918745,-1,CHRW
17103,2024-04-10,0.46822503,-1,DOV
17104,2024-04-11,0.7235492,-1,MRNA
17105,2024-05-22,0.4437401,-1,GE
17106,2024-05-09,0.5588212,1,TROW
17107,2024-05-01,0.4786087,-1,BIO
17108,2024-04-11,0.5226313,-1,WYNN
17109,2024-05-22,0.5239295,-1,TMO
17110,2024-05-10,0.41373587,1,AEP
17111,2024-04-04,0.3112231,-1,WY
17112,2024-04-04,0.52832144,1,PODD
17113,2024-05-17,0.5455894,-1,STE
17114,2024-05-09,0.5003946,-1,SJM
17115,2024-05-22,0.6025627,1,HLT
17116,2024-04-25,0.46341792,-1,CRM
17117,2024-05-07,0.31137756,1,VTR
17118,2024-04-08,0.4792642,-1,CAG
17119,2024-04-02,0.5031631,-1,MRK
17120,2024-04-25,0.30485663,1,ETR
17121,2024-04-09,0.4911576,-1,COP
17122,2024-05-17,0.49839726,-1,TECH
17123,2024-05-03,0.5449361,1,MSFT
17124,2024-04-25,0.56249076,-1,JBL
17125,2024-05-03,0.52803075,1,AAPL
17126,2024-04-30,0.47044614,1,MLM
17127,2024-05-20,0.50187385,-1,TDG
17128,2024-05-02,0.47794452,1,EIX
17129,2024-05-08,0.46912628,1,AFL
17130,2024-04-25,0.5398885,1,COO
17131,2024-04-18,0.3745549,-1,AZO
17132,2024-04-24,0.5128344,1,SCHW
17133,2024-04-16,0.5291666,1,MCHP
17134,2024-05-06,0.1741681,1,ESS
17135,2024-05-15,0.4513466,-1,CHTR
17136,2024-05-22,0.44392493,-1,WAT
17137,2024-05-07,0.43100685,1,WYNN
17138,2024-04-12,0.27687895,1,AAL
17139,2024-04-26,0.44999328,1,AEP
17140,2024-04-17,0.4256651,-1,PFE
17141,2024-05-17,0.570499,1,PRU
17142,2024-05-03,0.5078503,1,ED
17143,2024-04-01,0.39002612,1,LEN
17144,2024-05-23,0.16146848,-1,FDS
17145,2024-04-04,0.5296054,-1,VMC
17146,2024-05-21,0.51939493,-1,TDY
17147,2024-04-18,0.41567546,1,OKE
17148,2024-04-02,0.45134422,-1,NTRS
17149,2024-05-17,0.16796951,-1,BWA
17150,2024-04-25,0.5484615,1,DLR
17151,2024-05-09,0.4990711,1,DOC
17152,2024-03-28,0.37922472,1,O
17153,2024-05-06,0.37218148,-1,ED
17154,2024-04-26,0.44780442,1,CPT
17155,2024-04-26,0.468081,1,RF
17156,2024-04-18,0.44646785,1,IFF
17157,2024-04-26,0.45996246,-1,CSGP
17158,2024-04-03,0.2919749,-1,CAH
17159,2024-04-16,0.48501936,1,CPB
17160,2024-03-28,0.5151223,1,PWR
17161,2024-03-28,0.41242728,-1,GIS
17162,2024-05-15,0.44171593,-1,MET
17163,2024-04-15,0.46828336,-1,HLT
17164,2024-04-25,0.4515803,-1,NUE
17165,2024-04-01,0.71896565,-1,FE
17166,2024-05-17,0.5020109,-1,UNH
17167,2024-05-14,0.5785842,-1,FCX
17168,2024-04-15,0.34642375,1,PCG
17169,2024-05-15,0.5968277,-1,AXP
17170,2024-04-04,0.46532938,-1,ECL
17171,2024-04-16,0.49699998,1,AZO
17172,2024-04-12,0.4156014,1,DD
17173,2024-04-10,0.4909667,-1,F
17174,2024-05-01,0.36024678,1,KEY
17175,2024-05-03,0.46987447,-1,OXY
17176,2024-05-08,0.520131,1,ULTA
17177,2024-05-15,0.40369925,-1,EXR
17178,2024-04-02,0.24939208,1,HES
17179,2024-04-29,0.56372386,1,VLTO
17180,2024-04-18,0.46282834,1,EQT
17181,2024-04-30,0.45327717,1,CMG
17182,2024-04-30,0.7067427,-1,HST
17183,2024-05-14,0.6143521,-1,ANSS
17184,2024-04-09,0.45096096,1,TDG
17185,2024-05-22,0.39861166,1,IRM
17186,2024-04-03,0.52547705,-1,ETN
17187,2024-04-23,0.143646,-1,FMC
17188,2024-05-09,0.47163314,-1,EMN
17189,2024-04-04,0.4859837,-1,LOW
17190,2024-04-10,0.46501723,-1,TYL
17191,2024-05-16,0.5844669,-1,JPM
17192,2024-05-15,0.617553,-1,CSCO
17193,2024-04-25,0.43376043,-1,ADM
17194,2024-04-18,0.39860305,1,FSLR
17195,2024-04-08,0.5828788,-1,APTV
17196,2024-04-11,0.121015824,1,CNC
17197,2024-04-24,0.41202548,1,IVZ
17198,2024-04-24,0.45258826,-1,XOM
17199,2024-04-30,0.39221174,1,TT
17200,2024-04-03,0.4458114,-1,AKAM
17201,2024-05-03,0.4312461,1,PNC
17202,2024-05-16,0.40591925,1,MPWR
17203,2024-04-04,0.51283324,-1,CE
17204,2024-05-15,0.6350144,-1,KIM
17205,2024-04-15,0.45836505,1,AVB
17206,2024-05-20,0.42743665,-1,CPT
17207,2024-04-30,0.77527064,-1,MTCH
17208,2024-04-24,0.47321218,1,AFL
17209,2024-04-02,0.5219746,-1,NTAP
17210,2024-04-05,0.31948036,-1,RJF
17211,2024-04-30,0.4708433,-1,J
17212,2024-04-30,0.22979861,1,BAC
17213,2024-05-06,0.359497,1,EXC
17214,2024-05-07,0.559365,1,LYV
17215,2024-04-15,0.52431756,1,T
17216,2024-05-21,0.5295268,-1,KLAC
17217,2024-04-08,0.43613845,-1,VMC
17218,2024-05-03,0.55838376,1,WELL
17219,2024-04-17,0.28253767,1,J
17220,2024-04-09,0.7689912,-1,BX
17221,2024-05-17,0.61424536,-1,TAP
17222,2024-04-26,0.58043534,1,IBM
17223,2024-05-01,0.45784038,-1,HST
17224,2024-04-04,0.45075747,-1,WST
17225,2024-04-25,0.48339424,1,MHK
17226,2024-04-16,0.42919755,1,REGN
17227,2024-05-02,0.5760894,1,ITW
17228,2024-05-07,0.4752851,1,EBAY
17229,2024-05-16,0.4813264,-1,DHR
17230,2024-05-08,0.51671225,1,AMT
17231,2024-05-03,0.50325996,1,DOV
17232,2024-05-07,0.49798042,1,BBWI
17233,2024-04-12,0.5076024,-1,ZTS
17234,2024-05-15,0.52874464,-1,AES
17235,2024-05-03,0.50821966,-1,CSGP
17236,2024-04-26,0.5280853,-1,SYK
17237,2024-04-25,0.48285243,-1,UNP
17238,2024-04-09,0.5713806,-1,TFC
17239,2024-03-28,0.38948798,1,TSN
17240,2024-05-22,0.49085978,1,ROL
17241,2024-05-15,0.3422413,-1,DFS
17242,2024-05-22,0.45264563,-1,FICO
17243,2024-05-07,0.4872789,1,CFG
17244,2024-04-09,0.50054175,1,PGR
17245,2024-04-08,0.5004136,-1,EMN
17246,2024-04-16,0.49255264,1,MAR
17247,2024-05-07,0.5363804,-1,RCL
17248,2024-05-16,0.53963363,1,DOV
17249,2024-04-12,0.48755425,1,AOS
17250,2024-04-22,0.5158183,1,EBAY
17251,2024-05-16,0.42230225,-1,EQR
17252,2024-04-08,0.40524194,1,YUM
17253,2024-04-29,0.59149426,1,JNJ
17254,2024-04-29,0.5557034,1,CNC
17255,2024-05-08,0.4237713,1,UHS
17256,2024-04-10,0.47500876,-1,SYK
17257,2024-04-18,0.18582301,-1,ETR
17258,2024-04-10,0.27693966,-1,GD
17259,2024-04-11,0.5041308,1,COR
17260,2024-04-04,0.37506688,-1,SPG
17261,2024-04-04,0.6603949,1,CPT
17262,2024-05-13,0.36867213,1,CMS
17263,2024-04-01,0.5044014,-1,AFL
17264,2024-05-22,0.47895348,-1,UDR
17265,2024-04-09,0.5241426,-1,MO
17266,2024-05-02,0.49619293,-1,MGM
17267,2024-04-30,0.45646906,1,DECK
17268,2024-04-02,0.46040294,-1,ROL
17269,2024-04-09,0.4477351,-1,AZO
17270,2024-05-03,0.53367376,1,CLX
17271,2024-04-29,0.5368594,1,EIX
17272,2024-04-11,0.5030331,1,CBOE
17273,2024-05-14,0.5589938,1,FDS
17274,2024-05-20,0.5933087,-1,VTRS
17275,2024-05-23,0.4447527,-1,MSFT
17276,2024-04-15,0.3824634,1,BEN
17277,2024-04-01,0.51974654,-1,VLO
17278,2024-05-16,0.49086258,-1,DGX
17279,2024-05-01,0.5305361,1,LOW
17280,2024-04-03,0.47035655,-1,MPC
17281,2024-04-01,0.4774929,-1,DG
17282,2024-05-03,0.5264278,1,TSN
17283,2024-04-09,0.49080735,-1,TPR
17284,2024-04-22,0.43494722,-1,GDDY
17285,2024-05-20,0.47153136,-1,ULTA
17286,2024-04-17,0.38925964,1,SPGI
17287,2024-04-26,0.6630583,-1,MDLZ
17288,2024-05-03,0.54934996,1,MMC
17289,2024-05-22,0.5651572,-1,HST
17290,2024-04-01,0.2058682,1,DOW
17291,2024-04-18,0.3867987,1,GS
17292,2024-05-06,0.44167516,1,CINF
17293,2024-03-28,0.49779412,-1,TSCO
17294,2024-04-08,0.6226911,-1,WBD
17295,2024-05-07,0.43950114,1,BRO
17296,2024-04-29,0.5933407,1,D
17297,2024-04-18,0.40769076,1,BLK
17298,2024-05-17,0.41229552,-1,HON
17299,2024-04-01,0.46957186,-1,DRI
17300,2024-05-13,0.44439235,1,GE
17301,2024-04-29,0.6164639,1,EPAM
17302,2024-05-10,0.40726715,-1,TRV
17303,2024-04-25,0.40661627,1,AMGN
17304,2024-05-07,0.48115048,1,ZBRA
17305,2024-05-20,0.451222,-1,GNRC
17306,2024-03-28,0.51363206,1,DPZ
17307,2024-04-29,0.5027752,1,MRO
17308,2024-05-20,0.45115745,-1,BBY
17309,2024-04-18,0.425973,1,MHK
17310,2024-05-20,0.634816,1,EA
17311,2024-04-05,0.46332675,-1,NWSA
17312,2024-05-06,0.6451916,-1,LYV
17313,2024-04-18,0.49524742,1,CPB
17314,2024-04-29,0.5752549,1,ALB
17315,2024-03-28,0.44371292,-1,PARA
17316,2024-04-04,0.4346469,-1,MNST
17317,2024-03-28,0.45720223,-1,SWKS
17318,2024-05-23,0.548262,-1,MA
17319,2024-05-16,0.57728803,-1,QRVO
17320,2024-04-19,0.47502643,-1,AAL
17321,2024-04-11,0.5033575,1,NEM
17322,2024-05-01,0.517732,1,JBL
17323,2024-04-15,0.45549223,-1,KLAC
17324,2024-05-14,0.42300138,-1,EMR
17325,2024-04-10,0.5724911,-1,AMD
17326,2024-04-11,0.29853436,1,AVB
17327,2024-05-09,0.4997644,-1,ALL
17328,2024-05-07,0.45296374,1,AFL
17329,2024-05-15,0.48786458,-1,GPC
17330,2024-05-13,0.42305857,1,MTD
17331,2024-05-06,0.5027398,1,PFG
17332,2024-05-02,0.51125205,1,KKR
17333,2024-04-18,0.42193726,1,FFIV
17334,2024-05-09,0.5078266,1,FSLR
17335,2024-05-09,0.35797375,1,AEE
17336,2024-05-02,0.3415724,1,PTC
17337,2024-05-17,0.29027593,-1,MAA
17338,2024-05-03,0.75647014,1,PFE
17339,2024-04-01,0.3905861,-1,CBOE
17340,2024-04-24,0.51534086,1,EVRG
17341,2024-04-23,0.5882871,-1,EPAM
17342,2024-04-02,0.54357713,1,MRO
17343,2024-04-25,0.04245315,-1,ORLY
17344,2024-05-23,0.61169744,1,GDDY
17345,2024-05-14,0.3609498,1,DIS
17346,2024-05-16,0.47745553,-1,GPN
17347,2024-05-08,0.50302774,-1,RL
17348,2024-05-10,0.5565293,-1,SYF
17349,2024-05-06,0.5322417,-1,CF
17350,2024-05-03,0.4572393,1,UDR
17351,2024-05-02,0.37037644,1,EMR
17352,2024-04-05,0.43137518,-1,KMB
17353,2024-04-18,0.36281362,-1,LKQ
17354,2024-04-26,0.51952124,1,CMS
17355,2024-04-03,0.5109207,1,WFC
17356,2024-04-09,0.6128666,-1,UBER
17357,2024-05-02,0.41587573,1,CPT
17358,2024-05-10,0.38415217,1,PAYX
17359,2024-04-26,0.50514376,1,GD
17360,2024-05-15,0.55058175,-1,GEHC
17361,2024-05-03,0.44148898,1,NFLX
17362,2024-05-10,0.53605425,1,MOS
17363,2024-04-12,0.4244548,-1,PHM
17364,2024-04-02,0.3937666,-1,NUE
17365,2024-04-09,0.47615364,-1,NWSA
17366,2024-04-16,0.5348204,-1,AMD
17367,2024-05-23,0.51764214,1,MTCH
17368,2024-05-16,0.54990053,-1,GILD
17369,2024-04-04,0.41189012,-1,LMT
17370,2024-04-17,0.31430852,1,WM
17371,2024-04-12,0.53861344,1,BKR
17372,2024-04-26,0.3498896,-1,TSN
17373,2024-05-10,0.5646104,1,CPRT
17374,2024-04-25,0.6682099,-1,ABT
17375,2024-04-10,0.47604242,-1,IVZ
17376,2024-04-17,0.5484452,-1,CHTR
17377,2024-04-23,0.5348503,-1,EBAY
17378,2024-04-12,0.2911319,1,ED
17379,2024-04-19,0.4242164,1,ADI
17380,2024-05-20,0.18815508,-1,STE
17381,2024-04-05,0.36848745,-1,PHM
17382,2024-05-03,0.59593064,-1,ATO
17383,2024-05-20,0.47158614,1,QCOM
17384,2024-04-11,0.2964227,-1,DG
17385,2024-05-15,0.55367976,-1,LNT
17386,2024-05-15,0.58463264,-1,AON
17387,2024-05-10,0.7335929,1,KKR
17388,2024-05-13,0.5121908,-1,GILD
17389,2024-04-11,0.59957725,1,CB
17390,2024-04-24,0.5096479,1,MS
17391,2024-04-22,0.51140964,1,CNP
17392,2024-05-21,0.544977,-1,ADI
17393,2024-04-12,0.449692,-1,NDSN
17394,2024-04-15,0.44661063,1,PRU
17395,2024-04-30,0.5141879,1,AKAM
17396,2024-04-22,0.46517363,-1,J
17397,2024-04-12,0.5410926,-1,WST
17398,2024-05-03,0.5170637,-1,TDG
17399,2024-04-09,0.5678281,-1,TXT
17400,2024-05-13,0.47293648,-1,CAG
17401,2024-05-02,0.48984182,1,FCX
17402,2024-04-30,0.6126194,-1,DFS
17403,2024-04-17,0.3588382,-1,WST
17404,2024-04-02,0.4617305,1,NDAQ
17405,2024-04-01,0.50606924,-1,PEP
17406,2024-04-09,0.5140996,-1,QCOM
17407,2024-04-30,0.4574273,1,VLO
17408,2024-05-20,0.48932108,-1,PRU
17409,2024-05-10,0.4862558,1,KMI
17410,2024-04-30,0.49069008,-1,ULTA
17411,2024-05-21,0.65578216,-1,HBAN
17412,2024-04-30,0.21574935,1,PTC
17413,2024-04-03,0.36594728,-1,SPG
17414,2024-04-17,0.30368233,1,TJX
17415,2024-04-01,0.4868609,1,GOOGL
17416,2024-04-01,0.52614754,1,CDNS
17417,2024-05-10,0.5067827,1,TT
17418,2024-05-13,0.4730685,-1,EOG
17419,2024-04-16,0.6377103,1,INVH
17420,2024-05-15,0.7034007,-1,ICE
17421,2024-04-10,0.40400502,-1,EXPD
17422,2024-04-23,0.5471142,1,PWR
17423,2024-04-25,0.40035117,-1,TRGP
17424,2024-04-15,0.54049355,1,PYPL
17425,2024-05-20,0.5121714,-1,KMI
17426,2024-04-15,0.53072554,1,CCI
17427,2024-05-03,0.6901889,1,CHTR
17428,2024-04-18,0.5273384,-1,DE
17429,2024-04-12,0.5859722,1,NI
17430,2024-04-04,0.44009352,-1,SYK
17431,2024-04-02,0.4735562,-1,KDP
17432,2024-04-29,0.48005813,1,BA
17433,2024-05-22,0.40446895,1,VRTX
17434,2024-05-09,0.54780704,-1,MCD
17435,2024-04-17,0.48632458,1,HII
17436,2024-04-04,0.48252738,-1,CDNS
17437,2024-04-17,0.5060648,1,CVX
17438,2024-05-21,0.5316107,-1,FITB
17439,2024-04-10,0.3752201,-1,MMM
17440,2024-05-06,0.53831375,1,ORCL
17441,2024-04-10,0.4673526,-1,DVN
17442,2024-05-09,0.6320085,-1,CPT
17443,2024-04-10,0.31238264,-1,J
17444,2024-05-14,0.43289894,-1,O
17445,2024-05-22,0.21350002,1,LYB
17446,2024-04-05,0.13782175,-1,HBAN
17447,2024-05-06,0.49249774,1,EFX
17448,2024-04-12,0.40269685,1,DTE
17449,2024-05-20,0.39602578,-1,VICI
17450,2024-04-23,0.5813049,1,HSY
17451,2024-04-04,0.55257535,-1,AWK
17452,2024-05-17,0.4945213,-1,WY
17453,2024-04-09,0.5118577,-1,MGM
17454,2024-05-10,0.56044805,-1,WM
17455,2024-04-23,0.26494607,-1,APA
17456,2024-04-05,0.45218638,-1,LVS
17457,2024-05-20,0.4686983,-1,UNH
17458,2024-05-01,0.6488522,1,A
17459,2024-05-03,0.5535969,1,K
17460,2024-04-16,0.46488693,-1,NDSN
17461,2024-04-02,0.60071117,1,TSN
17462,2024-04-09,0.5085906,-1,CDNS
17463,2024-04-30,0.44599408,1,SBAC
17464,2024-04-16,0.40929085,1,DRI
17465,2024-04-22,0.5192229,1,GRMN
17466,2024-04-17,0.6398645,1,KHC
17467,2024-05-22,0.20088033,1,SYF
17468,2024-05-08,0.6298867,-1,SBUX
17469,2024-04-22,0.4260194,-1,ORLY
17470,2024-04-22,0.5481501,-1,SNA
17471,2024-04-04,0.5212831,-1,DE
17472,2024-05-20,0.39718696,1,HCA
17473,2024-05-10,0.47507396,1,HRL
17474,2024-05-13,0.26310372,1,DUK
17475,2024-04-01,0.49684107,-1,STX
17476,2024-05-20,0.76519483,-1,AZO
17477,2024-05-22,0.5559965,-1,ALB
17478,2024-05-10,0.43113083,1,DFS
17479,2024-05-01,0.40868333,1,ELV
17480,2024-04-08,0.47647622,-1,AJG
17481,2024-05-20,0.4217595,-1,JKHY
17482,2024-04-26,0.5484338,1,AMP
17483,2024-05-17,0.4560837,-1,GIS
17484,2024-05-10,0.59363866,1,HSIC
17485,2024-05-21,0.6190278,-1,EXC
17486,2024-04-19,0.5133832,1,AMCR
17487,2024-04-25,0.5042349,1,WYNN
17488,2024-05-20,0.39728737,-1,FE
17489,2024-05-13,0.59823763,-1,NTRS
17490,2024-04-19,0.6630849,1,PWR
17491,2024-04-05,0.44176242,-1,JKHY
17492,2024-05-13,0.41082147,1,CB
17493,2024-04-23,0.89484143,1,AXON
17494,2024-03-28,0.40433136,-1,KIM
17495,2024-05-21,0.4949022,-1,SNA
17496,2024-05-22,0.71160805,-1,HOLX
17497,2024-04-22,0.69060105,-1,DLTR
17498,2024-05-09,0.28265676,1,NXPI
17499,2024-04-26,0.5037708,1,KEYS
17500,2024-04-12,0.5293772,1,VRSN
17501,2024-04-26,0.53925794,1,FIS
17502,2024-04-24,0.33423036,-1,CDW
17503,2024-04-16,0.53858894,1,COST
17504,2024-05-15,0.40065894,-1,AAPL
17505,2024-04-19,0.5545862,-1,CSX
17506,2024-04-22,0.51691586,-1,DXCM
17507,2024-05-02,0.47221524,1,VST
17508,2024-04-30,0.6193674,1,ACN
17509,2024-04-03,0.4592923,-1,ADM
17510,2024-05-01,0.4725583,1,EFX
17511,2024-03-28,0.5072383,-1,MRK
17512,2024-04-02,0.5003327,-1,DAY
17513,2024-04-25,0.25414976,1,PM
17514,2024-04-10,0.5556136,1,LUV
17515,2024-05-20,0.56625515,-1,ITW
17516,2024-04-03,0.35231477,1,WAT
17517,2024-05-03,0.45666772,1,NI
17518,2024-05-01,0.45304677,-1,TMUS
17519,2024-05-03,0.29914978,-1,CDNS
17520,2024-04-18,0.4502864,1,SYF
17521,2024-04-24,0.41474158,-1,IT
17522,2024-04-01,0.4388152,-1,J
17523,2024-04-08,0.41841346,-1,AME
17524,2024-04-03,0.35964918,1,ES
17525,2024-05-06,0.47986794,1,DAL
17526,2024-05-16,0.50511515,-1,KEY
17527,2024-04-22,0.52647924,-1,CNC
17528,2024-05-22,0.44806433,1,PNW
17529,2024-04-23,0.43573004,1,DOW
17530,2024-04-23,0.5441417,-1,INTC
17531,2024-04-10,0.07603105,-1,ISRG
17532,2024-04-29,0.49839455,1,IRM
17533,2024-05-14,0.5185545,-1,URI
17534,2024-05-21,0.7337421,1,DLR
17535,2024-04-19,0.50687104,-1,VRSN
17536,2024-05-23,0.47629067,-1,AVB
17537,2024-04-08,0.44909507,-1,CPT
17538,2024-05-15,0.39312953,-1,KDP
17539,2024-04-16,0.628957,1,NWSA
17540,2024-05-02,0.40023458,1,IDXX
17541,2024-04-26,0.21966049,1,MSFT
17542,2024-04-18,0.2941695,-1,HIG
17543,2024-04-09,0.4425061,-1,PKG
17544,2024-05-06,0.5424156,-1,GPN
17545,2024-04-01,0.54301953,-1,AIG
17546,2024-04-02,0.5414437,-1,VICI
17547,2024-04-16,0.52221173,1,AFL
17548,2024-05-22,0.49331737,1,OTIS
17549,2024-05-06,0.46551958,1,HSY
17550,2024-04-23,0.37368748,-1,FITB
17551,2024-05-10,0.3300109,1,NEM
17552,2024-05-23,0.46710846,1,BBY
17553,2024-04-01,0.43830428,-1,NVDA
17554,2024-04-18,0.50449747,-1,COO
17555,2024-04-12,0.5598903,1,AWK
17556,2024-05-23,0.55410683,1,CAH
17557,2024-05-15,0.50201577,-1,VTR
17558,2024-04-10,0.4744399,-1,CI
17559,2024-04-11,0.37729463,1,MKC
17560,2024-04-29,0.53820175,-1,OKE
17561,2024-05-07,0.5990278,1,AOS
17562,2024-04-29,0.50294936,1,INCY
17563,2024-05-15,0.60187185,-1,EQIX
17564,2024-04-24,0.51896447,-1,ADSK
17565,2024-05-17,0.50853485,-1,ALGN
17566,2024-05-03,0.53174007,1,WEC
17567,2024-05-14,0.5150785,-1,FOX
17568,2024-04-16,0.46314573,-1,CSX
17569,2024-04-11,0.5232529,1,VTR
17570,2024-04-02,0.384706,1,DHR
17571,2024-04-24,0.5748037,-1,AKAM
17572,2024-05-22,0.49050975,-1,MLM
17573,2024-04-15,0.31512177,1,YUM
17574,2024-04-08,0.49966985,-1,SWK
17575,2024-04-05,0.4096323,-1,ES
17576,2024-05-23,0.44112122,-1,MOS
17577,2024-04-23,0.33003727,-1,CPB
17578,2024-05-13,0.4761043,-1,COP
17579,2024-05-14,0.5304085,1,LW
17580,2024-04-09,0.5129058,-1,PAYC
17581,2024-04-22,0.6828154,-1,FDS
17582,2024-05-14,0.45575312,1,BSX
17583,2024-04-12,0.3511393,-1,RVTY
17584,2024-04-11,0.5693432,1,ALL
17585,2024-04-30,0.5362879,1,GRMN
17586,2024-05-22,0.50336325,-1,MRNA
17587,2024-04-12,0.43346727,1,FDX
17588,2024-05-01,0.4685438,1,SPGI
17589,2024-04-26,0.4399668,1,LVS
17590,2024-04-16,0.5224927,1,LW
17591,2024-05-09,0.62622446,-1,FI
17592,2024-04-09,0.43504396,-1,LHX
17593,2024-04-09,0.36541995,-1,PRU
17594,2024-05-03,0.50993633,1,T
17595,2024-05-21,0.5418933,-1,GILD
17596,2024-04-08,0.45349932,-1,RF
17597,2024-04-04,0.58956116,-1,HRL
17598,2024-04-29,0.38490206,1,RJF
17599,2024-05-07,0.4514919,1,MMM
17600,2024-04-19,0.4814535,-1,WYNN
17601,2024-05-15,0.46589026,-1,PFG
17602,2024-05-14,0.5183256,-1,VST
17603,2024-05-06,0.5684677,-1,CDNS
17604,2024-04-15,0.43126777,1,ARE
17605,2024-04-12,0.400362,-1,BLDR
17606,2024-05-15,0.5237036,-1,YUM
17607,2024-04-24,0.33404532,1,EQR
17608,2024-04-04,0.09625801,-1,SBUX
17609,2024-04-09,0.48230532,-1,WM
17610,2024-05-16,0.5886507,-1,MMC
17611,2024-04-09,0.3758573,-1,CCI
17612,2024-05-16,0.4925897,-1,BLK
17613,2024-05-23,0.48179775,1,T
17614,2024-04-17,0.30804726,1,CPT
17615,2024-04-15,0.5624258,-1,BIIB
17616,2024-04-12,0.5769609,-1,SBAC
17617,2024-05-23,0.65290034,1,MGM
17618,2024-05-20,0.4873311,1,FSLR
17619,2024-04-30,0.38143715,1,AMZN
17620,2024-05-21,0.4974688,1,CTRA
17621,2024-04-15,0.54546636,1,VST
17622,2024-05-20,0.42332503,1,COR
17623,2024-04-29,0.5522085,-1,LLY
17624,2024-05-21,0.5092668,1,NEE
17625,2024-04-12,0.51716316,1,BSX
17626,2024-05-22,0.40520227,-1,TFC
17627,2024-04-05,0.52744985,-1,AKAM
17628,2024-04-11,0.4097935,-1,AMAT
17629,2024-04-02,0.4570101,-1,CTRA
17630,2024-05-14,0.52335507,-1,STT
17631,2024-04-15,0.40065214,1,TSCO
17632,2024-05-03,0.47462425,1,QRVO
17633,2024-05-06,0.46621212,1,MTD
17634,2024-04-12,0.5393407,-1,JNPR
17635,2024-04-08,0.5287338,-1,TJX
17636,2024-05-07,0.5337204,1,AJG
17637,2024-05-23,0.6643798,-1,PTC
17638,2024-04-29,0.32377312,1,RTX
17639,2024-04-01,0.5734874,-1,BA
17640,2024-04-05,0.48177683,-1,MAS
17641,2024-04-10,0.410989,-1,AAPL
17642,2024-05-15,0.49536392,-1,DHI
17643,2024-04-04,0.5176786,-1,BG
17644,2024-05-14,0.31664702,1,CNP
17645,2024-05-01,0.2114266,1,MA
17646,2024-05-20,0.6503526,1,CAH
17647,2024-04-18,0.38590357,-1,AME
17648,2024-04-02,0.60288143,1,CBOE
17649,2024-05-20,0.5207298,-1,NKE
17650,2024-04-08,0.721747,-1,ROST
17651,2024-04-17,0.3045568,1,FITB
17652,2024-05-07,0.4638355,1,STLD
17653,2024-05-06,0.36765096,1,PEP
17654,2024-05-01,0.48603946,1,UAL
17655,2024-05-15,0.5505214,-1,OKE
17656,2024-05-03,0.3380177,1,NUE
17657,2024-04-01,0.44276148,1,WBA
17658,2024-04-10,0.5052668,-1,PPL
17659,2024-04-08,0.45869905,-1,OKE
17660,2024-05-08,0.58035153,1,SRE
17661,2024-04-23,0.38591984,-1,BMY
17662,2024-05-03,0.59166646,1,PNR
17663,2024-05-16,0.28626513,1,TXN
17664,2024-05-20,0.7012595,-1,AME
17665,2024-04-25,0.4232566,-1,ROK
17666,2024-05-15,0.6359246,-1,TDY
17667,2024-04-22,0.4837954,1,ON
17668,2024-05-23,0.42084515,-1,AMZN
17669,2024-04-29,0.7514966,1,ICE
17670,2024-04-15,0.37012866,-1,MNST
17671,2024-04-23,0.83429486,-1,SYF
17672,2024-03-28,0.5143708,1,TMO
17673,2024-04-10,0.29082054,-1,ABBV
17674,2024-04-23,0.38533986,-1,BBY
17675,2024-03-28,0.59130377,1,JNPR
17676,2024-04-08,0.54632413,-1,CBRE
17677,2024-04-26,0.48358583,1,GDDY
17678,2024-04-05,0.551195,-1,BXP
17679,2024-04-23,0.497884,-1,AKAM
17680,2024-04-12,0.5954319,-1,BIIB
17681,2024-04-01,0.4257555,-1,AZO
17682,2024-05-16,0.5726285,-1,SJM
17683,2024-05-10,0.5129678,-1,CSGP
17684,2024-04-01,0.5764202,-1,MOH
17685,2024-05-08,0.5435537,1,TJX
17686,2024-04-02,0.5744577,-1,APTV
17687,2024-05-21,0.31515715,-1,BSX
17688,2024-04-26,0.49647108,-1,ROK
17689,2024-05-16,0.4708994,-1,CFG
17690,2024-04-04,0.38432655,-1,LHX
17691,2024-05-20,0.6220777,-1,HII
17692,2024-05-10,0.4597874,1,ADI
17693,2024-04-04,0.2677635,-1,HST
17694,2024-04-04,0.42502585,-1,ROL
17695,2024-04-15,0.5431574,1,PNW
17696,2024-05-22,0.44598606,1,CF
17697,2024-04-02,0.5416275,1,PAYC
17698,2024-05-09,0.6309475,1,TDY
17699,2024-04-22,0.40986827,1,PCG
17700,2024-04-30,0.50576925,1,MAS
17701,2024-05-03,0.46316978,1,TER
17702,2024-05-02,0.71452343,1,CDNS
17703,2024-05-16,0.486987,-1,HBAN
17704,2024-05-23,0.3119101,1,BXP
17705,2024-05-14,0.6604316,-1,STX
17706,2024-04-09,0.55846214,-1,JNPR
17707,2024-04-03,0.5370071,1,IT
17708,2024-05-16,0.48824984,-1,KMB
17709,2024-04-24,0.27941826,-1,YUM
17710,2024-04-23,0.48691034,-1,WFC
17711,2024-05-21,0.49094614,-1,HST
17712,2024-04-24,0.39518598,1,PPG
17713,2024-04-08,0.39608067,-1,JPM
17714,2024-05-10,0.5692541,-1,CHD
17715,2024-04-29,0.57915026,1,RVTY
17716,2024-05-08,0.09318433,1,SPGI
17717,2024-05-13,0.37730268,-1,ALL
17718,2024-05-23,0.5956623,-1,EW
17719,2024-04-22,0.56092966,-1,MTB
17720,2024-05-07,0.44240403,1,WFC
17721,2024-04-03,0.6063789,1,ROP
17722,2024-05-20,0.57986563,-1,INVH
17723,2024-04-03,0.41280982,1,WMT
17724,2024-05-10,0.4727692,1,BRO
17725,2024-05-13,0.4577505,-1,PRU
17726,2024-05-22,0.46736225,-1,RMD
17727,2024-04-25,0.21860069,1,DTE
17728,2024-04-17,0.53889793,1,CF
17729,2024-05-13,0.4258029,1,TDG
17730,2024-04-18,0.41219193,-1,WEC
17731,2024-05-17,0.4184929,1,LW
17732,2024-04-23,0.43871596,-1,NSC
17733,2024-04-24,0.53424513,1,KIM
17734,2024-04-30,0.59528375,1,NWSA
17735,2024-04-29,0.5994421,1,FSLR
17736,2024-05-02,0.7617869,1,MKTX
17737,2024-05-02,0.39824048,1,RCL
17738,2024-05-17,0.47250944,-1,BA
17739,2024-04-11,0.5120402,-1,TRV
17740,2024-04-22,0.5001599,1,NVDA
17741,2024-04-22,0.56228083,-1,CRWD
17742,2024-05-14,0.3998615,-1,TRGP
17743,2024-05-21,0.49505165,-1,CTLT
17744,2024-05-15,0.7150376,-1,UHS
17745,2024-05-20,0.4864239,-1,MMM
17746,2024-05-22,0.4679681,1,ETR
17747,2024-05-13,0.508544,1,NTAP
17748,2024-05-21,0.5819222,-1,USB
17749,2024-04-26,0.5257601,1,NDSN
17750,2024-04-01,0.4698819,-1,LW
17751,2024-05-06,0.40630832,1,TSN
17752,2024-04-11,0.4077471,-1,BX
17753,2024-04-19,0.47215232,1,QCOM
17754,2024-04-22,0.5952334,-1,LULU
17755,2024-04-11,0.418997,-1,EOG
17756,2024-04-16,0.557989,1,SJM
17757,2024-05-14,0.5143233,-1,CCI
17758,2024-05-22,0.2683552,1,HBAN
17759,2024-05-07,0.52739185,1,NVR
17760,2024-05-03,0.48462868,1,GEHC
17761,2024-05-06,0.5688583,1,FFIV
17762,2024-05-22,0.5305047,-1,AAL
17763,2024-05-08,0.48930532,1,PANW
17764,2024-04-09,0.34576857,-1,CTLT
17765,2024-04-10,0.41243848,-1,MRO
17766,2024-04-17,0.45618224,-1,NUE
17767,2024-04-08,0.43333322,-1,AMP
17768,2024-04-08,0.47201946,-1,KMB
17769,2024-05-07,0.5177113,-1,BG
17770,2024-04-18,0.34812108,1,HSY
17771,2024-05-23,0.38890275,1,OTIS
17772,2024-05-15,0.4817421,1,TJX
17773,2024-04-24,0.4430168,-1,WM
17774,2024-04-10,0.6841868,-1,MAA
17775,2024-04-17,0.2536724,1,SWKS
17776,2024-04-19,0.39727473,-1,IBM
17777,2024-05-20,0.53656244,-1,WTW
17778,2024-05-23,0.4066269,1,DOC
17779,2024-04-22,0.33763897,-1,WST
17780,2024-04-09,0.70611364,-1,MAR
17781,2024-05-08,0.19674934,1,F
17782,2024-04-24,0.5033292,1,KVUE
17783,2024-04-09,0.52332604,-1,LNT
17784,2024-04-12,0.51239693,1,GPC
17785,2024-05-22,0.5169836,-1,MDT
17786,2024-05-16,0.73076224,-1,WTW
17787,2024-05-22,0.5885331,1,WELL
17788,2024-04-16,0.5795534,-1,UBER
17789,2024-04-16,0.45163712,1,A
17790,2024-04-26,0.82432157,1,AAL
17791,2024-04-16,0.45839685,1,PTC
17792,2024-04-05,0.55608547,-1,CPAY
17793,2024-05-01,0.44767302,1,MSI
17794,2024-04-05,0.1900898,-1,HD
17795,2024-03-28,0.48605275,-1,IP
17796,2024-04-03,0.5222861,-1,RCL
17797,2024-04-29,0.6944523,1,BDX
17798,2024-05-20,0.52821237,-1,IBM
17799,2024-05-13,0.47390506,-1,RTX
17800,2024-04-26,0.37127107,-1,MRO
17801,2024-04-01,0.43110776,1,FCX
17802,2024-04-16,0.48276582,1,BAC
17803,2024-04-03,0.47777963,1,CMI
17804,2024-04-19,0.57411695,1,ABT
17805,2024-04-08,0.3795248,-1,SNPS
17806,2024-05-20,0.668646,-1,TSLA
17807,2024-04-12,0.5162382,1,TEL
17808,2024-04-16,0.59553987,1,MRK
17809,2024-04-30,0.2878233,1,MMC
17810,2024-04-18,0.19810963,1,SWKS
17811,2024-05-15,0.47496203,-1,ROL
17812,2024-04-15,0.45407718,1,CLX
17813,2024-04-17,0.20954001,1,KEYS
17814,2024-04-23,0.47744632,-1,ADSK
17815,2024-04-19,0.27138108,1,ES
17816,2024-05-23,0.5630382,-1,CPRT
17817,2024-03-28,0.2808479,1,MLM
17818,2024-05-14,0.7644099,-1,UPS
17819,2024-05-01,0.5625592,1,LRCX
17820,2024-04-08,0.49411252,-1,MPC
17821,2024-04-11,0.5196283,-1,MTD
17822,2024-05-09,0.5006962,1,ADI
17823,2024-04-12,0.37609026,1,IFF
17824,2024-05-22,0.69890016,-1,V
17825,2024-05-13,0.5954883,-1,KHC
17826,2024-04-15,0.3333283,-1,NTAP
17827,2024-05-21,0.6500244,-1,ITW
17828,2024-05-07,0.5885081,1,ITW
17829,2024-04-03,0.5258645,1,LUV
17830,2024-04-22,0.58607554,-1,BBY
17831,2024-05-14,0.46697235,1,TT
17832,2024-05-09,0.5780633,-1,APTV
17833,2024-04-24,0.3753033,1,SYF
17834,2024-04-11,0.34098,-1,REG
17835,2024-05-16,0.52058583,-1,C
17836,2024-04-24,0.27546915,-1,DAY
17837,2024-04-29,0.42004645,1,TXN
17838,2024-04-12,0.24846792,1,AON
17839,2024-04-09,0.48785365,-1,STE
17840,2024-04-29,0.49259004,1,UBER
17841,2024-04-25,0.33508858,1,AMP
17842,2024-04-24,0.63569075,-1,STX
17843,2024-05-02,0.5901711,1,TEL
17844,2024-04-30,0.4985337,-1,JNPR
17845,2024-04-22,0.4069343,1,FMC
17846,2024-05-17,0.50775737,-1,CFG
17847,2024-04-22,0.5636364,-1,RL
17848,2024-05-14,0.6660798,1,CF
17849,2024-05-07,0.77300084,-1,CAH
17850,2024-04-02,0.5624721,-1,KVUE
17851,2024-04-30,0.3903899,1,MRK
17852,2024-04-15,0.3927296,1,TJX
17853,2024-04-24,0.29774687,1,AIG
17854,2024-05-09,0.47933573,1,CE
17855,2024-04-16,0.64350295,1,SWKS
17856,2024-04-11,0.5973294,-1,EQT
17857,2024-04-09,0.5089735,-1,TROW
17858,2024-05-10,0.5160928,-1,MPC
17859,2024-04-09,0.44111222,-1,HPQ
17860,2024-05-06,0.44585234,-1,PYPL
17861,2024-04-03,0.5640228,-1,NWSA
17862,2024-04-12,0.35686004,1,PFE
17863,2024-05-13,0.47163174,1,TRGP
17864,2024-05-21,0.5479292,-1,HLT
17865,2024-04-29,0.54057586,1,EXC
17866,2024-05-07,0.47298768,1,AMCR
17867,2024-05-14,0.40791672,1,PG
17868,2024-04-02,0.35940766,1,ETSY
17869,2024-05-07,0.48720255,1,NUE
17870,2024-04-23,0.6351863,1,O
17871,2024-05-15,0.46910408,-1,SNA
17872,2024-05-17,0.3574656,-1,HUM
17873,2024-05-13,0.45226136,-1,DVN
17874,2024-05-06,0.4559782,1,TEL
17875,2024-04-03,0.52442366,1,TRGP
17876,2024-04-18,0.4473536,1,CRM
17877,2024-05-10,0.45834884,1,AVB
17878,2024-04-23,0.55486524,-1,META
17879,2024-04-01,0.40066773,1,BG
17880,2024-04-23,0.49902922,-1,NCLH
17881,2024-04-03,0.37561798,1,ACGL
17882,2024-04-16,0.20118976,1,K
17883,2024-05-06,0.15010652,1,MS
17884,2024-05-21,0.32318857,1,MCK
17885,2024-05-17,0.6750697,-1,COR
17886,2024-04-30,0.51685077,1,XEL
17887,2024-04-11,0.42460716,1,CTRA
17888,2024-04-29,0.500987,1,ADI
17889,2024-04-16,0.37386608,-1,CTSH
17890,2024-05-15,0.9220261,-1,RMD
17891,2024-04-18,0.28591272,-1,PRU
17892,2024-05-02,0.46701935,1,PEP
17893,2024-05-17,0.4698104,1,AMP
17894,2024-04-24,0.40853417,-1,MET
17895,2024-05-02,0.3869328,1,CPB
17896,2024-05-01,0.41106656,1,CSGP
17897,2024-05-09,0.47954625,1,EQR
17898,2024-05-14,0.48047936,-1,CSGP
17899,2024-05-20,0.4966626,-1,LIN
17900,2024-05-02,0.28752676,1,GNRC
17901,2024-05-22,0.61277354,1,AFL
17902,2024-04-12,0.48847267,-1,FFIV
17903,2024-05-17,0.43221337,-1,WAT
17904,2024-04-11,0.37698674,1,KDP
17905,2024-04-11,0.49160185,-1,ABT
17906,2024-05-02,0.49757776,1,KMI
17907,2024-03-28,0.4607892,1,FSLR
17908,2024-05-20,0.37894568,-1,DOW
17909,2024-05-06,0.46372402,-1,INTU
17910,2024-05-01,0.4432846,1,IP
17911,2024-04-30,0.5818723,1,HPE
17912,2024-05-13,0.6403866,1,ANSS
17913,2024-05-02,0.6360758,1,KLAC
17914,2024-03-28,0.490833,1,EXR
17915,2024-05-21,0.51340514,-1,NEM
17916,2024-05-17,0.42483807,-1,PAYX
17917,2024-05-03,0.5120026,1,TXT
17918,2024-04-19,0.37614137,1,USB
17919,2024-04-02,0.5760737,-1,O
17920,2024-05-07,0.4127392,1,MCK
17921,2024-04-24,0.58572114,-1,IPG
17922,2024-04-23,0.47520962,-1,DLTR
17923,2024-05-07,0.59960634,1,VLTO
17924,2024-05-10,0.5374211,-1,VMC
17925,2024-05-07,0.39646167,1,D
17926,2024-04-18,0.09321099,-1,ITW
17927,2024-05-09,0.49674478,-1,EMR
17928,2024-05-03,0.51463526,1,CDW
17929,2024-03-28,0.31589437,1,XEL
17930,2024-04-12,0.6566157,1,CVX
17931,2024-04-17,0.45248646,1,LEN
17932,2024-04-17,0.44560358,-1,MOH
17933,2024-04-15,0.6408889,1,KHC
17934,2024-04-11,0.57343495,1,VZ
17935,2024-05-20,0.406909,-1,HBAN
17936,2024-04-30,0.12216231,1,CBOE
17937,2024-04-18,0.42624113,1,BKR
17938,2024-05-08,0.5984764,1,NXPI
17939,2024-03-28,0.3976913,-1,CSCO
17940,2024-05-22,0.47480273,1,D
17941,2024-04-26,0.5394798,1,MMC
17942,2024-04-12,0.53139627,1,FRT
17943,2024-04-15,0.4593378,1,AEP
17944,2024-05-13,0.28059804,1,VTR
17945,2024-04-23,0.40440083,-1,BX
17946,2024-04-01,0.45773494,-1,LDOS
17947,2024-04-09,0.6890595,-1,TER
17948,2024-04-10,0.3507102,-1,PAYX
17949,2024-05-03,0.3817605,1,ETN
17950,2024-04-09,0.46277952,-1,BAC
17951,2024-04-29,0.2718175,1,GS
17952,2024-03-28,0.29850677,-1,VZ
17953,2024-05-23,0.40316215,1,ELV
17954,2024-04-22,0.5299456,-1,BEN
17955,2024-05-16,0.41093028,1,LW
17956,2024-04-23,0.4763204,1,INCY
17957,2024-04-05,0.21273132,-1,ALGN
17958,2024-04-25,0.57846683,1,PEP
17959,2024-05-16,0.54223645,-1,MA
17960,2024-04-19,0.4575215,1,HAS
17961,2024-04-17,0.42270362,1,MTD
17962,2024-04-05,0.4904581,-1,CE
17963,2024-05-01,0.49030373,-1,MTCH
17964,2024-05-22,0.42387348,1,JBL
17965,2024-04-22,0.49180228,-1,BA
17966,2024-05-22,0.41685748,1,GD
17967,2024-04-30,0.5507914,1,MHK
17968,2024-05-09,0.39104676,1,OKE
17969,2024-04-24,0.32153004,-1,IQV
17970,2024-04-26,0.46035838,-1,PAYX
17971,2024-05-23,0.4361867,-1,USB
17972,2024-04-29,0.45771882,1,NI
17973,2024-04-24,0.35601336,1,CNP
17974,2024-04-24,0.40138033,-1,STLD
17975,2024-05-15,0.40189412,1,ZBRA
17976,2024-05-15,0.58833253,-1,LOW
17977,2024-05-07,0.36443502,1,ICE
17978,2024-05-17,0.47442165,1,APH
17979,2024-05-01,0.48449007,1,XOM
17980,2024-04-01,0.5081956,1,NVR
17981,2024-05-22,0.5920379,1,WFC
17982,2024-04-15,0.7119616,1,MCD
17983,2024-04-23,0.5479887,-1,CME
17984,2024-05-17,0.6241831,-1,EXR
17985,2024-04-16,0.48069847,1,ABBV
17986,2024-04-09,0.50388914,-1,NFLX
17987,2024-03-28,0.5202981,1,WFC
17988,2024-05-10,0.6242826,-1,JPM
17989,2024-04-01,0.43608502,-1,YUM
17990,2024-05-06,0.4863089,1,MHK
17991,2024-04-08,0.5301726,-1,CPRT
17992,2024-04-12,0.55235165,1,AFL
17993,2024-04-19,0.29912868,1,NTRS
17994,2024-04-22,0.38963422,-1,IDXX
17995,2024-04-17,0.14882554,1,ROP
17996,2024-04-22,0.4230737,-1,OTIS
17997,2024-04-09,0.53437424,-1,CB
17998,2024-05-21,0.6027836,-1,CMS
17999,2024-05-22,0.450817,1,BAX
18000,2024-05-01,0.4917245,1,STX
18001,2024-05-23,0.5417192,-1,NRG
18002,2024-04-29,0.40314877,1,UAL
18003,2024-05-08,0.5518067,1,PFG
18004,2024-05-23,0.39435396,1,LUV
18005,2024-05-07,0.54872626,1,INTC
18006,2024-04-16,0.5108634,1,ACGL
18007,2024-04-26,0.50546944,1,DHI
18008,2024-05-01,0.5665182,1,MRK
18009,2024-05-06,0.59647286,1,HUM
18010,2024-04-09,0.5828651,-1,MS
18011,2024-05-03,0.48358172,1,GPC
18012,2024-05-01,0.47185948,1,MMC
18013,2024-04-24,0.5984701,1,TROW
18014,2024-04-26,0.60777974,1,HPQ
18015,2024-05-02,0.46813434,1,HSIC
18016,2024-04-29,0.68463004,1,MPWR
18017,2024-04-04,0.4269377,-1,COF
18018,2024-04-12,0.31236735,-1,CAH
18019,2024-04-25,0.567905,1,KVUE
18020,2024-04-29,0.41158205,1,MDT
18021,2024-04-19,0.27513993,-1,BMY
18022,2024-04-25,0.5150022,1,DXCM
18023,2024-05-08,0.57351726,-1,PCAR
18024,2024-05-14,0.5508047,1,PAYC
18025,2024-04-29,0.48309267,1,KMI
18026,2024-05-07,0.53376776,1,IT
18027,2024-04-17,0.46933278,1,APH
18028,2024-04-09,0.4648729,-1,APTV
18029,2024-04-16,0.5164802,-1,ORCL
18030,2024-04-19,0.14723444,-1,PNC
18031,2024-04-10,0.5554667,-1,FITB
18032,2024-03-28,0.39222094,1,KEYS
18033,2024-04-26,0.40892363,-1,CAG
18034,2024-03-28,0.5158856,1,COP
18035,2024-05-06,0.43236536,1,UNP
18036,2024-04-25,0.28910962,1,TDG
18037,2024-04-17,0.586423,1,BLK
18038,2024-05-01,0.5146147,1,TJX
18039,2024-04-22,0.6141723,-1,DRI
18040,2024-04-02,0.45449588,-1,CTVA
18041,2024-04-18,0.4097687,1,GPN
18042,2024-04-24,0.4070879,-1,POOL
18043,2024-05-13,0.50403327,-1,CE
18044,2024-04-26,0.7041379,-1,UPS
18045,2024-05-17,0.5052495,-1,MAS
18046,2024-04-22,0.7602638,-1,PARA
18047,2024-05-06,0.4769644,1,IRM
18048,2024-04-02,0.499399,-1,TT
18049,2024-05-17,0.27923185,-1,MRK
18050,2024-04-10,0.41899347,-1,EXC
18051,2024-04-26,0.67662656,1,GLW
18052,2024-05-21,0.44266698,-1,MNST
18053,2024-03-28,0.4773614,1,DE
18054,2024-04-17,0.4604877,-1,AZO
18055,2024-05-02,0.4570158,-1,FTNT
18056,2024-04-12,0.40187228,1,SYF
18057,2024-05-14,0.5363392,1,MMC
18058,2024-04-29,0.5815469,1,HES
18059,2024-04-19,0.5292145,1,AWK
18060,2024-04-12,0.3736565,-1,STE
18061,2024-04-18,0.6074955,1,AAPL
18062,2024-04-18,0.46686238,1,OXY
18063,2024-04-10,0.4377911,-1,NTRS
18064,2024-05-23,0.49820104,-1,ICE
18065,2024-04-03,0.29563144,-1,IDXX
18066,2024-04-12,0.45989436,1,J
18067,2024-05-07,0.5366342,1,MSI
18068,2024-05-08,0.5348219,1,CCI
18069,2024-04-05,0.42190066,-1,V
18070,2024-04-08,0.59684426,-1,TSN
18071,2024-05-09,0.5289433,1,WYNN
18072,2024-04-08,0.35877386,-1,MSCI
18073,2024-05-15,0.4675262,-1,AMGN
18074,2024-05-10,0.47628623,-1,SNA
18075,2024-05-21,0.62426424,-1,ROP
18076,2024-04-18,0.53020096,1,VRTX
18077,2024-04-17,0.45982322,1,VST
18078,2024-05-20,0.42233616,-1,SBAC
18079,2024-04-24,0.59456915,-1,ULTA
18080,2024-04-18,0.12081982,1,HII
18081,2024-05-17,0.50158244,-1,HST
18082,2024-05-01,0.4918035,1,ADSK
18083,2024-05-21,0.58816457,-1,TXT
18084,2024-05-16,0.67372715,1,VMC
18085,2024-04-16,0.32870325,1,BKR
18086,2024-05-23,0.580827,-1,COO
18087,2024-04-04,0.5424603,-1,ANSS
18088,2024-04-29,0.5133188,1,LEN
18089,2024-05-03,0.44288695,1,WAB
18090,2024-04-02,0.51943344,-1,OKE
18091,2024-04-25,0.5408422,-1,FRT
18092,2024-04-29,0.40426186,1,AVGO
18093,2024-03-28,0.26482344,1,PAYX
18094,2024-05-20,0.51100403,-1,CPB
18095,2024-04-17,0.7011996,1,BKNG
18096,2024-05-14,0.62155885,-1,ODFL
18097,2024-04-08,0.5440648,-1,SLB
18098,2024-04-08,0.41087362,-1,DD
18099,2024-05-15,0.48845908,-1,EVRG
18100,2024-04-11,0.4574469,-1,STLD
18101,2024-04-04,0.48615402,-1,MKC
18102,2024-04-01,0.539546,-1,BIIB
18103,2024-05-01,0.44184768,1,MHK
18104,2024-04-26,0.6118018,1,SYF
18105,2024-05-15,0.5581276,-1,TSLA
18106,2024-05-17,0.4160345,1,BKNG
18107,2024-04-17,0.4311066,1,EOG
18108,2024-05-17,0.4483181,-1,VRSK
18109,2024-05-06,0.54580146,1,NFLX
18110,2024-04-05,0.57247746,-1,EA
18111,2024-04-01,0.70847535,1,ABT
18112,2024-05-06,0.41525996,1,IFF
18113,2024-05-13,0.3502209,-1,ODFL
18114,2024-04-12,0.24130814,-1,PAYC
18115,2024-05-22,0.54206634,-1,CNC
18116,2024-05-03,0.44137785,1,REG
18117,2024-04-10,0.35900792,-1,HUBB
18118,2024-04-18,0.54163206,1,CPRT
18119,2024-05-03,0.46095493,1,BSX
18120,2024-05-01,0.5098427,-1,FAST
18121,2024-04-25,0.48947042,-1,BXP
18122,2024-05-20,0.5925394,1,NWSA
18123,2024-04-26,0.18073364,1,FE
18124,2024-05-09,0.44889152,-1,TMUS
18125,2024-05-20,0.5576432,-1,CARR
18126,2024-04-08,0.47363657,-1,AIG
18127,2024-05-15,0.36774004,-1,BX
18128,2024-05-16,0.56697446,-1,DLTR
18129,2024-05-17,0.6305531,-1,NUE
18130,2024-05-07,0.5100339,1,HD
18131,2024-04-12,0.3580126,-1,BWA
18132,2024-04-15,0.28694004,1,APD
18133,2024-04-24,0.28732678,-1,HLT
18134,2024-04-23,0.4151077,1,MPWR
18135,2024-05-16,0.46137804,-1,STX
18136,2024-04-01,0.4741215,-1,FAST
18137,2024-04-30,0.43867478,1,PWR
18138,2024-04-23,0.44462952,-1,NTRS
18139,2024-03-28,0.5701102,1,K
18140,2024-04-02,0.6642246,1,TSLA
18141,2024-05-03,0.49244437,1,IR
18142,2024-04-30,0.48966855,-1,TSLA
18143,2024-05-13,0.71071273,1,TEL
18144,2024-04-29,0.46886396,1,EQT
18145,2024-05-15,0.4449,-1,FAST
18146,2024-04-26,0.4290862,-1,CPB
18147,2024-04-09,0.4823205,-1,TGT
18148,2024-05-08,0.5164659,1,GIS
18149,2024-05-08,0.5258511,1,APD
18150,2024-04-18,0.28393912,-1,FIS
18151,2024-04-26,0.57173103,-1,FRT
18152,2024-04-03,0.76673627,1,PODD
18153,2024-04-17,0.4952237,1,CINF
18154,2024-04-25,0.50085914,1,LOW
18155,2024-05-15,0.456567,-1,CMS
18156,2024-05-03,0.55951047,1,GILD
18157,2024-05-21,0.42330396,-1,YUM
18158,2024-04-30,0.67199343,1,DOC
18159,2024-04-02,0.34030876,-1,PSX
18160,2024-05-09,0.61608064,1,SYK
18161,2024-04-17,0.45140034,1,CBRE
18162,2024-05-15,0.41192114,1,TXN
18163,2024-03-28,0.6280964,-1,EA
18164,2024-05-22,0.44124466,1,GRMN
18165,2024-04-15,0.5326666,-1,ORCL
18166,2024-04-25,0.42522967,1,PPG
18167,2024-05-15,0.52757025,-1,PSX
18168,2024-05-14,0.48431835,1,MMM
18169,2024-04-24,0.5027411,-1,CI
18170,2024-04-26,0.32252902,1,BBWI
18171,2024-05-02,0.5533602,-1,GPN
18172,2024-05-17,0.40016764,-1,IEX
18173,2024-05-10,0.33327827,-1,MDLZ
18174,2024-04-11,0.587084,1,ADM
18175,2024-05-14,0.67139196,1,LRCX
18176,2024-04-24,0.5900863,1,TECH
18177,2024-05-22,0.39056686,-1,MA
18178,2024-04-16,0.515224,-1,MSFT
18179,2024-05-07,0.5750006,1,LW
18180,2024-04-02,0.63904,1,ENPH
18181,2024-04-15,0.5335272,1,VRSK
18182,2024-04-16,0.57444954,1,ADBE
18183,2024-05-02,0.4522569,-1,PODD
18184,2024-04-11,0.33477312,-1,BR
18185,2024-05-22,0.45972782,1,VRSK
18186,2024-05-03,0.38114282,1,ANSS
18187,2024-04-02,0.514319,1,ALGN
18188,2024-05-10,0.22841877,1,CBOE
18189,2024-05-15,0.4762834,1,ADBE
18190,2024-04-22,0.5906369,1,PEP
18191,2024-05-23,0.51789755,1,CVS
18192,2024-04-10,0.3870159,-1,BKR
18193,2024-04-22,0.39036676,-1,BX
18194,2024-04-22,0.48714823,-1,EMR
18195,2024-04-22,0.38262594,-1,FSLR
18196,2024-05-02,0.4502476,1,GIS
18197,2024-04-17,0.3500415,1,YUM
18198,2024-05-02,0.30777794,1,CME
18199,2024-05-07,0.57177234,1,HON
18200,2024-04-03,0.48299983,1,CSCO
18201,2024-05-13,0.6665367,1,ROP
18202,2024-04-30,0.582351,1,KIM
18203,2024-05-07,0.28997228,1,EXR
18204,2024-04-30,0.596812,1,DXCM
18205,2024-05-07,0.45694262,-1,TRV
18206,2024-04-10,0.42732537,-1,ADP
18207,2024-04-23,0.49619073,1,EIX
18208,2024-05-09,0.18351324,-1,BKNG
18209,2024-04-29,0.5629427,1,PAYX
18210,2024-05-02,0.5177007,-1,MPWR
18211,2024-05-13,0.5204682,1,AKAM
18212,2024-04-10,0.5290355,-1,ON
18213,2024-04-16,0.56155986,1,EG
18214,2024-04-22,0.5957678,-1,VRTX
18215,2024-04-29,0.45632732,1,NVR
18216,2024-05-16,0.5353993,-1,UAL
18217,2024-04-09,0.6774505,-1,ANSS
18218,2024-03-28,0.3963998,-1,MU
18219,2024-04-11,0.45893675,-1,AVGO
18220,2024-05-10,0.40123323,-1,KDP
18221,2024-05-20,0.4128887,-1,AEE
18222,2024-05-15,0.5089213,1,MPWR
18223,2024-04-16,0.4543813,1,COO
18224,2024-04-09,0.4658312,-1,VTR
18225,2024-05-14,0.38088125,-1,TSN
18226,2024-04-16,0.54130363,1,WAB
18227,2024-04-29,0.62199104,-1,DVN
18228,2024-04-29,0.41808033,-1,GEN
18229,2024-05-13,0.5450906,-1,HD
18230,2024-05-22,0.5167068,1,KO
18231,2024-04-18,0.36169428,1,DPZ
18232,2024-04-12,0.58627665,-1,TECH
18233,2024-04-26,0.41390786,-1,RSG
18234,2024-05-06,0.14900862,1,MDT
18235,2024-05-09,0.5230247,1,RVTY
18236,2024-05-22,0.2847004,1,PNC
18237,2024-04-16,0.5374626,-1,EMR
18238,2024-03-28,0.44700915,-1,GOOGL
18239,2024-04-26,0.4842229,-1,ES
18240,2024-04-02,0.55965537,-1,VTR
18241,2024-04-04,0.5613364,1,RVTY
18242,2024-04-04,0.5079319,1,DVN
18243,2024-05-20,0.49887124,-1,EPAM
18244,2024-05-02,0.51139235,1,AEP
18245,2024-05-15,0.4200848,-1,ROST
18246,2024-04-02,0.50988513,-1,ADBE
18247,2024-05-06,0.6375885,-1,WM
18248,2024-05-21,0.7339008,-1,CTAS
18249,2024-04-05,0.44990426,-1,MET
18250,2024-04-16,0.54542327,1,EXPE
18251,2024-05-01,0.5011669,-1,REG
18252,2024-05-02,0.5010537,1,CAT
18253,2024-05-15,0.46260113,1,IBM
18254,2024-04-22,0.40942973,1,MRNA
18255,2024-05-13,0.6374739,1,PTC
18256,2024-04-11,0.28676596,-1,BDX
18257,2024-05-02,0.6773866,1,MAR
18258,2024-04-04,0.55109876,-1,SBAC
18259,2024-05-03,0.43699232,1,HPE
18260,2024-04-05,0.3515378,-1,VICI
18261,2024-04-15,0.56626356,-1,APTV
18262,2024-04-05,0.4245953,-1,NEE
18263,2024-05-21,0.58258724,-1,MSCI
18264,2024-05-15,0.537708,1,TTWO
18265,2024-04-11,0.5300203,-1,DHI
18266,2024-04-01,0.50887376,1,DOC
18267,2024-05-01,0.48565197,1,BX
18268,2024-04-19,0.5438731,1,FOXA
18269,2024-05-08,0.34391424,-1,APA
18270,2024-05-15,0.49257627,1,VLTO
18271,2024-05-02,0.729578,1,TFC
18272,2024-04-17,0.49118727,-1,LVS
18273,2024-04-09,0.6869332,-1,PFE
18274,2024-04-10,0.6926708,-1,MGM
18275,2024-04-16,0.5037623,1,LYB
18276,2024-04-11,0.58630776,-1,EFX
18277,2024-04-15,0.4473206,-1,PNR
18278,2024-04-17,0.5760691,-1,DHI
18279,2024-04-22,0.5380394,-1,AME
18280,2024-04-15,0.42268673,1,PAYX
18281,2024-05-03,0.4622845,1,CMCSA
18282,2024-05-07,0.6757863,1,CPRT
18283,2024-04-01,0.49913403,1,MOS
18284,2024-05-03,0.53030705,1,IEX
18285,2024-05-16,0.4415726,1,AAPL
18286,2024-04-29,0.4953768,-1,MMM
18287,2024-05-20,0.38258725,-1,CNP
18288,2024-05-23,0.40440032,1,JPM
18289,2024-04-18,0.42830306,-1,EXC
18290,2024-04-22,0.5209693,-1,PPG
18291,2024-04-22,0.52070165,-1,AKAM
18292,2024-04-12,0.5425099,1,DVA
18293,2024-04-24,0.24691659,-1,CVX
18294,2024-05-21,0.44131455,-1,ETSY
18295,2024-04-05,0.2543015,-1,EXPD
18296,2024-05-14,0.64403933,-1,FIS
18297,2024-04-15,0.44275394,1,WTW
18298,2024-04-29,0.56333494,1,IFF
18299,2024-04-24,0.32008657,-1,ORLY
18300,2024-04-19,0.41610402,1,MHK
18301,2024-04-29,0.3486659,-1,DPZ
18302,2024-05-01,0.5597655,1,IDXX
18303,2024-04-10,0.5416831,-1,AES
18304,2024-05-21,0.3824512,-1,PNW
18305,2024-04-15,0.5943973,1,DGX
18306,2024-05-07,0.37988043,1,MA
18307,2024-05-10,0.45211762,1,PNW
18308,2024-04-08,0.5055771,-1,UAL
18309,2024-04-19,0.34123886,-1,EL
18310,2024-04-16,0.571383,-1,LLY
18311,2024-04-18,0.4182698,1,SBAC
18312,2024-04-04,0.63973427,-1,DECK
18313,2024-05-03,0.45701867,1,GOOG
18314,2024-05-02,0.3922653,-1,BLDR
18315,2024-05-16,0.5000628,-1,COP
18316,2024-04-24,0.7857208,-1,FTV
18317,2024-04-22,0.49280795,1,MRK
18318,2024-04-19,0.46880886,1,BK
18319,2024-04-02,0.519189,-1,CNP
18320,2024-04-24,0.24279231,1,ESS
18321,2024-04-16,0.5234302,-1,DLTR
18322,2024-05-14,0.54254794,-1,EFX
18323,2024-04-08,0.61452067,-1,HPE
18324,2024-04-15,0.46093273,1,LOW
18325,2024-04-22,0.4172354,-1,ADM
18326,2024-04-19,0.47731733,1,FANG
18327,2024-04-17,0.45844167,1,TTWO
18328,2024-04-08,0.50209534,-1,TPR
18329,2024-05-08,0.51780444,-1,TT
18330,2024-04-26,0.5117516,1,BKNG
18331,2024-04-01,0.42478386,1,AMZN
18332,2024-05-14,0.5241854,1,LUV
18333,2024-04-05,0.45482272,-1,TXT
18334,2024-04-05,0.4145787,-1,LHX
18335,2024-05-03,0.58772105,1,WMT
18336,2024-05-15,0.6264585,-1,MS
18337,2024-05-06,0.5214882,1,CVS
18338,2024-05-09,0.4731829,1,CB
18339,2024-04-17,0.42976898,1,BIIB
18340,2024-05-06,0.5448391,1,OKE
18341,2024-05-14,0.6080696,-1,ICE
18342,2024-05-15,0.5653451,-1,TPR
18343,2024-04-19,0.7117293,-1,PSX
18344,2024-04-26,0.54825985,-1,MOS
18345,2024-04-08,0.4950528,1,NVDA
18346,2024-05-15,0.48694643,-1,PYPL
18347,2024-05-13,0.48633423,-1,WAT
18348,2024-05-23,0.35698277,-1,VLTO
18349,2024-04-25,0.3144978,-1,GNRC
18350,2024-04-29,0.5351596,1,CZR
18351,2024-04-16,0.4683865,1,HRL
18352,2024-05-10,0.54440856,-1,LULU
18353,2024-04-24,0.4588176,-1,WBD
18354,2024-05-23,0.59307224,-1,COP
18355,2024-05-23,0.41783008,-1,VMC
18356,2024-04-08,0.5285447,-1,RSG
18357,2024-04-23,0.4374914,-1,MAS
18358,2024-05-22,0.5052706,1,EIX
18359,2024-04-11,0.27501714,1,LUV
18360,2024-05-13,0.49170917,1,AWK
18361,2024-05-10,0.5775112,1,XYL
18362,2024-05-01,0.47042605,1,ETN
18363,2024-04-24,0.40960625,1,HD
18364,2024-05-06,0.4221038,1,CCI
18365,2024-05-08,0.55728257,1,JCI
18366,2024-05-08,0.58206373,1,INVH
18367,2024-03-28,0.45587224,-1,CTAS
18368,2024-04-02,0.53147215,-1,DGX
18369,2024-04-15,0.39889917,-1,AAPL
18370,2024-05-16,0.39516848,1,BG
18371,2024-04-11,0.655032,-1,SPGI
18372,2024-04-01,0.16391015,-1,FICO
18373,2024-04-23,0.5360708,-1,PANW
18374,2024-04-09,0.54662764,-1,CPAY
18375,2024-04-12,0.5194458,1,LW
18376,2024-05-02,0.3107742,1,AES
18377,2024-05-15,0.6140857,1,PCAR
18378,2024-04-01,0.36020556,-1,CVS
18379,2024-04-03,0.4231288,-1,PPL
18380,2024-04-16,0.54030955,1,NWS
18381,2024-05-07,0.13308977,1,CZR
18382,2024-05-23,0.49231714,1,MO
18383,2024-05-09,0.68769026,1,DHR
18384,2024-05-07,0.4073271,1,ROST
18385,2024-04-04,0.3787518,-1,APH
18386,2024-05-14,0.6694653,-1,ROL
18387,2024-04-18,0.48934916,1,PEG
18388,2024-05-07,0.48937607,1,HCA
18389,2024-04-08,0.5375837,-1,HSY
18390,2024-05-22,0.5610884,1,AON
18391,2024-05-09,0.5826879,1,MHK
18392,2024-05-20,0.55202353,-1,PSA
18393,2024-05-14,0.38978606,-1,FDX
18394,2024-04-10,0.2760075,-1,OTIS
18395,2024-04-01,0.58770996,1,COO
18396,2024-04-08,0.40318477,-1,WELL
18397,2024-04-22,0.49777555,-1,STLD
18398,2024-05-06,0.45879608,1,ALL
18399,2024-04-29,0.4610823,1,FI
18400,2024-04-17,0.4732326,1,AIG
18401,2024-04-02,0.36589485,-1,TER
18402,2024-05-13,0.50743973,1,GOOGL
18403,2024-05-03,0.59067065,-1,GE
18404,2024-04-03,0.5221543,1,TEL
18405,2024-04-16,0.38154194,1,OKE
18406,2024-04-16,0.62828434,1,ATO
18407,2024-04-05,0.4738229,-1,GIS
18408,2024-04-22,0.627506,-1,PFE
18409,2024-04-29,0.4794532,-1,DIS
18410,2024-05-16,0.6264519,1,T
18411,2024-05-22,0.47616848,1,DRI
18412,2024-05-15,0.5690047,1,GD
18413,2024-05-06,0.5978463,1,IEX
18414,2024-04-29,0.48446336,-1,PYPL
18415,2024-04-19,0.43577796,1,FSLR
18416,2024-04-15,0.4551939,1,HRL
18417,2024-05-23,0.5379751,-1,MDT
18418,2024-05-14,0.5106061,1,LYV
18419,2024-05-14,0.3879554,1,KDP
18420,2024-04-19,0.3944519,1,TRMB
18421,2024-04-30,0.67727214,1,BBY
18422,2024-05-20,0.43820798,-1,OKE
18423,2024-05-20,0.49462453,-1,MO
18424,2024-05-06,0.45027682,1,IR
18425,2024-05-20,0.3774798,-1,CVX
18426,2024-04-04,0.48676458,1,DAL
18427,2024-03-28,0.46620575,1,FANG
18428,2024-04-05,0.17597556,-1,KEY
18429,2024-05-03,0.48108834,-1,MAA
18430,2024-05-23,0.4154681,-1,KLAC
18431,2024-05-01,0.41824052,1,CE
18432,2024-04-10,0.5088954,-1,NOC
18433,2024-04-12,0.48039028,1,IQV
18434,2024-05-17,0.45918548,-1,EG
18435,2024-04-22,0.39731944,-1,STT
18436,2024-04-05,0.47617114,-1,VRTX
18437,2024-04-19,0.64101446,-1,FTV
18438,2024-04-29,0.58876497,1,EQIX
18439,2024-04-09,0.55078894,-1,CMI
18440,2024-03-28,0.37591088,-1,LIN
18441,2024-04-01,0.56690943,1,BDX
18442,2024-04-10,0.46531746,-1,DG
18443,2024-04-15,0.5521168,1,SJM
18444,2024-05-06,0.5194026,1,QRVO
18445,2024-05-16,0.447415,-1,BIO
18446,2024-04-08,0.5917209,-1,TROW
18447,2024-04-12,0.5150929,1,PG
18448,2024-04-24,0.48907712,1,ED
18449,2024-05-21,0.5542258,1,EBAY
18450,2024-04-26,0.5415534,-1,INTC
18451,2024-05-21,0.44733602,-1,STE
18452,2024-04-04,0.569727,-1,ADM
18453,2024-04-24,0.5460564,1,VRSK
18454,2024-04-05,0.39946842,-1,CSX
18455,2024-04-05,0.56520563,-1,GRMN
18456,2024-05-09,0.5136026,-1,BAX
18457,2024-05-22,0.50837487,-1,CRM
18458,2024-04-03,0.36563545,1,MTD
18459,2024-05-13,0.50211036,1,VLO
18460,2024-05-17,0.27192417,-1,HUBB
18461,2024-04-29,0.53011054,1,GWW
18462,2024-04-24,0.8319119,-1,TPR
18463,2024-04-02,0.47163954,-1,MA
18464,2024-04-23,0.45495477,-1,PSX
18465,2024-04-16,0.5825949,1,HLT
18466,2024-04-22,0.5146754,1,HPQ
18467,2024-04-05,0.45830837,-1,MSCI
18468,2024-04-29,0.4895595,1,AMAT
18469,2024-05-01,0.21111174,1,VZ
18470,2024-04-03,0.5046354,1,ABNB
18471,2024-04-03,0.39238352,-1,CVS
18472,2024-04-19,0.5938053,-1,MAS
18473,2024-05-23,0.81155264,1,BAX
18474,2024-05-14,0.6479351,1,APD
18475,2024-04-02,0.38339686,-1,GLW
18476,2024-04-17,0.42503995,1,GM
18477,2024-04-23,0.5498522,1,AVY
18478,2024-04-22,0.4658586,1,UHS
18479,2024-05-23,0.3970555,-1,UPS
18480,2024-05-22,0.11082889,1,WST
18481,2024-05-02,0.49068648,1,ZBRA
18482,2024-04-04,0.5099027,-1,CLX
18483,2024-04-18,0.5606562,1,AVGO
18484,2024-05-07,0.47700614,1,BAC
18485,2024-04-05,0.293284,-1,AJG
18486,2024-05-16,0.44055533,-1,VZ
18487,2024-04-05,0.6592363,-1,BKNG
18488,2024-04-16,0.44062606,-1,VRSK
18489,2024-05-22,0.55563885,-1,PAYC
18490,2024-05-23,0.42110494,-1,ORLY
18491,2024-04-29,0.41009218,1,ELV
18492,2024-04-01,0.3160169,1,RMD
18493,2024-04-02,0.6963734,-1,WTW
18494,2024-05-06,0.5028152,1,CTSH
18495,2024-05-10,0.39832315,1,A
18496,2024-04-12,0.4858776,1,EBAY
18497,2024-04-12,0.3592341,1,MKC
18498,2024-04-29,0.5343085,1,HPQ
18499,2024-04-24,0.47019053,1,INVH
18500,2024-04-30,0.57572794,1,STE
18501,2024-03-28,0.4845448,-1,TXN
18502,2024-03-28,0.326589,-1,HST
18503,2024-05-22,0.37612182,-1,ELV
18504,2024-04-16,0.40285304,1,EOG
18505,2024-05-08,0.5743437,1,VICI
18506,2024-05-20,0.46989992,-1,BRO
18507,2024-04-22,0.58583367,-1,MET
18508,2024-04-19,0.3781422,-1,MMM
18509,2024-05-23,0.533329,-1,TRV
18510,2024-04-17,0.43111527,1,EXC
18511,2024-05-16,0.42762426,1,MSFT
18512,2024-05-20,0.60290086,-1,CL
18513,2024-05-21,0.69124806,1,HWM
18514,2024-05-07,0.47236478,-1,HAS
18515,2024-04-12,0.30341256,-1,IP
18516,2024-05-01,0.44310036,1,IPG
18517,2024-05-23,0.4453131,-1,JKHY
18518,2024-04-25,0.5145,1,APTV
18519,2024-04-24,0.488234,1,GE
18520,2024-05-20,0.46608964,1,VST
18521,2024-05-10,0.6157674,1,FICO
18522,2024-05-06,0.5298808,1,DTE
18523,2024-05-16,0.49628344,1,REGN
18524,2024-04-30,0.54332674,1,IEX
18525,2024-05-16,0.4978196,1,WDC
18526,2024-04-02,0.41102648,-1,CVS
18527,2024-05-17,0.5498424,-1,PPG
18528,2024-04-04,0.56171083,-1,CFG
18529,2024-05-13,0.4732354,-1,MKC
18530,2024-04-25,0.18836899,-1,ROP
18531,2024-04-11,0.3710517,-1,GDDY
18532,2024-04-30,0.49110073,-1,GPC
18533,2024-04-17,0.37913603,1,D
18534,2024-04-22,0.46333203,-1,CPAY
18535,2024-05-09,0.33811393,-1,NDSN
18536,2024-05-09,0.6043687,1,LUV
18537,2024-04-17,0.41874087,1,DVA
18538,2024-04-16,0.41431695,1,LOW
18539,2024-04-02,0.5516988,1,RVTY
18540,2024-05-14,0.45851046,-1,AMCR
18541,2024-04-24,0.28535736,-1,GIS
18542,2024-05-09,0.5050659,-1,PARA
18543,2024-04-24,0.2219028,1,CTLT
18544,2024-04-30,0.53324497,1,CARR
18545,2024-04-17,0.604931,-1,CTSH
18546,2024-05-21,0.6132151,-1,LYV
18547,2024-04-16,0.46740383,1,APH
18548,2024-04-03,0.5969592,-1,ICE
18549,2024-05-07,0.5075303,1,APA
18550,2024-04-09,0.5618957,-1,BXP
18551,2024-05-13,0.4563047,1,HON
18552,2024-04-18,0.49715933,1,KKR
18553,2024-05-10,0.049712747,1,PFE
18554,2024-05-17,0.47347224,1,MCHP
18555,2024-05-16,0.47034198,-1,FANG
18556,2024-04-03,0.588626,-1,INCY
18557,2024-04-04,0.4813435,-1,LRCX
18558,2024-05-13,0.45703754,1,MRNA
18559,2024-05-02,0.56618404,1,PHM
18560,2024-04-18,0.45015645,1,INTU
18561,2024-04-12,0.5085308,1,BMY
18562,2024-05-07,0.39062315,1,A
18563,2024-04-08,0.5468106,-1,ATO
18564,2024-04-15,0.32524064,1,ALGN
18565,2024-05-20,0.54408777,-1,MS
18566,2024-05-15,0.5835028,1,IR
18567,2024-04-25,0.45017293,1,ARE
18568,2024-05-15,0.40963873,-1,AMP
18569,2024-05-17,0.34527972,-1,CTRA
18570,2024-04-03,0.4878728,1,VST
18571,2024-04-04,0.4282429,1,JCI
18572,2024-05-01,0.4676038,1,VRSK
18573,2024-05-13,0.50024223,1,BLK
18574,2024-05-01,0.4155478,-1,MKTX
18575,2024-05-13,0.37640682,-1,CCI
18576,2024-05-14,0.5710119,1,CBOE
18577,2024-04-29,0.47520846,1,GILD
18578,2024-05-06,0.4941983,1,GS
18579,2024-04-26,0.55872226,-1,JBL
18580,2024-05-03,0.4833678,1,PFG
18581,2024-04-25,0.5443755,-1,WMT
18582,2024-04-22,0.5252233,1,TER
18583,2024-04-09,0.4857411,-1,NTRS
18584,2024-04-23,0.521669,-1,MET
18585,2024-05-09,0.56555134,-1,DVN
18586,2024-03-28,0.35649237,-1,ANSS
18587,2024-04-16,0.4481042,1,LULU
18588,2024-04-03,0.44283062,1,JBL
18589,2024-04-09,0.6448897,-1,VICI
18590,2024-05-16,0.49628413,-1,KMI
18591,2024-04-05,0.4998797,-1,ISRG
18592,2024-05-15,0.5871741,-1,PTC
18593,2024-03-28,0.47459495,-1,APTV
18594,2024-05-23,0.53593224,1,DUK
18595,2024-04-03,0.6599091,1,CMG
18596,2024-04-08,0.61896825,-1,CRWD
18597,2024-05-10,0.5225166,1,TROW
18598,2024-04-10,0.45974636,-1,CMG
18599,2024-04-02,0.40734792,-1,EVRG
18600,2024-04-05,0.495705,-1,FI
18601,2024-04-12,0.48716646,1,CI
18602,2024-04-22,0.46111664,1,D
18603,2024-05-21,0.61822903,-1,AEE
18604,2024-04-01,0.33768982,1,CPT
18605,2024-04-17,0.6071584,-1,PODD
18606,2024-05-22,0.56718373,-1,C
18607,2024-04-19,0.51834327,1,LDOS
18608,2024-04-12,0.48740324,-1,HUBB
18609,2024-04-03,0.44343495,1,GOOG
18610,2024-05-10,0.58656204,1,ON
18611,2024-05-08,0.44847792,-1,TXT
18612,2024-04-15,0.39479882,1,EQR
18613,2024-05-23,0.4827713,1,DLR
18614,2024-05-14,0.6814049,1,RVTY
18615,2024-04-10,0.52102005,-1,RTX
18616,2024-04-08,0.5230092,-1,CMI
18617,2024-04-04,0.48341385,-1,LVS
18618,2024-04-03,0.43783724,-1,JNJ
18619,2024-05-02,0.49017537,-1,DVN
18620,2024-05-14,0.25964004,1,AFL
18621,2024-05-16,0.5056699,1,RCL
18622,2024-04-04,0.5344236,-1,CINF
18623,2024-04-16,0.4886723,1,ETR
18624,2024-05-03,0.30046615,-1,ADSK
18625,2024-05-07,0.70535535,1,EXPD
18626,2024-04-22,0.7581155,-1,HON
18627,2024-04-09,0.58348894,-1,NI
18628,2024-05-14,0.47823122,-1,PPG
18629,2024-05-16,0.5865881,1,APD
18630,2024-04-18,0.23642634,1,FITB
18631,2024-04-10,0.46394262,1,ORLY
18632,2024-04-02,0.50232357,-1,GPC
18633,2024-05-20,0.42995194,1,AES
18634,2024-05-02,0.49781528,1,WAT
18635,2024-05-02,0.54987115,1,CHD
18636,2024-04-05,0.37280887,-1,MCHP
18637,2024-05-07,0.5363228,1,ETSY
18638,2024-05-16,0.38777262,-1,LNT
18639,2024-05-23,0.32818148,-1,ED
18640,2024-04-22,0.58582896,-1,FITB
18641,2024-04-01,0.4861878,-1,TDY
18642,2024-04-16,0.5860209,1,KEY
18643,2024-04-09,0.6230342,-1,HRL
18644,2024-04-29,0.6405252,1,ROL
18645,2024-04-01,0.6290364,1,HSIC
18646,2024-05-08,0.5556661,1,BX
18647,2024-04-17,0.45715111,1,WYNN
18648,2024-04-09,0.5235476,-1,NUE
18649,2024-05-09,0.5217546,-1,DOV
18650,2024-05-15,0.5764114,-1,JKHY
18651,2024-04-18,0.33505496,1,WAT
18652,2024-05-03,0.49918044,1,NEE
18653,2024-04-17,0.7219568,-1,ULTA
18654,2024-05-21,0.4586857,-1,CAG
18655,2024-05-17,0.5011455,-1,BALL
18656,2024-04-25,0.49448547,-1,MAR
18657,2024-05-16,0.413261,-1,CTLT
18658,2024-03-28,0.4320615,-1,CHRW
18659,2024-05-10,0.29536283,1,UAL
18660,2024-05-07,0.6216155,1,PNR
18661,2024-05-08,0.5283745,1,GM
18662,2024-03-28,0.35599604,1,PSX
18663,2024-05-20,0.3172858,1,ADI
18664,2024-04-02,0.49235243,-1,HWM
18665,2024-05-16,0.4800451,-1,HUM
18666,2024-05-17,0.35755894,-1,CTSH
18667,2024-04-23,0.48473033,-1,GM
18668,2024-04-15,0.41205946,1,D
18669,2024-04-04,0.5639964,-1,SYF
18670,2024-04-02,0.561143,-1,PLD
18671,2024-04-02,0.44460225,-1,CFG
18672,2024-04-24,0.53991276,-1,AME
18673,2024-04-10,0.57784396,-1,IR
18674,2024-05-21,0.5837687,-1,EFX
18675,2024-04-12,0.25209954,1,ES
18676,2024-05-22,0.52306086,-1,HUBB
18677,2024-04-22,0.56159216,-1,TXT
18678,2024-05-06,0.4473844,1,AAL
18679,2024-05-08,0.49929735,1,RCL
18680,2024-05-21,0.6409386,1,T
18681,2024-04-24,0.49254894,-1,NDAQ
18682,2024-05-20,0.5344925,-1,IEX
18683,2024-04-04,0.60413504,-1,MCK
18684,2024-04-12,0.5862167,-1,TFX
18685,2024-05-07,0.56697637,1,TECH
18686,2024-04-04,0.47858083,-1,DOV
18687,2024-05-17,0.70224756,-1,DXCM
18688,2024-04-03,0.35051158,-1,BIO
18689,2024-04-03,0.37417862,1,ALGN
18690,2024-05-15,0.48720255,1,WDC
18691,2024-04-08,0.55645615,-1,VICI
18692,2024-04-22,0.5250191,1,AIG
18693,2024-05-21,0.52747685,1,EMN
18694,2024-04-02,0.49967474,-1,TDY
18695,2024-04-02,0.4632479,-1,ORLY
18696,2024-04-29,0.742235,1,TEL
18697,2024-04-16,0.53054374,1,NDAQ
18698,2024-05-09,0.47678024,-1,LYB
18699,2024-04-17,0.24633998,1,JCI
18700,2024-04-29,0.4484676,1,CEG
18701,2024-05-17,0.56170356,-1,DTE
18702,2024-05-10,0.47299224,1,STE
18703,2024-04-16,0.20316207,1,FFIV
18704,2024-04-30,0.39588827,1,CDW
18705,2024-04-04,0.34703118,-1,ON
18706,2024-04-09,0.621865,-1,PLD
18707,2024-05-17,0.44739467,-1,EQT
18708,2024-04-16,0.50785947,1,TSLA
18709,2024-05-06,0.25316548,-1,PG
18710,2024-03-28,0.46885926,-1,TRMB
18711,2024-05-03,0.43109122,1,VRSN
18712,2024-05-22,0.44427,-1,POOL
18713,2024-04-22,0.5741997,-1,MAS
18714,2024-05-02,0.5056793,1,RL
18715,2024-05-03,0.4362152,1,DOW
18716,2024-05-23,0.39484397,1,MAA
18717,2024-05-15,0.49577034,1,FOXA
18718,2024-04-26,0.43453103,1,GWW
18719,2024-04-16,0.5398338,1,APTV
18720,2024-04-01,0.50170964,-1,V
18721,2024-05-08,0.6282147,-1,WYNN
18722,2024-05-09,0.57855374,1,LNT
18723,2024-04-17,0.6165676,-1,JBL
18724,2024-05-21,0.576228,-1,EXPE
18725,2024-04-15,0.46603486,1,KVUE
18726,2024-05-10,0.45015395,-1,LMT
18727,2024-04-03,0.371093,-1,NVR
18728,2024-05-21,0.43028712,-1,LH
18729,2024-05-02,0.44206774,1,HIG
18730,2024-05-03,0.65395725,1,BA
18731,2024-05-20,0.5159568,-1,ADSK
18732,2024-04-26,0.46493793,1,ICE
18733,2024-04-15,0.48580113,-1,EMR
18734,2024-04-22,0.48198548,-1,KKR
18735,2024-05-22,0.44957593,-1,NOC
18736,2024-04-25,0.48706457,1,ESS
18737,2024-05-01,0.65358734,1,AVY
18738,2024-05-16,0.27438724,1,TDG
18739,2024-04-02,0.5608148,-1,GILD
18740,2024-04-24,0.41301155,-1,EMR
18741,2024-04-17,0.37511763,1,AEP
18742,2024-04-10,0.47234774,-1,MRK
18743,2024-04-12,0.48096207,1,BRO
18744,2024-04-29,0.71311325,1,COO
18745,2024-05-22,0.51870435,-1,KKR
18746,2024-05-01,0.4991858,1,VICI
18747,2024-05-17,0.5086966,1,GE
18748,2024-05-07,0.46488696,1,SWKS
18749,2024-04-23,0.47661427,-1,DXCM
18750,2024-04-16,0.48868623,1,MDT
18751,2024-04-17,0.43410787,1,FFIV
18752,2024-04-08,0.5713374,-1,FTV
18753,2024-05-07,0.4993325,1,QRVO
18754,2024-04-30,0.41357642,1,NUE
18755,2024-04-09,0.5910962,-1,META
18756,2024-04-16,0.5152464,-1,JBHT
18757,2024-05-15,0.64239615,-1,CTSH
18758,2024-05-23,0.3349655,-1,TEL
18759,2024-04-24,0.45900017,1,KKR
18760,2024-04-26,0.52673376,1,INVH
18761,2024-04-04,0.46309373,-1,PEG
18762,2024-05-21,0.5600163,1,UHS
18763,2024-05-02,0.61067456,1,PPG
18764,2024-05-09,0.31442165,1,PEG
18765,2024-05-02,0.4372814,1,GDDY
18766,2024-05-10,0.580547,-1,PSX
18767,2024-05-20,0.47422066,-1,FITB
18768,2024-05-17,0.5841754,-1,AWK
18769,2024-05-01,0.573989,1,MMM
18770,2024-04-10,0.4168815,-1,PFE
18771,2024-05-20,0.43193272,-1,DAL
18772,2024-04-10,0.5936779,-1,SBAC
18773,2024-05-03,0.44949678,-1,CTLT
18774,2024-04-02,0.49728346,-1,FTNT
18775,2024-04-11,0.5202874,-1,GRMN
18776,2024-05-06,0.46929792,1,NWS
18777,2024-04-03,0.731957,-1,DGX
18778,2024-04-09,0.5052388,-1,KLAC
18779,2024-04-10,0.2603224,-1,FICO
18780,2024-05-13,0.69579864,1,REGN
18781,2024-04-02,0.57432055,1,VLTO
18782,2024-04-17,0.4627461,1,PTC
18783,2024-05-06,0.55850875,1,POOL
18784,2024-04-16,0.5154896,-1,LKQ
18785,2024-05-14,0.6770215,1,EW
18786,2024-04-30,0.50072277,1,OKE
18787,2024-05-16,0.4883356,1,HPE
18788,2024-03-28,0.4499722,1,FCX
18789,2024-04-11,0.3246815,-1,EA
18790,2024-03-28,0.39493304,-1,D
18791,2024-05-14,0.44814113,-1,AES
18792,2024-04-17,0.40729848,-1,DG
18793,2024-04-04,0.20392506,-1,NDAQ
18794,2024-05-01,0.49538922,1,WAT
18795,2024-04-17,0.47891906,1,IRM
18796,2024-05-01,0.5985433,1,TDY
18797,2024-04-03,0.47363505,-1,MDLZ
18798,2024-04-16,0.4958251,1,PHM
18799,2024-04-15,0.41121948,1,FI
18800,2024-04-22,0.37033984,-1,MSI
18801,2024-05-22,0.47443587,1,SCHW
18802,2024-05-23,0.34145293,-1,WM
18803,2024-05-02,0.5480197,1,BIO
18804,2024-05-22,0.43780214,1,EXR
18805,2024-05-17,0.436972,-1,HSY
18806,2024-04-25,0.46003133,-1,CVX
18807,2024-04-25,0.4057448,1,CB
18808,2024-04-17,0.40317082,1,SPG
18809,2024-04-05,0.54261386,-1,EQT
18810,2024-05-15,0.53675437,-1,CHD
18811,2024-04-11,0.46661887,1,AMGN
18812,2024-05-02,0.625556,1,HWM
18813,2024-05-01,0.57247436,1,LVS
18814,2024-05-06,0.5086884,1,WRB
18815,2024-04-24,0.37543902,1,DGX
18816,2024-05-20,0.47293293,-1,DE
18817,2024-04-16,0.4077144,1,AJG
18818,2024-03-28,0.53977495,1,HES
18819,2024-04-17,0.45040488,1,DUK
18820,2024-05-21,0.50760716,-1,EOG
18821,2024-04-16,0.47321525,1,UPS
18822,2024-05-07,0.19578367,1,CVX
18823,2024-04-04,0.19833268,-1,AMP
18824,2024-04-30,0.4221322,1,GDDY
18825,2024-05-01,0.36200956,1,TFC
18826,2024-04-26,0.4310985,-1,DFS
18827,2024-04-05,0.47180432,-1,MCK
18828,2024-04-23,0.57310826,1,AJG
18829,2024-05-17,0.3675374,-1,AAL
18830,2024-05-09,0.43531373,-1,EVRG
18831,2024-04-03,0.5585013,1,AXON
18832,2024-04-26,0.35419285,1,ACGL
18833,2024-04-23,0.66873115,-1,BDX
18834,2024-04-10,0.43863064,-1,DHR
18835,2024-04-25,0.35787454,-1,V
18836,2024-05-09,0.4981987,-1,STZ
18837,2024-04-22,0.4929759,-1,ICE
18838,2024-04-04,0.52597904,1,CARR
18839,2024-05-08,0.48989415,-1,VLO
18840,2024-04-22,0.48923904,-1,NDSN
18841,2024-04-24,0.3464685,-1,OKE
18842,2024-04-09,0.62726253,-1,ZTS
18843,2024-05-15,0.5810234,-1,CSGP
18844,2024-04-16,0.5216497,1,NTRS
18845,2024-04-15,0.45422208,-1,IR
18846,2024-05-02,0.47727403,1,LYV
18847,2024-05-16,0.45529336,-1,PPG
18848,2024-04-22,0.45937195,-1,MMC
18849,2024-04-08,0.49342602,-1,COR
18850,2024-04-01,0.3886843,-1,IQV
18851,2024-04-03,0.51621115,-1,C
18852,2024-05-16,0.42313495,-1,VICI
18853,2024-04-25,0.4157859,1,EPAM
18854,2024-04-15,0.5997775,-1,NRG
18855,2024-04-02,0.53551024,-1,JBL
18856,2024-04-16,0.47092375,-1,ANET
18857,2024-05-13,0.58835536,-1,ORLY
18858,2024-05-21,0.53137255,-1,TAP
18859,2024-04-17,0.47287324,1,IQV
18860,2024-05-23,0.5219841,-1,HRL
18861,2024-05-21,0.67611855,1,COST
18862,2024-04-25,0.39592785,1,MTB
18863,2024-05-02,0.51544315,1,USB
18864,2024-05-14,0.4452594,1,T
18865,2024-05-06,0.38926724,-1,DD
18866,2024-04-09,0.55972123,-1,ARE
18867,2024-05-13,0.5535491,1,LYV
18868,2024-04-22,0.41220206,-1,PTC
18869,2024-05-01,0.58141994,1,HSY
18870,2024-04-19,0.6307884,1,CHRW
18871,2024-05-17,0.46952033,-1,MHK
18872,2024-04-30,0.57605726,1,NWS
18873,2024-04-26,0.5247554,-1,CAT
18874,2024-04-17,0.42385438,1,AME
18875,2024-05-09,0.4288306,1,LEN
18876,2024-04-03,0.15467438,-1,WELL
18877,2024-04-24,0.40230882,1,ALB
18878,2024-04-12,0.38211328,-1,CPRT
18879,2024-04-19,0.38785553,-1,RJF
18880,2024-05-21,0.56728154,-1,JBHT
18881,2024-04-05,0.68879724,-1,LULU
18882,2024-05-23,0.5409302,1,HCA
18883,2024-04-10,0.45463607,-1,MPWR
18884,2024-04-23,0.49557632,-1,PHM
18885,2024-05-16,0.43452147,-1,ARE
18886,2024-04-15,0.39559698,1,RCL
18887,2024-05-06,0.42786267,1,DE
18888,2024-05-22,0.558371,-1,ICE
18889,2024-05-23,0.47768953,1,ETSY
18890,2024-04-16,0.82909244,1,RSG
18891,2024-04-29,0.4973734,-1,KR
18892,2024-04-23,0.4709885,-1,D
18893,2024-04-18,0.32185143,1,NTAP
18894,2024-04-02,0.36458233,-1,EL
18895,2024-05-14,0.39295295,1,UNH
18896,2024-05-09,0.4472067,1,MGM
18897,2024-05-23,0.37239462,-1,ITW
18898,2024-05-10,0.46206546,-1,EBAY
18899,2024-04-11,0.20319393,-1,PYPL
18900,2024-05-07,0.59928215,1,IDXX
18901,2024-04-05,0.45418438,-1,BAC
18902,2024-04-10,0.4242188,1,VLTO
18903,2024-04-11,0.5074565,-1,VMC
18904,2024-05-01,0.6108179,1,HUM
18905,2024-04-25,0.54448867,1,ADBE
18906,2024-05-08,0.26016274,-1,TMUS
18907,2024-04-04,0.37673104,-1,DLR
18908,2024-04-19,0.41597342,1,MTD
18909,2024-04-09,0.6425647,-1,FOX
18910,2024-05-09,0.49483088,1,CF
18911,2024-04-23,0.41989884,-1,CDNS
18912,2024-05-20,0.66862786,-1,BDX
18913,2024-04-04,0.4746722,-1,EVRG
18914,2024-04-26,0.7337087,-1,FTV
18915,2024-04-18,0.13608101,1,PNC
18916,2024-04-25,0.46785092,-1,TXT
18917,2024-04-16,0.4761472,1,BIIB
18918,2024-05-09,0.6295973,1,TFC
18919,2024-05-06,0.11222843,1,KO
18920,2024-04-02,0.49115795,1,AMZN
18921,2024-04-29,0.41829082,1,STLD
18922,2024-05-03,0.40829378,1,HLT
18923,2024-05-07,0.42016372,1,KVUE
18924,2024-04-01,0.55466074,1,TXN
18925,2024-04-12,0.4480301,-1,INTC
18926,2024-04-01,0.50100076,1,BWA
18927,2024-05-17,0.41827014,-1,FDX
18928,2024-04-24,0.50559497,-1,EL
18929,2024-05-08,0.48004988,1,MTD
18930,2024-04-09,0.5763617,-1,GOOGL
18931,2024-04-16,0.5907618,1,HIG
18932,2024-05-14,0.4771436,-1,GPC
18933,2024-05-15,0.15933058,1,HPQ
18934,2024-04-05,0.48935497,-1,EMN
18935,2024-04-02,0.505612,1,NEM
18936,2024-04-10,0.21856454,-1,MDT
18937,2024-04-24,0.40610388,-1,NCLH
18938,2024-05-08,0.5226925,1,TRMB
18939,2024-05-16,0.51093584,-1,L
18940,2024-04-16,0.4928229,1,PEP
18941,2024-04-09,0.2507309,-1,ABBV
18942,2024-04-17,0.3055965,1,ECL
18943,2024-04-08,0.4339434,-1,BLDR
18944,2024-05-06,0.61276656,1,KIM
18945,2024-04-04,0.16393976,-1,CSCO
18946,2024-04-04,0.48181853,-1,KMX
18947,2024-05-08,0.5521612,1,CL
18948,2024-05-14,0.47114947,-1,CPAY
18949,2024-04-17,0.40284663,1,BBWI
18950,2024-04-15,0.37042585,1,CDW
18951,2024-05-22,0.56726086,1,ODFL
18952,2024-04-30,0.061823554,1,ATO
18953,2024-04-29,0.49718818,1,EMN
18954,2024-05-22,0.44351062,-1,AZO
18955,2024-05-20,0.51587135,-1,PPL
18956,2024-04-08,0.56403583,-1,AMT
18957,2024-04-17,0.46785173,1,TSN
18958,2024-05-23,0.5810197,-1,CRM
18959,2024-04-29,0.53953105,1,SNA
18960,2024-04-25,0.50228614,1,APH
18961,2024-05-16,0.42475227,1,JCI
18962,2024-04-04,0.4813386,-1,MSI
18963,2024-04-25,0.5339703,1,SHW
18964,2024-04-05,0.4608058,-1,DAL
18965,2024-04-29,0.32224375,1,IT
18966,2024-05-10,0.65305364,1,VRSN
18967,2024-04-02,0.4826911,-1,FFIV
18968,2024-05-21,0.2681258,-1,STX
18969,2024-04-26,0.3564454,-1,HRL
18970,2024-04-12,0.52043664,-1,GEHC
18971,2024-03-28,0.46378696,1,MET
18972,2024-04-26,0.50833505,1,LDOS
18973,2024-04-30,0.4651459,1,K
18974,2024-05-08,0.21346226,1,HPQ
18975,2024-05-22,0.46302548,-1,GPC
18976,2024-04-09,0.42571285,-1,HES
18977,2024-05-08,0.27275056,1,HST
18978,2024-05-03,0.362723,-1,LRCX
18979,2024-04-29,0.50433576,1,CRWD
18980,2024-04-15,0.44293073,-1,RMD
18981,2024-04-24,0.4173068,1,HRL
18982,2024-05-23,0.42666113,1,INVH
18983,2024-05-23,0.69933885,1,XEL
18984,2024-04-15,0.4516745,1,MGM
18985,2024-04-11,0.38374636,-1,ADP
18986,2024-05-14,0.4026855,-1,SYF
18987,2024-04-18,0.42941222,1,ED
18988,2024-05-20,0.6140836,-1,CRL
18989,2024-05-07,0.54068416,-1,CMG
18990,2024-05-20,0.48409584,-1,IT
18991,2024-05-13,0.5011358,-1,F
18992,2024-04-10,0.46545613,-1,A
18993,2024-04-01,0.60166836,1,EXR
18994,2024-05-07,0.512792,-1,CPAY
18995,2024-05-08,0.5078039,1,PTC
18996,2024-05-16,0.51032853,-1,NTRS
18997,2024-05-14,0.4726757,-1,BWA
18998,2024-05-16,0.4692735,1,FOX
18999,2024-05-20,0.5006112,-1,NUE
19000,2024-05-20,0.5473565,-1,BAC
19001,2024-05-08,0.5310964,1,KDP
19002,2024-05-13,0.48131678,1,C
19003,2024-04-17,0.41233677,1,NI
19004,2024-05-15,0.48172057,1,RVTY
19005,2024-05-16,0.61804134,-1,MO
19006,2024-04-18,0.37900633,1,VICI
19007,2024-04-25,0.2298993,-1,OMC
19008,2024-04-11,0.24160221,1,PRU
19009,2024-04-17,0.5085413,1,PAYC
19010,2024-04-29,0.58602697,1,V
19011,2024-04-23,0.42352593,1,VRTX
19012,2024-04-05,0.41186348,-1,EMR
19013,2024-05-08,0.42611656,-1,RSG
19014,2024-05-15,0.51082945,-1,SO
19015,2024-05-20,0.31492275,-1,CPAY
19016,2024-04-23,0.43744442,-1,ARE
19017,2024-04-18,0.45706218,-1,HD
19018,2024-04-23,0.5526718,1,CB
19019,2024-05-16,0.7553974,-1,AZO
19020,2024-03-28,0.42481768,-1,PCAR
19021,2024-05-13,0.7814161,-1,GL
19022,2024-05-06,0.36085322,1,BWA
19023,2024-05-08,0.24121733,1,ISRG
19024,2024-05-15,0.5449392,1,T
19025,2024-05-14,0.57133853,-1,FICO
19026,2024-05-06,0.60778147,1,XEL
19027,2024-05-17,0.57757246,-1,LOW
19028,2024-04-08,0.6949854,-1,CFG
19029,2024-04-17,0.5490792,1,NCLH
19030,2024-04-09,0.6303904,-1,CARR
19031,2024-04-03,0.4939132,1,ZBRA
19032,2024-04-02,0.53554684,1,WDC
19033,2024-05-20,0.47873998,-1,NTRS
19034,2024-05-20,0.46686274,1,MCK
19035,2024-04-26,0.50129104,1,DUK
19036,2024-05-20,0.45568332,-1,PANW
19037,2024-04-02,0.48786077,-1,IR
19038,2024-05-13,0.2269681,-1,CI
19039,2024-04-24,0.38753086,-1,COP
19040,2024-05-07,0.63898236,1,PAYC
19041,2024-04-02,0.78185743,-1,YUM
19042,2024-04-01,0.49314845,1,XEL
19043,2024-04-04,0.44599786,-1,PSX
19044,2024-05-21,0.41660246,-1,VRSN
19045,2024-05-20,0.41277125,-1,PAYX
19046,2024-05-10,0.50604576,-1,CPAY
19047,2024-04-19,0.5167283,1,KHC
19048,2024-05-16,0.5699159,-1,SMCI
19049,2024-04-24,0.23564865,-1,UBER
19050,2024-05-02,0.39003795,-1,WY
19051,2024-04-25,0.4551919,1,EQR
19052,2024-05-06,0.4104552,1,CAT
19053,2024-04-29,0.54825854,1,MS
19054,2024-04-30,0.511527,1,CTVA
19055,2024-04-16,0.5683425,1,CFG
19056,2024-05-21,0.32447138,-1,GD
19057,2024-05-02,0.52312386,1,AFL
19058,2024-04-24,0.44895735,-1,BR
19059,2024-04-02,0.46316278,1,MAA
19060,2024-04-19,0.4637975,1,BSX
19061,2024-04-04,0.3786049,-1,MA
19062,2024-05-10,0.4877799,-1,MRO
19063,2024-04-25,0.3900374,1,FIS
19064,2024-05-07,0.4603402,1,TTWO
19065,2024-05-23,0.40709418,-1,DVN
19066,2024-04-16,0.65235996,1,GRMN
19067,2024-04-25,0.39945495,1,CE
19068,2024-04-29,0.52729475,-1,SMCI
19069,2024-05-06,0.5265598,1,HPE
19070,2024-04-22,0.68073744,-1,PNC
19071,2024-05-20,0.52532583,-1,AJG
19072,2024-04-24,0.42190817,1,EPAM
19073,2024-04-03,0.61576706,1,AMZN
19074,2024-05-10,0.36186907,1,MET
19075,2024-05-10,0.37648752,1,HAL
19076,2024-05-15,0.54047245,1,GWW
19077,2024-04-19,0.5987169,-1,PFE
19078,2024-04-10,0.5423231,-1,KEYS
19079,2024-05-08,0.50690264,-1,LMT
19080,2024-05-13,0.5971517,-1,STZ
19081,2024-04-29,0.49822336,1,GEHC
19082,2024-04-09,0.5249495,-1,BKR
19083,2024-04-01,0.5050406,1,GE
19084,2024-04-11,0.33431175,-1,ENPH
19085,2024-05-08,0.124820344,1,HSY
19086,2024-04-30,0.5240786,1,MOH
19087,2024-05-02,0.42803317,-1,CRL
19088,2024-04-12,0.039912183,1,TMUS
19089,2024-05-02,0.4892723,1,MNST
19090,2024-04-04,0.44321886,-1,PYPL
19091,2024-03-28,0.6121052,1,ESS
19092,2024-05-13,0.5191162,-1,LYB
19093,2024-04-05,0.32746458,-1,FMC
19094,2024-05-20,0.48837733,-1,FI
19095,2024-04-04,0.40161535,-1,PNW
19096,2024-04-24,0.35296816,-1,CBOE
19097,2024-04-26,0.5199092,-1,PH
19098,2024-04-03,0.4340261,1,GEHC
19099,2024-05-17,0.47223866,-1,DPZ
19100,2024-05-17,0.45951372,-1,ROL
19101,2024-04-16,0.3612514,1,NCLH
19102,2024-04-09,0.510016,-1,BALL
19103,2024-04-30,0.47470683,1,ZBRA
19104,2024-04-05,0.6519788,-1,SJM
19105,2024-04-09,0.52878,-1,BLK
19106,2024-04-08,0.40378514,-1,PM
19107,2024-04-03,0.49779207,1,WAB
19108,2024-05-23,0.5740874,-1,DOV
19109,2024-04-16,0.61605483,1,AAL
19110,2024-05-16,0.30889335,-1,ES
19111,2024-05-15,0.49820313,-1,CVX
19112,2024-05-09,0.50056845,1,XYL
19113,2024-05-20,0.31043735,-1,AMP
19114,2024-05-14,0.5496389,-1,AMP
19115,2024-05-13,0.44837937,1,OTIS
19116,2024-04-23,0.29332814,-1,STT
19117,2024-05-23,0.59572047,-1,UBER
19118,2024-05-10,0.4577007,-1,EMR
19119,2024-04-30,0.49618945,1,FTV
19120,2024-04-22,0.45154613,-1,ADP
19121,2024-05-13,0.34579623,1,MMC
19122,2024-05-08,0.5342993,-1,ETN
19123,2024-05-13,0.44490632,1,EQIX
19124,2024-04-25,0.43788186,-1,DAY
19125,2024-05-16,0.48049927,-1,CRL
19126,2024-05-17,0.47508162,1,AMD
19127,2024-04-11,0.40251052,1,NEE
19128,2024-04-12,0.2694924,-1,BBWI
19129,2024-05-01,0.42587483,1,NTAP
19130,2024-05-02,0.7088439,1,GWW
19131,2024-05-02,0.5713112,1,MCHP
19132,2024-04-15,0.5036293,1,GEHC
19133,2024-04-12,0.54643625,1,ELV
19134,2024-05-20,0.4624515,-1,TROW
19135,2024-04-04,0.3840722,-1,ODFL
19136,2024-04-01,0.24584873,-1,TMUS
19137,2024-05-03,0.45571163,1,PCG
19138,2024-04-15,0.40517476,1,K
19139,2024-05-14,0.567429,-1,GM
19140,2024-04-02,0.5844453,1,NRG
19141,2024-04-29,0.49347484,1,MSCI
19142,2024-05-23,0.4484387,-1,EMN
19143,2024-04-11,0.5008599,1,CHD
19144,2024-04-25,0.55167574,-1,DRI
19145,2024-05-20,0.46470025,1,META
19146,2024-05-20,0.432565,-1,RVTY
19147,2024-04-05,0.4358367,-1,UDR
19148,2024-05-14,0.5498845,-1,CPRT
19149,2024-05-07,0.5253402,-1,ED
19150,2024-05-07,0.53034395,-1,ADBE
19151,2024-04-23,0.4855786,1,DOC
19152,2024-04-30,0.4956179,1,MPWR
19153,2024-05-15,0.5527465,-1,MU
19154,2024-04-08,0.5383638,-1,EIX
19155,2024-04-22,0.45640206,-1,SCHW
19156,2024-04-17,0.4667782,-1,LIN
19157,2024-04-01,0.29237902,-1,SBUX
19158,2024-04-01,0.43108618,1,TRGP
19159,2024-04-30,0.35790932,1,JBL
19160,2024-05-01,0.4815481,1,AXP
19161,2024-05-06,0.46990865,1,FIS
19162,2024-05-10,0.29255268,1,VTR
19163,2024-04-05,0.50362706,-1,AXON
19164,2024-05-15,0.49181092,-1,MCO
19165,2024-05-09,0.6635848,1,LKQ
19166,2024-04-16,0.5072206,1,BKNG
19167,2024-04-15,0.39566293,1,XEL
19168,2024-05-06,0.5824453,1,JNJ
19169,2024-04-26,0.4753786,1,DLR
19170,2024-04-29,0.6075865,1,ADSK
19171,2024-05-02,0.4701528,1,FOX
19172,2024-05-16,0.43135506,-1,WST
19173,2024-04-02,0.45296514,-1,STX
19174,2024-05-21,0.46779808,-1,MMM
19175,2024-04-03,0.5808692,-1,MAS
19176,2024-04-04,0.4458536,-1,UNH
19177,2024-04-29,0.47023576,1,HIG
19178,2024-04-29,0.5790672,1,PANW
19179,2024-04-05,0.41682953,-1,ELV
19180,2024-04-23,0.51191187,-1,GDDY
19181,2024-05-22,0.44164792,-1,BLK
19182,2024-05-16,0.35621044,-1,LYB
19183,2024-04-09,0.7232058,-1,CPB
19184,2024-04-11,0.11559297,-1,SWKS
19185,2024-05-16,0.57109565,1,BLDR
19186,2024-04-22,0.5122222,-1,HUBB
19187,2024-05-08,0.46992287,1,TYL
19188,2024-04-29,0.5802316,-1,PAYC
19189,2024-04-17,0.33234382,1,GRMN
19190,2024-05-16,0.649856,-1,INTU
19191,2024-05-22,0.5097126,-1,WAB
19192,2024-04-18,0.27017295,1,TXN
19193,2024-04-03,0.50286686,-1,VMC
19194,2024-05-03,0.6815701,1,MAS
19195,2024-04-25,0.5089403,-1,AON
19196,2024-04-16,0.44085848,-1,NTAP
19197,2024-04-03,0.4314556,-1,SO
19198,2024-05-23,0.56316507,-1,MSCI
19199,2024-05-06,0.31547475,1,MSI
19200,2024-04-23,0.22083955,1,EXC
19201,2024-05-21,0.4466821,1,NRG
19202,2024-04-04,0.56461096,-1,EL
19203,2024-05-23,0.36583236,1,AEP
19204,2024-04-01,0.397834,1,NSC
19205,2024-05-14,0.6976293,-1,F
19206,2024-03-28,0.5554439,-1,SJM
19207,2024-04-30,0.43485838,-1,WTW
19208,2024-05-13,0.5374076,-1,AOS
19209,2024-05-20,0.5425791,-1,KEY
19210,2024-03-28,0.44291475,1,RTX
19211,2024-05-14,0.6131144,1,SPGI
19212,2024-05-15,0.3330259,-1,FDX
19213,2024-04-09,0.5996905,-1,CME
19214,2024-05-23,0.359972,1,LNT
19215,2024-05-02,0.4479197,1,MKC
19216,2024-05-20,0.566727,-1,GLW
19217,2024-04-29,0.57890284,1,PNC
19218,2024-04-26,0.7199021,1,SRE
19219,2024-05-17,0.5327594,-1,MMM
19220,2024-05-14,0.619262,1,AME
19221,2024-04-08,0.4806959,-1,HLT
19222,2024-04-19,0.48327214,-1,ETR
19223,2024-04-18,0.64415056,1,STX
19224,2024-05-14,0.4817832,-1,EXPD
19225,2024-05-20,0.4885771,-1,RCL
19226,2024-04-09,0.5183018,-1,APH
19227,2024-04-26,0.47314465,1,CINF
19228,2024-04-08,0.49088183,-1,ROP
19229,2024-05-15,0.20419446,-1,MMC
19230,2024-04-22,0.5417982,1,CBOE
19231,2024-04-15,0.5033425,-1,PAYC
19232,2024-05-22,0.3877467,1,USB
19233,2024-04-12,0.45047256,1,EXC
19234,2024-05-03,0.69153523,1,BK
19235,2024-05-13,0.54921705,-1,ITW
19236,2024-04-08,0.42962712,-1,BDX
19237,2024-04-26,0.49108735,1,BAC
19238,2024-04-30,0.5176041,1,GE
19239,2024-04-05,0.50844955,-1,EL
19240,2024-05-22,0.62052727,-1,DE
19241,2024-05-22,0.5343251,1,CI
19242,2024-04-10,0.18028392,1,CNC
19243,2024-04-24,0.5299371,1,LLY
19244,2024-04-08,0.6339957,-1,KDP
19245,2024-04-19,0.46286148,1,INVH
19246,2024-04-04,0.499086,-1,CEG
19247,2024-05-23,0.34943476,1,GLW
19248,2024-05-17,0.43266845,-1,COF
19249,2024-04-03,0.49614298,-1,AZO
19250,2024-05-06,0.48427415,-1,DVA
19251,2024-04-03,0.4495013,1,BSX
19252,2024-04-23,0.52523935,-1,CLX
19253,2024-05-06,0.4052326,1,JBHT
19254,2024-05-01,0.4015155,1,SYK
19255,2024-04-02,0.48562926,-1,VMC
19256,2024-05-06,0.36852568,-1,BG
19257,2024-05-03,0.40033334,1,GLW
19258,2024-05-07,0.49659827,1,BLDR
19259,2024-05-14,0.52892745,-1,ALGN
19260,2024-04-16,0.44015068,1,HST
19261,2024-04-05,0.39824837,-1,DXCM
19262,2024-04-19,0.5649269,-1,PFG
19263,2024-04-25,0.41036868,1,EMN
19264,2024-04-26,0.6625041,-1,WBD
19265,2024-05-20,0.5055138,-1,KDP
19266,2024-04-08,0.6276855,-1,ARE
19267,2024-04-02,0.3327094,1,SYF
19268,2024-03-28,0.61963576,-1,AMT
19269,2024-04-05,0.53749126,-1,MTCH
19270,2024-04-17,0.30736527,1,UDR
19271,2024-05-13,0.60487896,-1,QRVO
19272,2024-04-09,0.54799265,-1,O
19273,2024-03-28,0.5320473,-1,MOH
19274,2024-05-06,0.5594389,1,ANSS
19275,2024-05-03,0.35812572,1,GIS
19276,2024-04-04,0.5803166,-1,HES
19277,2024-04-10,0.49807602,-1,EQR
19278,2024-04-23,0.53660613,1,SWK
19279,2024-05-15,0.48380983,-1,ON
19280,2024-05-03,0.33253616,1,LEN
19281,2024-04-03,0.3404281,-1,MO
19282,2024-04-17,0.49019212,1,EG
19283,2024-04-15,0.5339118,-1,IT
19284,2024-04-24,0.4876146,-1,EXPE
19285,2024-04-26,0.12907751,-1,HES
19286,2024-04-17,0.438094,1,CZR
19287,2024-05-17,0.525745,-1,A
19288,2024-04-15,0.5785929,-1,FDS
19289,2024-04-05,0.3021093,-1,CMS
19290,2024-04-16,0.51590264,1,SRE
19291,2024-04-22,0.38928443,-1,GPC
19292,2024-04-08,0.47904304,-1,NXPI
19293,2024-05-17,0.5093949,1,CSX
19294,2024-05-16,0.55385894,1,TMUS
19295,2024-05-23,0.31138068,-1,WAT
19296,2024-04-25,0.74282724,-1,CVS
19297,2024-04-03,0.56124747,-1,AIZ
19298,2024-05-22,0.51195365,1,QCOM
19299,2024-04-25,0.48958045,-1,UAL
19300,2024-04-15,0.48887974,-1,TSLA
19301,2024-05-02,0.40720922,1,LUV
19302,2024-04-30,0.48986557,1,IBM
19303,2024-04-26,0.436234,1,WDC
19304,2024-04-17,0.574106,1,CSGP
19305,2024-04-09,0.54773474,-1,CSX
19306,2024-05-15,0.75771606,1,RTX
19307,2024-05-20,0.5712499,-1,WAT
19308,2024-04-19,0.5007045,1,HD
19309,2024-04-22,0.517126,1,WDC
19310,2024-04-22,0.5524198,1,SYK
19311,2024-05-08,0.30405313,1,NOW
19312,2024-04-15,0.1652474,-1,ETSY
19313,2024-04-05,0.5568009,-1,VTRS
19314,2024-04-05,0.45777696,-1,EW
19315,2024-05-23,0.44922447,1,ESS
19316,2024-05-17,0.4299056,-1,DOC
19317,2024-04-05,0.5755651,-1,ACN
19318,2024-04-01,0.58267957,1,CZR
19319,2024-04-09,0.608109,-1,AFL
19320,2024-04-05,0.54855657,-1,CBRE
19321,2024-04-03,0.5529275,-1,FI
19322,2024-04-05,0.5070586,-1,JNPR
19323,2024-04-16,0.7315531,1,UHS
19324,2024-05-02,0.6887933,-1,DRI
19325,2024-04-29,0.5377809,1,CARR
19326,2024-05-13,0.43596902,1,NEE
19327,2024-04-10,0.51213574,-1,LEN
19328,2024-05-10,0.44537973,-1,POOL
19329,2024-04-11,0.48559108,-1,HWM
19330,2024-04-05,0.4574889,-1,SWKS
19331,2024-04-30,0.45821166,1,TGT
19332,2024-04-19,0.33625698,1,JKHY
19333,2024-04-17,0.44486487,1,AEE
19334,2024-05-02,0.45778257,1,GM
19335,2024-04-19,0.45421576,1,FMC
19336,2024-04-24,0.5375873,1,PFE
19337,2024-04-03,0.5054198,-1,HIG
19338,2024-05-02,0.48456058,1,CMI
19339,2024-05-22,0.48015624,1,DVN
19340,2024-04-18,0.306574,1,NEE
19341,2024-05-10,0.4423468,1,BDX
19342,2024-04-05,0.36789784,-1,DG
19343,2024-05-02,0.5704002,1,FANG
19344,2024-05-23,0.40662104,-1,RVTY
19345,2024-04-09,0.4938862,-1,RCL
19346,2024-05-23,0.6927638,-1,TSN
19347,2024-05-01,0.5954831,1,EVRG
19348,2024-05-21,0.4860899,-1,MOH
19349,2024-05-16,0.4598102,-1,IEX
19350,2024-05-21,0.49645132,-1,DAY
19351,2024-05-09,0.33188936,1,OMC
19352,2024-04-29,0.31696174,1,CL
19353,2024-04-16,0.30990797,1,AES
19354,2024-04-30,0.7179892,1,SNA
19355,2024-04-15,0.5375699,1,BRO
19356,2024-05-17,0.49370396,-1,WELL
19357,2024-05-16,0.38091543,-1,IQV
19358,2024-05-22,0.54876345,-1,NRG
19359,2024-04-26,0.5761822,1,AIG
19360,2024-04-26,0.20038712,-1,BAX
19361,2024-05-08,0.57168055,-1,LVS
19362,2024-04-29,0.54680896,1,PM
19363,2024-05-01,0.5375721,1,ETR
19364,2024-04-01,0.20898156,-1,JPM
19365,2024-05-17,0.46442816,-1,VLO
19366,2024-04-04,0.6479561,1,MCD
19367,2024-05-22,0.4166725,-1,CBOE
19368,2024-04-16,0.42880028,-1,JBL
19369,2024-05-21,0.5172102,-1,UBER
19370,2024-04-30,0.4019233,-1,SBUX
19371,2024-05-07,0.34971833,1,COO
19372,2024-04-12,0.48697534,1,WM
19373,2024-04-19,0.43492892,-1,STT
19374,2024-04-10,0.37968373,-1,MTD
19375,2024-05-17,0.46469682,-1,BLK
19376,2024-05-15,0.5532746,-1,LH
19377,2024-04-03,0.4252811,-1,GPC
19378,2024-05-14,0.5594004,1,QCOM
19379,2024-05-22,0.4413583,1,WTW
19380,2024-05-20,0.650254,1,NWS
19381,2024-04-22,0.54923946,-1,MA
19382,2024-05-15,0.61027384,-1,CME
19383,2024-05-16,0.5438861,-1,BXP
19384,2024-05-08,0.51087105,-1,SHW
19385,2024-03-28,0.5704592,-1,PHM
19386,2024-04-25,0.5147311,1,NXPI
19387,2024-04-18,0.22336337,-1,FE
19388,2024-05-20,0.31925967,1,MSFT
19389,2024-04-19,0.53133005,-1,ABBV
19390,2024-05-23,0.5245671,-1,SHW
19391,2024-04-17,0.2876686,1,CTRA
19392,2024-04-25,0.58731174,-1,UPS
19393,2024-04-03,0.43030313,-1,FTV
19394,2024-04-24,0.42066875,-1,LYB
19395,2024-05-21,0.55096865,-1,WMB
19396,2024-04-23,0.6742289,1,EXR
19397,2024-05-07,0.65549845,1,CBRE
19398,2024-04-30,0.43030894,1,HSIC
19399,2024-05-06,0.568739,1,DOC
19400,2024-05-13,0.50128436,-1,CTVA
19401,2024-05-02,0.67741805,1,MLM
19402,2024-04-22,0.49360797,-1,CVS
19403,2024-04-15,0.46389374,-1,CZR
19404,2024-05-14,0.39666677,-1,IVZ
19405,2024-05-10,0.34919864,-1,GM
19406,2024-05-06,0.4977495,1,EQT
19407,2024-05-20,0.48830158,-1,CBOE
19408,2024-04-12,0.37399882,1,AZO
19409,2024-05-13,0.487747,1,YUM
19410,2024-05-13,0.52584547,1,SCHW
19411,2024-04-23,0.4504993,-1,PAYC
19412,2024-05-03,0.53072536,1,CMI
19413,2024-05-20,0.44810092,-1,NDAQ
19414,2024-04-25,0.3800055,-1,OXY
19415,2024-05-13,0.44397858,1,HSIC
19416,2024-04-30,0.46636605,1,CL
19417,2024-05-10,0.5452059,-1,NDSN
19418,2024-04-30,0.6574586,1,IT
19419,2024-04-26,0.5590417,1,TXN
19420,2024-05-22,0.70347196,-1,ETN
19421,2024-05-15,0.51608276,-1,POOL
19422,2024-04-18,0.55267954,-1,EQIX
19423,2024-05-07,0.35985056,1,GD
19424,2024-04-17,0.44482172,1,EXPE
19425,2024-05-01,0.5641743,1,MTD
19426,2024-04-05,0.48493633,-1,PARA
19427,2024-04-18,0.5130726,1,SBUX
19428,2024-04-08,0.5389404,-1,SBAC
19429,2024-05-03,0.58112717,-1,COF
19430,2024-04-03,0.47353637,-1,SBUX
19431,2024-05-14,0.5455286,-1,VICI
19432,2024-04-03,0.41934255,-1,KR
19433,2024-05-15,0.46676278,-1,IRM
19434,2024-04-25,0.6465716,-1,HII
19435,2024-03-28,0.5202998,-1,EXPD
19436,2024-05-13,0.37340882,-1,JBHT
19437,2024-05-13,0.47862938,-1,ACN
19438,2024-05-14,0.5696707,1,TDG
19439,2024-04-11,0.23751254,1,AFL
19440,2024-04-10,0.5106516,-1,URI
19441,2024-05-09,0.30599108,-1,HUBB
19442,2024-04-30,0.59317094,1,TXN
19443,2024-04-10,0.27896908,1,ATO
19444,2024-05-20,0.5652476,-1,CTVA
19445,2024-04-16,0.49827853,-1,KLAC
19446,2024-04-24,0.40213272,1,FE
19447,2024-05-03,0.54980206,1,JPM
19448,2024-05-10,0.48118404,1,NWS
19449,2024-05-14,0.46026736,1,NOC
19450,2024-05-09,0.4359462,1,HPQ
19451,2024-04-04,0.4664131,-1,FMC
19452,2024-05-06,0.56183666,1,MTB
19453,2024-05-03,0.560054,1,EQR
19454,2024-04-02,0.81728375,-1,GPN
19455,2024-05-09,0.43642417,1,TRGP
19456,2024-04-23,0.41635334,-1,CHD
19457,2024-04-10,0.45070943,-1,BR
19458,2024-04-09,0.52386355,-1,FDX
19459,2024-05-02,0.4570068,1,PG
19460,2024-05-01,0.46225458,1,AOS
19461,2024-04-01,0.41875386,1,UNH
19462,2024-04-29,0.4458576,1,GE
19463,2024-04-25,0.5571764,1,CNC
19464,2024-05-15,0.48733512,-1,MTCH
19465,2024-04-16,0.43257365,-1,EPAM
19466,2024-05-10,0.48778796,1,DXCM
19467,2024-04-26,0.49619916,-1,CMCSA
19468,2024-05-07,0.5585051,1,VMC
19469,2024-05-20,0.42783037,-1,MOS
19470,2024-05-14,0.5164453,-1,RL
19471,2024-04-29,0.56761396,1,MNST
19472,2024-05-03,0.47374284,1,AEE
19473,2024-04-03,0.4751521,-1,DOW
19474,2024-04-23,0.47955686,-1,CAT
19475,2024-04-01,0.36075634,1,AVB
19476,2024-04-10,0.3556937,-1,COO
19477,2024-05-20,0.49360064,-1,HSIC
19478,2024-04-09,0.49060464,-1,IR
19479,2024-04-26,0.72022253,-1,LHX
19480,2024-05-22,0.48458433,1,APTV
19481,2024-04-10,0.62005824,-1,CHTR
19482,2024-04-17,0.38782007,1,LOW
19483,2024-05-08,0.4553381,1,NVR
19484,2024-04-26,0.6633276,-1,F
19485,2024-04-09,0.44164467,-1,HSIC
19486,2024-04-18,0.20388997,-1,AIZ
19487,2024-04-05,0.4372872,-1,MU
19488,2024-05-10,0.6102561,-1,APTV
19489,2024-04-03,0.56616384,-1,CBOE
19490,2024-04-19,0.5838494,1,SWK
19491,2024-04-04,0.25257504,-1,JKHY
19492,2024-04-30,0.433701,1,BA
19493,2024-05-20,0.5330652,-1,CNC
19494,2024-04-05,0.376175,-1,ABBV
19495,2024-04-12,0.41960362,-1,UHS
19496,2024-04-10,0.43764934,-1,WYNN
19497,2024-05-16,0.13331623,-1,IPG
19498,2024-05-20,0.5795132,-1,PTC
19499,2024-05-09,0.52949625,1,DGX
19500,2024-04-25,0.58161026,-1,VRSN
19501,2024-04-25,0.3429817,-1,HAL
19502,2024-05-14,0.5667852,-1,CRL
19503,2024-04-30,0.5078619,1,LUV
19504,2024-04-18,0.012820188,1,BR
19505,2024-05-03,0.42318428,1,IP
19506,2024-04-08,0.43835297,-1,KMX
19507,2024-04-15,0.32277903,-1,MLM
19508,2024-05-13,0.65140796,1,TXN
19509,2024-05-14,0.64553773,-1,TFX
19510,2024-05-03,0.54221714,1,TMO
19511,2024-04-24,0.30346444,-1,DXCM
19512,2024-05-08,0.7027529,1,GLW
19513,2024-05-06,0.55153644,1,UHS
19514,2024-04-17,0.4303056,1,MDLZ
19515,2024-04-10,0.4663906,-1,HIG
19516,2024-05-13,0.5143636,1,AMD
19517,2024-04-09,0.48630175,-1,ECL
19518,2024-05-06,0.4990298,1,ETN
19519,2024-05-23,0.50089383,-1,CAT
19520,2024-04-10,0.08159531,-1,WAT
19521,2024-05-16,0.46904272,1,ROL
19522,2024-04-25,0.4769255,-1,EQIX
19523,2024-05-07,0.5296427,1,MHK
19524,2024-05-09,0.6344467,-1,PPG
19525,2024-04-24,0.63446164,1,SPGI
19526,2024-04-26,0.47742105,-1,EXC
19527,2024-04-05,0.55435145,-1,HRL
19528,2024-04-17,0.47467038,1,STX
19529,2024-05-07,0.4144258,1,MKTX
19530,2024-05-08,0.50330114,1,SCHW
19531,2024-04-18,0.5629727,1,AMD
19532,2024-04-19,0.5704576,1,DIS
19533,2024-04-12,0.41740304,-1,CSGP
19534,2024-04-22,0.39631033,-1,CRM
19535,2024-05-09,0.41968167,1,ADSK
19536,2024-04-01,0.4895415,1,APH
19537,2024-05-09,0.5452743,1,PAYC
19538,2024-05-06,0.5931738,1,ALB
19539,2024-04-05,0.44548315,-1,OKE
19540,2024-05-23,0.34713158,-1,MTD
19541,2024-04-10,0.5488658,-1,ALLE
19542,2024-04-15,0.5296434,-1,BA
19543,2024-04-25,0.47389364,1,NVDA
19544,2024-04-29,0.3872781,1,TJX
19545,2024-05-09,0.4662994,-1,CAH
19546,2024-04-24,0.47772527,1,MTD
19547,2024-05-13,0.3931626,-1,PARA
19548,2024-03-28,0.55479205,-1,CB
19549,2024-04-22,0.6600317,1,MO
19550,2024-04-09,0.554078,-1,MCO
19551,2024-04-17,0.55847037,1,WAB
19552,2024-04-05,0.37539122,-1,ADSK
19553,2024-04-29,0.49094996,1,AMZN
19554,2024-05-02,0.5252134,1,TXN
19555,2024-05-20,0.59851146,-1,ETSY
19556,2024-05-20,0.5588483,1,EXPD
19557,2024-05-14,0.09128543,-1,UHS
19558,2024-05-09,0.5274205,1,CINF
19559,2024-04-04,0.7227652,-1,NWS
19560,2024-05-20,0.5392331,-1,CTLT
19561,2024-05-07,0.5256187,1,STE
19562,2024-04-17,0.40175924,1,GDDY
19563,2024-04-05,0.59213156,-1,SYK
19564,2024-05-17,0.48985294,-1,CTLT
19565,2024-04-19,0.18998209,1,ABNB
19566,2024-04-02,0.46842295,-1,ROST
19567,2024-04-01,0.52125573,-1,BRO
19568,2024-04-04,0.48674124,-1,AAL
19569,2024-04-03,0.5059128,1,TJX
19570,2024-04-29,0.51214033,-1,SYK
19571,2024-04-11,0.4257659,1,EXC
19572,2024-04-30,0.07321936,1,CE
19573,2024-04-23,0.4841829,1,NXPI
19574,2024-04-24,0.43926233,-1,DG
19575,2024-05-13,0.48815477,-1,SPG
19576,2024-05-07,0.49478397,1,AWK
19577,2024-04-11,0.45536014,-1,MA
19578,2024-04-09,0.5060868,-1,UNP
19579,2024-05-03,0.50238866,1,CTSH
19580,2024-04-02,0.4741562,-1,OTIS
19581,2024-04-17,0.45423073,1,PSX
19582,2024-04-10,0.59955955,-1,EQT
19583,2024-05-23,0.55516946,-1,NOW
19584,2024-04-08,0.6159395,-1,LH
19585,2024-04-18,0.37462994,1,DVA
19586,2024-04-05,0.36213216,-1,FRT
19587,2024-05-23,0.3207108,1,O
19588,2024-05-20,0.49127492,-1,XOM
19589,2024-04-04,0.0060572606,-1,MKTX
19590,2024-04-23,0.52355987,-1,AVB
19591,2024-04-03,0.41975132,-1,HUBB
19592,2024-05-06,0.6276836,-1,COR
19593,2024-04-15,0.29932174,-1,NDSN
19594,2024-04-15,0.41144356,1,CF
19595,2024-05-17,0.3758726,-1,WMB
19596,2024-04-15,0.47774985,1,VTRS
19597,2024-05-02,0.40349537,1,MA
19598,2024-05-13,0.5963056,1,JCI
19599,2024-05-14,0.4096068,1,NOW
19600,2024-05-06,0.48761693,1,EBAY
19601,2024-05-03,0.4619364,1,ZBRA
19602,2024-04-29,0.43498203,-1,VLO
19603,2024-05-07,0.4939734,1,SLB
19604,2024-05-06,0.47045243,1,DHR
19605,2024-04-16,0.58286667,-1,TEL
19606,2024-04-10,0.5274601,-1,GWW
19607,2024-05-14,0.48304045,1,GDDY
19608,2024-05-08,0.6740861,1,RVTY
19609,2024-04-24,0.5422226,-1,GEN
19610,2024-05-10,0.6554912,-1,AOS
19611,2024-05-21,0.49223012,-1,WAT
19612,2024-04-25,0.5316604,-1,MU
19613,2024-04-17,0.2887277,1,KLAC
19614,2024-05-06,0.49027282,1,MO
19615,2024-05-13,0.42482397,1,REG
19616,2024-04-08,0.47503182,-1,BG
19617,2024-05-16,0.5653421,-1,KHC
19618,2024-04-25,0.4993594,1,IFF
19619,2024-05-21,0.6291134,-1,TMO
19620,2024-04-17,0.43188277,1,COR
19621,2024-04-03,0.3931324,-1,BAX
19622,2024-05-17,0.4261205,1,AMAT
19623,2024-05-22,0.52922726,1,HII
19624,2024-03-28,0.54175186,1,BKNG
19625,2024-05-02,0.43836266,1,MS
19626,2024-05-13,0.54375064,1,GDDY
19627,2024-04-18,0.5639824,-1,ADP
19628,2024-04-03,0.54187053,1,SYF
19629,2024-04-05,0.37153444,-1,FE
19630,2024-04-03,0.42055482,1,UDR
19631,2024-04-25,0.36481848,1,PPL
19632,2024-04-05,0.50557345,-1,BLK
19633,2024-05-13,0.40172023,-1,T
19634,2024-04-30,0.3283683,1,AES
19635,2024-04-04,0.5930341,-1,PCG
19636,2024-04-30,0.5312707,1,VRSK
19637,2024-05-01,0.3838967,1,CNC
19638,2024-05-02,0.60788673,1,PCG
19639,2024-04-10,0.42532304,-1,NFLX
19640,2024-05-10,0.4686828,-1,WYNN
19641,2024-05-21,0.47650984,-1,LKQ
19642,2024-05-03,0.27693546,1,FE
19643,2024-04-12,0.33246443,1,CNP
19644,2024-05-21,0.38173988,1,EXPD
19645,2024-05-01,0.500964,1,EBAY
19646,2024-05-17,0.24939387,-1,CME
19647,2024-04-02,0.50625306,-1,URI
19648,2024-05-16,0.47125617,-1,RJF
19649,2024-04-02,0.6054368,1,TXT
19650,2024-05-15,0.55942035,1,VRSN
19651,2024-04-19,0.32124737,1,ARE
19652,2024-05-08,0.35803282,1,BIIB
19653,2024-05-13,0.47901246,1,INVH
19654,2024-04-29,0.46974218,1,COST
19655,2024-04-04,0.47208664,-1,FI
19656,2024-04-15,0.38743794,1,EBAY
19657,2024-04-05,0.5382784,-1,SPGI
19658,2024-04-26,0.5629099,1,NXPI
19659,2024-04-15,0.25037152,1,ABNB
19660,2024-04-01,0.48864022,-1,SO
19661,2024-05-09,0.42167595,1,IP
19662,2024-04-17,0.37786222,1,TRV
19663,2024-05-13,0.50907844,1,NXPI
19664,2024-04-23,0.48378086,-1,HIG
19665,2024-05-22,0.481131,1,LNT
19666,2024-04-22,0.7023172,1,TPR
19667,2024-04-03,0.4990646,1,CDNS
19668,2024-04-05,0.27634746,-1,BLDR
19669,2024-04-22,0.41432288,1,DLR
19670,2024-05-09,0.48761296,-1,BG
19671,2024-04-24,0.32282135,-1,PAYX
19672,2024-05-13,0.58091116,1,VRSK
19673,2024-05-23,0.32862148,1,LEN
19674,2024-05-07,0.52703065,1,JNJ
19675,2024-04-10,0.08230073,-1,KO
19676,2024-04-23,0.6456633,-1,HST
19677,2024-05-01,0.3813069,1,BWA
19678,2024-05-22,0.42788923,1,CAH
19679,2024-05-23,0.505654,-1,ALL
19680,2024-04-24,0.6210551,1,LNT
19681,2024-05-16,0.42894483,-1,STE
19682,2024-03-28,0.33204278,1,CARR
19683,2024-04-25,0.39220214,1,WELL
19684,2024-04-02,0.46403578,1,PG
19685,2024-04-05,0.49571472,-1,MKTX
19686,2024-05-10,0.46823257,-1,KR
19687,2024-05-01,0.46238977,1,UPS
19688,2024-04-17,0.53994274,-1,BBY
19689,2024-04-04,0.51038986,-1,TRMB
19690,2024-05-07,0.37249535,-1,PARA
19691,2024-04-12,0.49496463,-1,EXR
19692,2024-04-24,0.3785887,-1,KMX
19693,2024-04-22,0.3487235,-1,MTCH
19694,2024-04-29,0.4583387,1,NRG
19695,2024-05-16,0.53273255,-1,AKAM
19696,2024-04-30,0.44253168,1,EXPD
19697,2024-04-10,0.6153555,-1,AJG
19698,2024-05-16,0.55578864,1,AMD
19699,2024-04-12,0.5504295,-1,ULTA
19700,2024-04-26,0.43905726,1,AIZ
19701,2024-05-14,0.56126344,1,AMAT
19702,2024-05-21,0.2765143,-1,CI
19703,2024-05-21,0.52899104,-1,HUM
19704,2024-04-17,0.35745338,1,GWW
19705,2024-04-19,0.46590352,1,AIG
19706,2024-04-19,0.50634223,1,MO
19707,2024-05-10,0.4118842,1,ESS
19708,2024-05-17,0.48595124,-1,CE
19709,2024-04-10,0.47847018,1,WEC
19710,2024-05-07,0.47058827,1,LHX
19711,2024-05-08,0.48202538,1,PM
19712,2024-05-09,0.5100853,-1,CMG
19713,2024-04-10,0.63911605,-1,DVA
19714,2024-05-03,0.4307737,-1,LYV
19715,2024-04-02,0.4999997,-1,SCHW
19716,2024-04-02,0.61745304,-1,PPG
19717,2024-05-20,0.48803097,-1,EIX
19718,2024-05-13,0.47003582,-1,MAA
19719,2024-03-28,0.59623414,1,BWA
19720,2024-04-23,0.49626625,1,AEP
19721,2024-04-10,0.4973213,-1,CDNS
19722,2024-04-11,0.5200499,-1,NFLX
19723,2024-04-11,0.35946777,-1,NDAQ
19724,2024-04-25,0.5293998,-1,CI
19725,2024-05-07,0.44512627,1,TXN
19726,2024-05-17,0.5628891,-1,GPC
19727,2024-04-11,0.51056856,-1,XOM
19728,2024-05-10,0.45141074,1,CHRW
19729,2024-04-24,0.43947554,-1,TEL
19730,2024-05-10,0.6014443,1,HII
19731,2024-04-04,0.53336054,-1,ADSK
19732,2024-04-26,0.65535057,1,KKR
19733,2024-04-16,0.4562856,-1,CDNS
19734,2024-04-01,0.420787,1,SNA
19735,2024-03-28,0.5719922,-1,CCI
19736,2024-05-20,0.31114638,-1,HIG
19737,2024-05-07,0.66860145,1,CVS
19738,2024-05-23,0.30578187,-1,STT
19739,2024-04-30,0.5350253,1,BALL
19740,2024-04-26,0.6393562,1,USB
19741,2024-05-13,0.2970656,1,LW
19742,2024-04-22,0.55180967,-1,DD
19743,2024-04-11,0.5865836,-1,WAB
19744,2024-04-17,0.78038293,-1,WBD
19745,2024-05-08,0.4467382,-1,ED
19746,2024-05-07,0.47578055,1,ULTA
19747,2024-04-12,0.46979967,-1,NEM
19748,2024-05-02,0.6300349,1,MCD
19749,2024-05-03,0.584917,1,FOXA
19750,2024-05-16,0.31495,-1,CLX
19751,2024-04-05,0.5168192,-1,TT
19752,2024-04-26,0.5279169,-1,EXPE
19753,2024-05-16,0.38466203,-1,CSGP
19754,2024-05-13,0.5344411,1,ZTS
19755,2024-05-08,0.48289675,1,APH
19756,2024-04-24,0.4031513,1,GLW
19757,2024-05-10,0.5943855,1,FTV
19758,2024-05-20,0.4561711,-1,AON
19759,2024-05-14,0.389299,-1,PFG
19760,2024-05-23,0.562737,-1,AMD
19761,2024-04-10,0.5525388,-1,PCAR
19762,2024-03-28,0.5056281,1,NUE
19763,2024-05-23,0.36562803,-1,AKAM
19764,2024-04-18,0.4184869,1,MRNA
19765,2024-04-01,0.47642908,-1,TRV
19766,2024-04-15,0.45321858,1,MRK
19767,2024-04-23,0.5787823,1,MDT
19768,2024-05-21,0.5715007,-1,JKHY
19769,2024-05-08,0.3870283,-1,NCLH
19770,2024-05-14,0.59284025,1,JBL
19771,2024-05-01,0.5136331,1,LYV
19772,2024-04-09,0.29399046,-1,ZBH
19773,2024-04-15,0.49413177,1,MTB
19774,2024-04-01,0.49827772,-1,CPRT
19775,2024-04-02,0.48010835,-1,ARE
19776,2024-04-25,0.44094718,1,NDAQ
19777,2024-04-12,0.4804539,-1,EMN
19778,2024-04-15,0.4729215,1,AIG
19779,2024-04-17,0.42666572,1,OXY
19780,2024-04-10,0.5376085,-1,MTCH
19781,2024-04-29,0.50287706,1,PODD
19782,2024-05-23,0.44286072,1,BWA
19783,2024-04-05,0.48107192,-1,SHW
19784,2024-04-03,0.33236635,-1,DTE
19785,2024-04-16,0.6515398,1,ADP
19786,2024-04-12,0.5562365,1,ECL
19787,2024-04-23,0.55735403,-1,EL
19788,2024-05-21,0.56593335,-1,BIO
19789,2024-04-12,0.08420531,-1,MPWR
19790,2024-05-17,0.34788284,-1,O
19791,2024-05-17,0.45362058,-1,CMS
19792,2024-04-01,0.5183098,-1,ETN
19793,2024-05-17,0.5375818,-1,FFIV
19794,2024-04-26,0.61272115,1,AVB
19795,2024-04-26,0.51374876,1,LUV
19796,2024-05-02,0.44558397,1,XYL
19797,2024-05-23,0.43618438,-1,MTB
19798,2024-05-13,0.40713573,1,XOM
19799,2024-04-15,0.41537672,1,TMO
19800,2024-04-12,0.468348,-1,MU
19801,2024-05-14,0.4763792,-1,BXP
19802,2024-05-02,0.45546022,-1,MPC
19803,2024-04-02,0.493194,-1,JPM
19804,2024-04-25,0.38302895,1,DPZ
19805,2024-05-13,0.52650815,1,MSCI
19806,2024-05-13,0.55262065,1,GRMN
19807,2024-04-16,0.32713622,1,DGX
19808,2024-05-08,0.60689294,1,ZTS
19809,2024-05-15,0.6070557,-1,GILD
19810,2024-05-07,0.5262681,1,GWW
19811,2024-05-09,0.59731513,-1,BWA
19812,2024-04-08,0.41178477,-1,MNST
19813,2024-04-17,0.44832823,1,WY
19814,2024-04-15,0.36446843,1,MS
19815,2024-04-18,0.3348042,1,EFX
19816,2024-04-08,0.49394634,-1,CF
19817,2024-05-17,0.4857235,-1,MKC
19818,2024-04-03,0.52259123,-1,EG
19819,2024-05-08,0.44772735,1,MA
19820,2024-05-09,0.52582616,1,GM
19821,2024-04-19,0.4100022,-1,AEE
19822,2024-04-15,0.6622152,1,ES
19823,2024-04-26,0.52997947,-1,LYB
19824,2024-04-22,0.41238523,1,MAA
19825,2024-04-22,0.65795016,-1,ANSS
19826,2024-05-16,0.6280618,-1,ADM
19827,2024-04-24,0.5319551,1,MPWR
19828,2024-05-08,0.46039298,1,CINF
19829,2024-05-07,0.46039698,-1,JNPR
19830,2024-05-23,0.4941311,-1,DE
19831,2024-04-22,0.39248988,-1,XOM
19832,2024-05-01,0.14819434,1,GNRC
19833,2024-05-09,0.601441,1,PG
19834,2024-04-04,0.15540843,-1,BR
19835,2024-04-23,0.56937045,1,BA
19836,2024-04-01,0.5208655,-1,FTNT
19837,2024-04-15,0.5332965,1,IEX
19838,2024-04-04,0.39608344,-1,UAL
19839,2024-05-17,0.43778104,-1,PNW
19840,2024-04-12,0.43292248,-1,VST
19841,2024-04-01,0.5388963,-1,WM
19842,2024-04-10,0.38139957,-1,PKG
19843,2024-04-10,0.41893622,-1,CVS
19844,2024-04-23,0.33551764,1,NOC
19845,2024-04-23,0.49800244,-1,QRVO
19846,2024-05-07,0.57454705,1,FDS
19847,2024-05-01,0.5130939,1,DOC
19848,2024-04-02,0.43422675,-1,BRO
19849,2024-04-16,0.32986397,1,PCG
19850,2024-05-13,0.5348783,1,GOOG
19851,2024-05-20,0.4695783,1,CHRW
19852,2024-05-07,0.5944535,1,NFLX
19853,2024-05-15,0.37907574,1,FSLR
19854,2024-05-22,0.41023982,1,NI
19855,2024-04-25,0.48195758,1,AXON
19856,2024-05-20,0.57100266,-1,ARE
19857,2024-05-08,0.4059104,-1,WEC
19858,2024-04-18,0.52649945,1,PANW
19859,2024-05-14,0.62642866,1,CCL
19860,2024-04-01,0.30463195,1,TECH
19861,2024-04-17,0.265295,1,PAYX
19862,2024-04-12,0.5049064,-1,NFLX
19863,2024-05-09,0.5413082,-1,CL
19864,2024-05-08,0.43436047,1,JKHY
19865,2024-05-13,0.64572376,1,CINF
19866,2024-03-28,0.53388655,-1,EFX
19867,2024-05-01,0.4398974,1,PNR
19868,2024-05-08,0.37733877,1,NTAP
19869,2024-04-04,0.39948913,-1,CSX
19870,2024-04-23,0.37810805,1,ED
19871,2024-05-03,0.46347263,-1,DVN
19872,2024-04-10,0.4964641,-1,NRG
19873,2024-05-17,0.60612524,-1,EXPE
19874,2024-04-03,0.63320506,-1,F
19875,2024-04-09,0.4605741,-1,RMD
19876,2024-05-02,0.63923556,1,LRCX
19877,2024-05-14,0.6258083,-1,WYNN
19878,2024-05-08,0.45029876,-1,HAS
19879,2024-05-09,0.4058663,1,APA
19880,2024-04-23,0.57998765,-1,BKNG
19881,2024-04-22,0.5382973,1,VTRS
19882,2024-05-07,0.5000296,1,CF
19883,2024-04-15,0.49126777,1,SWK
19884,2024-04-05,0.47313747,-1,AMZN
19885,2024-04-10,0.47019476,-1,TROW
19886,2024-05-14,0.43168172,-1,COP
19887,2024-05-22,0.71072495,-1,AMGN
19888,2024-05-15,0.61689866,-1,ODFL
19889,2024-04-18,0.4559426,1,SO
19890,2024-04-16,0.48757267,1,URI
19891,2024-05-13,0.27968267,-1,FOXA
19892,2024-04-01,0.53968525,-1,EA
19893,2024-04-22,0.49392077,-1,BMY
19894,2024-05-22,0.5407511,-1,CRWD
19895,2024-04-15,0.36335522,1,BAX
19896,2024-04-05,0.3824877,-1,T
19897,2024-03-28,0.6981635,1,AVB
19898,2024-05-07,0.42660195,1,MAR
19899,2024-05-15,0.4677572,-1,CTRA
19900,2024-04-16,0.50271523,1,SBAC
19901,2024-05-06,0.21440925,1,AES
19902,2024-05-21,0.4174733,-1,EG
19903,2024-04-25,0.49905097,1,PSA
19904,2024-05-17,0.5772246,1,MOS
19905,2024-05-20,0.50704575,-1,DOC
19906,2024-04-02,0.48338854,-1,EFX
19907,2024-05-15,0.4941128,-1,BSX
19908,2024-05-06,0.5707731,1,LW
19909,2024-04-04,0.6367641,-1,JBL
19910,2024-03-28,0.13752735,-1,T
19911,2024-04-09,0.37263724,-1,MKTX
19912,2024-04-12,0.5597982,1,BXP
19913,2024-05-09,0.50611055,1,BALL
19914,2024-04-29,0.5338597,1,GL
19915,2024-05-09,0.58127093,1,RCL
19916,2024-05-23,0.40414873,1,SCHW
19917,2024-05-01,0.6110305,1,LLY
19918,2024-05-21,0.5002657,-1,WTW
19919,2024-04-23,0.50957835,-1,STX
